Date,AAPL,BX,CAT,CVX,JNJ,JPM,KO,MSFT,NVDA,PFE,PG,XOM
2016-01-04,23.688669204711914,17.7337646484375,52.89183044433594,56.34990310668945,74.96781158447266,48.184059143066406,30.374731063842773,47.68096160888672,0.787744402885437,18.728500366210938,58.23109436035156,49.002323150634766
2016-01-05,23.095048904418945,17.23758316040039,52.33949279785156,56.83191680908203,75.28115844726562,48.26737976074219,30.48218536376953,47.89849090576172,0.8003990650177002,18.863317489624023,58.41685485839844,49.41986083984375
2016-01-06,22.643091201782227,16.716915130615234,51.51487731933594,54.5867919921875,74.90066528320312,47.57059860229492,30.317419052124023,47.02840042114258,0.767302393913269,18.529197692871094,57.852149963378906,49.00864028930664
2016-01-07,21.68744659423828,16.159469604492188,49.74118423461914,52.652435302734375,74.02774810791016,45.64686965942383,29.815933227539062,45.39262390136719,0.7368829250335693,18.40610122680664,57.34689712524414,48.22419738769531
2016-01-08,21.8021240234375,15.620417594909668,49.23552703857422,52.08799362182617,73.23686218261719,44.62441635131836,29.737136840820312,45.53184509277344,0.7210648655891418,18.1716251373291,56.44783020019531,47.24998474121094
2016-01-11,22.155155181884766,15.099735260009766,47.81969451904297,51.225460052490234,72.79666900634766,44.556270599365234,29.787282943725586,45.505733489990234,0.7222815752029419,18.212656021118164,56.967952728271484,46.61735534667969
2016-01-12,22.47669219970703,15.418262481689453,47.920814514160156,52.10068893432617,73.29655456542969,44.65471267700195,30.17414093017578,45.923370361328125,0.7344494462013245,18.1716251373291,56.84908676147461,47.572608947753906
2016-01-13,21.89881706237793,14.977225303649902,47.368473052978516,51.58061981201172,72.38630676269531,43.42776870727539,29.9807186126709,44.93147277832031,0.7120607495307922,17.80233383178711,56.358673095703125,47.85729217529297
2016-01-14,22.37775993347168,15.706174850463867,48.44203186035156,54.20627212524414,73.78150939941406,44.079105377197266,30.0021915435791,46.21052169799805,0.6977027654647827,18.236103057861328,56.581565856933594,50.052459716796875
2016-01-15,21.840349197387695,15.044604301452637,47.15812301635742,53.064693450927734,72.37139129638672,43.20055389404297,29.729970932006836,44.36591720581055,0.6597388982772827,18.060256958007812,55.71223449707031,49.078224182128906
2016-01-19,21.734670639038086,14.707693099975586,46.49646759033203,51.69478225708008,72.74443817138672,43.177833557128906,30.030851364135742,43.99177932739258,0.6650927662849426,17.98990821838379,57.012542724609375,48.33173370361328
2016-01-20,21.76390266418457,14.548428535461426,46.32318115234375,50.090206146240234,71.43878936767578,42.041778564453125,29.644004821777344,44.191898345947266,0.6687432527542114,17.97232437133789,56.83489227294922,46.29472732543945
2016-01-21,21.653722763061523,14.799574851989746,47.01633834838867,51.403053283691406,71.58055877685547,41.844852447509766,29.651172637939453,43.92216491699219,0.6765304803848267,17.925426483154297,57.50194549560547,46.87674331665039
2016-01-22,22.80498695373535,16.055330276489258,48.03243637084961,52.982242584228516,72.18486785888672,43.13239288330078,30.131149291992188,45.49702453613281,0.6923489570617676,18.001632690429688,57.98163604736328,48.43928527832031
2016-01-25,22.359769821166992,15.332509994506836,45.61427688598633,51.30155944824219,71.92375183105469,42.1553840637207,30.202791213989258,45.06197738647461,0.6916185021400452,17.8785400390625,57.59940719604492,46.80082702636719
2016-01-26,22.483436584472656,16.104345321655273,46.598873138427734,53.350074768066406,75.49009704589844,43.23085403442383,30.145479202270508,45.39262390136719,0.6984326839447021,17.978185653686523,59.06842803955078,48.52152633666992
2016-01-27,21.006126403808594,15.681676864624023,45.937225341796875,52.82367706298828,76.22124481201172,43.20055389404297,30.15265464782715,44.5660400390625,0.6901586055755615,17.8902587890625,59.0609245300293,47.62955856323242
2016-01-28,21.156780242919922,15.387642860412598,48.11122131347656,54.491641998291016,76.30330657958984,43.382328033447266,30.496511459350586,45.29691696166992,0.6826143264770508,17.702680587768555,59.825408935546875,48.704994201660156
2016-01-29,21.8875732421875,16.092090606689453,49.02490997314453,54.840492248535156,77.92237854003906,45.063690185546875,30.74724578857422,47.93328857421875,0.7127909064292908,17.872676849365234,61.22698974609375,49.24903869628906
2016-02-01,21.682947158813477,16.765914916992188,49.38722610473633,54.09211730957031,77.87013244628906,44.578975677490234,30.80455780029297,47.6026496887207,0.7130340933799744,17.685096740722656,60.79978561401367,48.26216506958008
2016-02-02,21.24448585510254,16.159469604492188,47.78826904296875,51.52354049682617,77.15388488769531,43.19297409057617,30.403379440307617,46.11479949951172,0.682857871055603,17.667516708374023,60.12522888183594,47.18671417236328
2016-02-03,21.664958953857422,16.214603424072266,49.83622360229492,53.667179107666016,77.6985092163086,43.480777740478516,30.603979110717773,45.38392639160156,0.6862648725509644,17.566856384277344,60.78476333618164,49.647586822509766
2016-02-04,21.83903694152832,16.521839141845703,51.95507049560547,53.77501678466797,77.51943969726562,44.23058319091797,30.467853546142578,45.24470138549805,0.6865082383155823,17.170167922973633,60.484989166259766,50.50162887573242
2016-02-05,21.25575828552246,16.597087860107422,52.081092834472656,52.56364440917969,75.0125961303711,43.73828125,30.403379440307617,43.64374542236328,0.6431906223297119,17.18792724609375,60.85973358154297,50.65977478027344
2016-02-08,21.479578018188477,15.324238777160645,50.868072509765625,54.536048889160156,76.10187530517578,42.82188034057617,30.553815841674805,42.99116516113281,0.6137447357177734,16.909658432006836,61.924049377441406,51.3430061340332
2016-02-09,21.475053787231445,15.336783409118652,50.356082916259766,52.58903503417969,76.07948303222656,42.56436538696289,31.019466400146484,42.87805938720703,0.6203153729438782,17.2293758392334,61.939022064208984,51.119571685791016
2016-02-10,21.312280654907227,15.361865043640137,48.946144104003906,52.66512680053711,75.90044403076172,42.049346923828125,30.48218536376953,43.2522087097168,0.6188552975654602,17.460281372070312,61.17452621459961,50.653568267822266
2016-02-11,21.183420181274414,14.433878898620605,48.371131896972656,52.63341522216797,75.87803649902344,40.193790435791016,30.381885528564453,43.23479461669922,0.6156916618347168,17.247135162353516,59.8853645324707,50.813148498535156
2016-02-12,21.248977661132812,15.443375587463379,49.74169158935547,54.1809196472168,75.96758270263672,43.5413703918457,30.88334846496582,43.9395751953125,0.6261558532714844,17.383310317993164,60.70235824584961,51.72602462768555
2016-02-16,21.84808349609375,16.283571243286133,51.36429977416992,54.469905853271484,76.34060668945312,44.19271469116211,31.062450408935547,44.7720832824707,0.656818687915802,17.64974594116211,61.06208801269531,51.8472785949707
2016-02-17,22.182674407958984,16.697397232055664,52.97904968261719,56.71783447265625,76.47493743896484,44.51081085205078,31.15558433532715,45.9376335144043,0.6731236577033997,17.543167114257812,61.796627044677734,52.34520721435547
2016-02-18,21.76217269897461,16.597087860107422,52.081092834472656,55.70307540893555,77.77313995361328,43.78373718261719,31.24155044555664,45.73606872558594,0.731042206287384,17.495807647705078,61.444332122802734,52.632476806640625
2016-02-19,21.712430953979492,16.220876693725586,51.52973175048828,55.55533981323242,78.27666473388672,43.79130172729492,31.356164932250977,45.41181945800781,0.740776777267456,17.460281372070312,61.301944732666016,52.664405822753906
2016-02-22,21.902341842651367,16.722488403320312,53.018428802490234,57.04538345336914,78.72003173828125,44.35932922363281,31.477947235107422,46.1391716003418,0.7670589685440063,17.79184341430664,61.556766510009766,52.59416961669922
2016-02-23,21.4072322845459,16.139362335205078,51.81328582763672,54.53415298461914,78.2165298461914,42.503780364990234,31.298860549926758,44.8509521484375,0.7690058946609497,17.738555908203125,61.31693649291992,51.85367202758789
2016-02-24,21.726003646850586,16.13309669494629,51.89204788208008,54.765357971191406,78.87784576416016,42.51891326904297,31.456457138061523,45.008705139160156,0.774359941482544,17.77408218383789,61.12954330444336,52.03879165649414
2016-02-25,21.875207901000977,15.976335525512695,52.356773376464844,54.784637451171875,79.94498443603516,43.177833557128906,31.63555145263672,45.65719985961914,0.7760632634162903,18.1115665435791,61.71417999267578,52.35161209106445
2016-02-26,21.909116744995117,16.057849884033203,52.67185974121094,54.17447280883789,79.49407958984375,43.57924270629883,30.904855728149414,44.95613098144531,0.7709527015686035,17.89841651916504,60.78476333618164,52.18562316894531
2016-02-29,21.85938262939453,16.283571243286133,53.32563400268555,53.59004211425781,79.06571197509766,42.640098571777344,30.89767837524414,44.58806228637695,0.7659457921981812,17.566856384277344,60.17766571044922,51.16425323486328
2016-03-01,22.72752571105957,16.960750579833984,54.42047882080078,55.31769561767578,80.57625579833984,44.83647155761719,31.298860549926758,46.077823638916016,0.799895703792572,17.78592872619629,60.8822135925293,51.885597229003906
2016-03-02,22.777257919311523,17.606569290161133,54.6489143371582,55.96637725830078,80.44097137451172,45.26060104370117,31.356164932250977,46.40208435058594,0.8045363426208496,17.750398635864258,61.8715705871582,52.79206085205078
2016-03-03,22.946821212768555,17.895004272460938,56.51570129394531,56.21687698364258,80.14790344238281,45.412086486816406,31.492277145385742,45.876277923583984,0.7974532246589661,17.697113037109375,62.088897705078125,52.600563049316406
2016-03-04,23.28819465637207,18.227319717407227,57.37425994873047,56.4737663269043,80.03515625,45.48024368286133,31.599729537963867,45.595855712890625,0.7950107455253601,17.590543746948242,62.57609176635742,52.530338287353516
2016-03-07,23.030466079711914,18.221052169799805,58.894466400146484,58.23355484008789,80.21550750732422,45.396934509277344,31.52810287475586,44.719505310058594,0.7898815274238586,17.637903213500977,62.28379440307617,53.91557693481445
2016-03-08,22.840557098388672,17.71316909790039,56.499961853027344,56.99399185180664,79.82472229003906,44.518394470214844,31.75018882751465,45.262855529785156,0.7754711508750916,17.383310317993164,62.25381088256836,52.747398376464844
2016-03-09,22.860912322998047,17.318153381347656,56.6102294921875,59.61440658569336,80.29067993164062,44.77587890625,32.10120391845703,46.30569076538086,0.7749828100204468,17.608304977416992,62.17885971069336,52.600563049316406
2016-03-10,22.872209548950195,17.161396026611328,56.20850372314453,60.33372116088867,80.51612091064453,44.389625549316406,32.40209197998047,45.61336898803711,0.7737615704536438,17.51949119567871,61.66917419433594,52.460121154785156
2016-03-11,23.118640899658203,17.25544548034668,57.34276580810547,60.74477767944336,80.94448852539062,44.9425048828125,32.633121490478516,46.50724411010742,0.7869506478309631,18.058279037475586,61.271968841552734,52.46651077270508
2016-03-14,23.17741584777832,17.12377166748047,57.28763198852539,60.53926467895508,80.90691375732422,44.77587890625,32.69809341430664,46.59487533569336,0.7889046669006348,17.82144546508789,60.83724594116211,52.60694885253906
2016-03-15,23.64313507080078,16.97956657409668,57.0592041015625,60.54566955566406,80.98204040527344,44.83647155761719,32.6619873046875,46.962947845458984,0.7849968075752258,17.489887237548828,60.942176818847656,52.86865234375
2016-03-16,23.957374572753906,17.412200927734375,58.5557746887207,61.27142333984375,80.71903991699219,44.62441635131836,32.52482986450195,47.62894058227539,0.8084441423416138,17.193845748901367,60.964656829833984,52.900577545166016
2016-03-17,23.9189453125,17.669281005859375,59.78456497192383,62.228397369384766,80.21550750732422,44.49565124511719,33.04464340209961,47.90061569213867,0.801605224609375,17.37147331237793,62.021480560302734,53.68574523925781
2016-03-18,23.946083068847656,17.550142288208008,59.44585418701172,62.74219512939453,80.78666687011719,45.805912017822266,32.92190933227539,46.875301361083984,0.8257852792739868,17.436601638793945,62.32125473022461,53.74958419799805
2016-03-21,23.94382095336914,17.568954467773438,59.77667999267578,61.93938064575195,80.621337890625,45.790775299072266,32.972442626953125,47.199546813964844,0.8282278180122375,17.80368995666504,62.44867706298828,53.379337310791016
2016-03-22,24.12693977355957,17.431007385253906,59.50885772705078,61.33565902709961,80.69649505615234,45.624149322509766,32.849708557128906,47.38359069824219,0.8267621994018555,17.987228393554688,62.01395797729492,53.69852066040039
2016-03-23,23.99355125427246,16.904319763183594,58.03592300415039,60.108951568603516,81.53816986083984,45.396934509277344,32.82085037231445,47.29594421386719,0.8409284949302673,17.87473487854004,62.07392120361328,53.462337493896484
2016-03-24,23.889554977416992,16.584545135498047,59.30406951904297,60.918174743652344,81.39537048339844,45.04853439331055,32.907470703125,47.50626754760742,0.8421496152877808,17.809602737426758,62.12637710571289,53.609161376953125
2016-03-28,23.781044006347656,16.496763229370117,59.327720642089844,60.80902099609375,81.33525848388672,44.98794174194336,33.066307067871094,46.91912841796875,0.8506981730461121,17.631980895996094,61.924049377441406,53.76237869262695
2016-03-29,24.343975067138672,17.293071746826172,59.8712158203125,61.22005844116211,82.01911926269531,44.70771789550781,33.5572395324707,47.94443893432617,0.8643757104873657,17.79184341430664,62.05894088745117,53.96026611328125
2016-03-30,24.768997192382812,17.518796920776367,60.265045166015625,61.17510223388672,81.8989028930664,45.22273254394531,33.62943649291992,48.24239730834961,0.8734127879142761,17.80368995666504,61.968997955322266,53.95386505126953
2016-03-31,24.64013671875,17.5877628326416,60.28868865966797,61.27142333984375,81.3127212524414,44.85162353515625,33.49226760864258,48.40012741088867,0.8702375292778015,17.549095153808594,61.69167709350586,53.360191345214844
2016-04-01,24.866209030151367,17.637924194335938,60.485599517822266,60.53926467895508,82.05670928955078,45.34391403198242,33.8099365234375,48.69808578491211,0.8829383254051208,17.78592872619629,62.60609436035156,52.95802688598633
2016-04-04,25.12167739868164,17.180206298828125,59.64278030395508,60.00617599487305,81.60581970214844,45.168426513671875,33.853248596191406,48.575401306152344,0.8743897676467896,18.18853187561035,62.36623001098633,53.08570861816406
2016-04-05,24.825511932373047,17.142587661743164,59.26466751098633,59.51807403564453,81.87635803222656,44.527523040771484,33.59334182739258,47.812992095947266,0.8731683492660522,18.56746482849121,62.32875442504883,52.4792594909668
2016-04-06,25.085506439208984,17.299346923828125,59.24894332885742,60.91176986694336,82.22957611083984,44.870887756347656,33.72330856323242,48.30373764038086,0.8743897676467896,19.49702262878418,62.81595993041992,53.18145751953125
2016-04-07,24.538400650024414,16.86669921875,58.421875,60.87965393066406,82.1168212890625,43.73403549194336,33.470611572265625,47.7253532409668,0.8653530478477478,19.3963680267334,62.38871765136719,52.5814094543457
2016-04-08,24.565534591674805,16.722488403320312,58.563663482666016,61.86873245239258,81.98907470703125,44.05448532104492,33.838809967041016,47.69029235839844,0.8709702491760254,19.242427825927734,62.35871887207031,53.11762619018555
2016-04-11,24.64691734313965,16.63470458984375,58.78419494628906,61.16868591308594,81.8913803100586,44.40544891357422,33.528358459472656,47.593902587890625,0.8763436079025269,18.881258010864258,62.00649642944336,53.18782424926758
2016-04-12,24.96794319152832,17.03598976135254,59.94209671020508,62.62662887573242,82.36483001708984,45.22947692871094,33.67997741699219,47.89186477661133,0.875366747379303,18.922704696655273,62.081424713134766,53.84535217285156
2016-04-13,25.32966423034668,17.926355361938477,62.32876205444336,62.68440246582031,82.56773376464844,47.144554138183594,33.23957443237305,48.50529098510742,0.8973487019538879,19.266111373901367,61.80410385131836,54.15174865722656
2016-04-14,25.343236923217773,18.189701080322266,62.265743255615234,62.92848587036133,82.5451889038086,47.75493621826172,33.08796691894531,48.51405334472656,0.8997908234596252,19.33123779296875,61.97037124633789,54.53477096557617
2016-04-15,24.83456039428711,18.045486450195312,62.36027145385742,62.44677734375,82.80068969726562,47.205589294433594,33.282894134521484,48.76819610595703,0.9068741798400879,19.242427825927734,62.18950271606445,54.24113845825195
2016-04-18,24.29875946044922,18.202245712280273,62.42326354980469,63.39090347290039,83.36434173583984,47.51079177856445,33.36953353881836,49.47803497314453,0.9029660820960999,19.30755615234375,62.58999252319336,54.758209228515625
2016-04-19,24.16989517211914,18.42797088623047,63.32120895385742,64.54694366455078,84.67945098876953,48.311912536621094,33.64387893676758,49.41667938232422,0.8868460059165955,19.473337173461914,62.930015563964844,55.03267288208008
2016-04-20,24.219627380371094,18.459318161010742,62.80923843383789,65.31121826171875,85.35582733154297,49.013851165771484,32.03388214111328,48.71561050415039,0.8902655839920044,19.674646377563477,61.62275314331055,55.40932083129883
2016-04-21,23.957374572753906,17.700634002685547,62.562652587890625,65.12499237060547,85.3482894897461,48.52554702758789,31.52129364013672,48.88212203979492,0.8892884254455566,19.680564880371094,61.0560188293457,55.40292739868164
2016-04-22,23.89181900024414,17.838577270507812,62.292240142822266,65.51677703857422,85.16038513183594,48.807857513427734,32.1566162109375,45.376773834228516,0.8858691453933716,19.698328018188477,61.16937255859375,55.87530517578125
2016-04-25,23.756168365478516,17.73824691772461,61.07536697387695,65.19562530517578,85.30322265625,48.52554702758789,32.27935028076172,45.665958404541016,0.8902655839920044,19.662796020507812,61.5169792175293,55.74764633178711
2016-04-26,23.59113883972168,17.976518630981445,61.75934600830078,65.69657897949219,84.85230255126953,48.77732849121094,32.1494026184082,45.07881546020508,0.8909981846809387,19.568069458007812,60.1114616394043,55.93914794921875
2016-04-27,22.114852905273438,18.08310890197754,62.578582763671875,66.69849395751953,84.74707794189453,48.9146614074707,32.2577018737793,44.64065170288086,0.911270260810852,19.538463592529297,60.36838912963867,56.468990325927734
2016-04-28,21.438884735107422,17.589242935180664,61.83888244628906,65.76721954345703,84.52913665771484,48.52554702758789,32.22160339355469,43.729248046875,0.8841595649719238,19.48517608642578,60.2701530456543,56.19449996948242
2016-04-29,21.192461013793945,17.373973846435547,61.81503677368164,65.62594604492188,84.22853088378906,48.2203483581543,32.34434127807617,43.70295715332031,0.8677951693534851,19.366762161254883,60.542179107666016,56.430702209472656
2016-05-02,21.16984748840332,17.500598907470703,61.91047668457031,66.35167694091797,84.73207092285156,48.67051696777344,32.47429275512695,44.3514518737793,0.8792745471000671,19.42005157470703,61.18449783325195,56.89668273925781
2016-05-03,21.518016815185547,17.12070083618164,60.73335266113281,65.0736083984375,84.6869888305664,47.7320556640625,32.37321472167969,43.624088287353516,0.8687722086906433,19.95292091369629,61.28269958496094,56.24557113647461
2016-05-04,21.2941951751709,16.835779190063477,59.04718780517578,64.6047592163086,84.3337631225586,46.9766960144043,32.47429275512695,43.70295715332031,0.8489885926246643,19.775293350219727,61.6605339050293,56.13705825805664
2016-05-05,21.207765579223633,16.943416595458984,57.893917083740234,65.1378173828125,84.82974243164062,46.724910736083984,32.53204345703125,43.76428985595703,0.8541175723075867,19.875947952270508,61.43385696411133,56.200889587402344
2016-05-06,21.089487075805664,16.89276123046875,58.34728240966797,65.42041015625,84.72454071044922,46.999576568603516,32.719757080078125,44.15865707397461,0.862910270690918,19.881868362426758,62.06101989746094,56.50090026855469
2016-05-09,21.10540771484375,16.956077575683594,56.295284271240234,64.45061492919922,85.46102905273438,46.70203399658203,32.6619873046875,43.878231048583984,0.861689031124115,20.023969650268555,62.05348587036133,56.53919982910156
2016-05-10,21.248695373535156,17.06371307373047,57.67121887207031,65.04148864746094,86.1749496459961,47.33530044555664,33.03021240234375,44.71075439453125,0.8782975673675537,20.01211929321289,62.32551574707031,57.4456787109375
2016-05-11,21.04172134399414,16.956077575683594,57.607627868652344,64.95802307128906,85.94950103759766,47.15981674194336,32.82085037231445,44.73704147338867,0.8807398676872253,19.80901336669922,62.07612609863281,57.16886901855469
2016-05-12,20.548141479492188,16.68381690979004,57.027008056640625,65.58740234375,85.84429168701172,47.12928771972656,33.08796691894531,45.1401481628418,0.8687722086906433,19.82693862915039,62.27262878417969,57.72248077392578
2016-05-13,20.589086532592773,16.335582733154297,55.73057556152344,64.70110321044922,85.3407974243164,46.694400787353516,32.741416931152344,44.763336181640625,1.0009076595306396,19.82693862915039,61.380943298339844,57.072330474853516
2016-05-16,21.353328704833984,16.417890548706055,56.23163604736328,65.69657897949219,86.00210571289062,47.04536819458008,32.936344146728516,45.42059326171875,1.0304609537124634,19.94044303894043,61.68321228027344,57.658103942871094
2016-05-17,21.264629364013672,16.500202178955078,56.510032653808594,65.39153289794922,85.54369354248047,47.04536819458008,32.30824661254883,44.57341003417969,1.0326590538024902,19.731355667114258,60.920005798339844,57.632354736328125
2016-05-18,21.50799560546875,16.012670516967773,56.144142150878906,64.94369506835938,85.36333465576172,48.86125183105469,32.11328887939453,44.838157653808594,1.0590373277664185,19.81499481201172,60.33815002441406,57.516475677490234
2016-05-19,21.42612075805664,15.696085929870605,55.2215461730957,64.80740356445312,84.80719757080078,48.36533737182617,31.99778938293457,44.40574264526367,1.0636779069900513,19.94044303894043,60.59508514404297,58.00571060180664
2016-05-20,21.658117294311523,16.113971710205078,55.571502685546875,64.7684555053711,85.25374603271484,48.45688247680664,31.73065948486328,44.67049026489258,1.0827287435531616,20.155498504638672,60.46663284301758,57.76755905151367
2016-05-23,21.93334197998047,15.97468090057373,55.993038177490234,64.5023422241211,84.8904800415039,48.418724060058594,31.74510383605957,44.14984130859375,1.0844388008117676,20.113676071166992,60.602638244628906,57.67742156982422
2016-05-24,22.26769256591797,16.57618522644043,56.54182434082031,65.02809143066406,85.2916259765625,49.242759704589844,32.03388214111328,45.52647399902344,1.1107629537582397,20.37055206298828,61.18449783325195,57.72248077392578
2016-05-25,22.65892219543457,16.911758422851562,57.718971252441406,66.0535659790039,85.7911376953125,49.99046325683594,32.041114807128906,45.99419403076172,1.1061105728149414,20.519895553588867,61.569889068603516,58.102291107177734
2016-05-26,22.838605880737305,16.778799057006836,57.3292350769043,65.87831115722656,85.45055389404297,49.616615295410156,32.26491165161133,45.79121017456055,1.117864727973938,20.567686080932617,61.37339782714844,57.80617141723633
2016-05-27,22.824966430664062,16.96240997314453,57.23379898071289,66.21581268310547,85.57166290283203,49.92179489135742,32.32988739013672,46.170677185058594,1.1239862442016602,20.675214767456055,61.532073974609375,57.941368103027344
2016-05-31,22.7135009765625,16.582509994506836,57.67121887207031,65.55380249023438,85.2916259765625,49.79970932006836,32.199928283691406,46.77075958251953,1.1440657377243042,20.728973388671875,61.23739242553711,57.3040657043457
2016-06-01,22.39506721496582,16.626834869384766,57.480342864990234,65.63817596435547,85.35973358154297,50.120182037353516,32.27213668823242,46.63839340209961,1.146270513534546,20.758846282958984,61.804100036621094,57.44568634033203
2016-06-02,22.226755142211914,16.639495849609375,58.5540885925293,65.24873352050781,86.65396881103516,50.211734771728516,32.286582946777344,46.31187438964844,1.154350757598877,20.830530166625977,61.925010681152344,56.98863983154297
2016-06-03,22.27224349975586,16.51920509338379,59.683467864990234,65.33312225341797,86.85832977294922,49.31903839111328,32.51761245727539,45.702972412109375,1.138189435005188,20.723003387451172,62.31794357299805,56.88563919067383
2016-06-06,22.433732986450195,16.905431747436523,60.781044006347656,65.66413879394531,87.62275695800781,49.80734634399414,32.755855560302734,46.003013610839844,1.132312297821045,20.866376876831055,62.544639587402344,57.510040283203125
2016-06-07,22.524721145629883,16.918092727661133,61.09126663208008,67.0595932006836,87.59249877929688,49.639495849609375,32.719757080078125,45.97654342651367,1.1345157623291016,20.812606811523438,62.204620361328125,58.3919563293457
2016-06-08,22.504255294799805,17.044719696044922,62.125244140625,66.91032409667969,87.64547729492188,49.78446578979492,32.88581848144531,45.92360305786133,1.1308430433273315,21.05754280090332,62.4539794921875,58.44345474243164
2016-06-09,22.66574478149414,16.778799057006836,61.36962890625,66.72856903076172,88.55372619628906,49.40296936035156,33.03742599487305,45.552955627441406,1.1602287292480469,21.093374252319336,62.84690475463867,58.36619567871094
2016-06-10,22.47922706604004,16.506532669067383,60.47087860107422,66.18988800048828,88.5613021850586,48.70866394042969,33.203487396240234,45.42940139770508,1.1313327550888062,21.081430435180664,62.869564056396484,57.92203903198242
2016-06-13,22.14032554626465,16.29759407043457,59.83461380004883,66.26776885986328,88.394775390625,48.27376174926758,32.82517623901367,44.246910095214844,1.145780324935913,20.75287437438965,62.39352035522461,58.31470489501953
2016-06-14,22.167621612548828,15.860710144042969,59.54034423828125,65.73554229736328,88.6445541381836,47.365821838378906,32.7669792175293,43.97332763671875,1.147984504699707,20.902219772338867,62.982906341552734,58.21171188354492
2016-06-15,22.094833374023438,15.955682754516602,59.70735549926758,65.31362915039062,88.10717010498047,47.28190612792969,32.74515151977539,43.84978485107422,1.1597386598587036,20.782739639282227,62.68064498901367,58.03790283203125
2016-06-16,22.188087463378906,15.778403282165527,59.64371109008789,65.5992431640625,88.28123474121094,47.47264099121094,32.96339416503906,44.4675178527832,1.1643911600112915,20.758846282958984,63.028255462646484,58.720237731933594
2016-06-17,21.683141708374023,15.772065162658691,60.39134979248047,65.92376708984375,87.40328216552734,47.518402099609375,32.58510208129883,44.23808288574219,1.1440657377243042,20.44223403930664,62.816680908203125,58.39839553833008
2016-06-20,21.630821228027344,16.139299392700195,60.78904724121094,66.5987777709961,88.20558166503906,47.58707046508789,32.72332763671875,44.18513107299805,1.1646353006362915,20.6094970703125,62.74867248535156,58.6558837890625
2016-06-21,21.815061569213867,16.03166389465332,60.83673095703125,67.00765991210938,87.9330825805664,48.02961349487305,32.832454681396484,45.17349624633789,1.1575343608856201,20.758846282958984,63.028255462646484,58.9197883605957
2016-06-22,21.73318099975586,15.936692237854004,60.78904724121094,66.3910903930664,88.14501953125,47.84650421142578,32.636024475097656,44.99700164794922,1.1565552949905396,20.591583251953125,63.149169921875,58.68806076049805
2016-06-23,21.8582763671875,16.3862361907959,62.21270751953125,67.78652954101562,88.8413314819336,48.868892669677734,32.79607391357422,45.80886459350586,1.18740975856781,20.66326332092285,63.63277053833008,59.0936164855957
2016-06-24,21.244159698486328,15.493475914001465,58.08479690551758,66.13794708251953,87.51680755615234,45.473628997802734,31.959442138671875,43.97332763671875,1.119823694229126,20.292888641357422,62.159263610839844,57.54222869873047
2016-06-27,20.934825897216797,14.765338897705078,56.77248764038086,65.138427734375,88.21312713623047,43.955284118652344,31.850322723388672,42.73788070678711,1.1078243255615234,20.191333770751953,61.380943298339844,57.201053619384766
2016-06-28,21.287364959716797,15.107248306274414,57.67918014526367,65.96269226074219,89.48468017578125,45.412593841552734,32.14132308959961,43.62917709350586,1.1239862442016602,20.57365608215332,62.310386657714844,58.52070236206055
2016-06-29,21.471609115600586,15.670764923095703,59.03924560546875,67.12449645996094,90.31720733642578,46.694400787353516,32.330474853515625,44.599910736083984,1.14235258102417,20.914165496826172,63.40608596801758,59.51845932006836
2016-06-30,21.744550704956055,15.53780460357666,60.29589080810547,68.0396499633789,91.8082504272461,47.411598205566406,32.97794723510742,45.15583801269531,1.1511675119400024,21.033645629882812,63.98036193847656,60.34244155883789
2016-07-01,21.810518264770508,15.512472152709961,60.8049430847168,67.59831237792969,91.80068969726562,47.10403823852539,32.82517623901367,45.14702606201172,1.142596960067749,21.24869728088379,64.0634765625,60.406803131103516
2016-07-05,21.605806350708008,14.721016883850098,59.158546447753906,67.22185516357422,92.54239654541016,45.789180755615234,33.05070877075195,45.15583801269531,1.1594932079315186,21.392065048217773,64.56218719482422,59.87895584106445
2016-07-06,21.7286319732666,14.537400245666504,59.51645278930664,67.87736511230469,92.82246398925781,46.281272888183594,32.934295654296875,45.34115982055664,1.166839838027954,21.421932220458984,64.25238037109375,60.567718505859375
2016-07-07,21.82187843322754,14.822325706481934,59.691444396972656,66.88436126708984,92.72405242919922,46.58115768432617,32.8033447265625,45.34115982055664,1.1972044706344604,21.3681697845459,64.10124969482422,59.84035110473633
2016-07-08,21.99020004272461,15.195892333984375,61.536659240722656,68.00070190429688,92.98139953613281,47.542327880859375,33.01433181762695,46.153038024902344,1.2452001571655273,21.577259063720703,64.81156158447266,60.21368408203125
2016-07-11,22.05843734741211,15.259202003479004,61.878665924072266,68.40312194824219,93.04193115234375,47.88063430786133,33.152549743652344,46.40895080566406,1.2738510370254517,21.595172882080078,64.79646301269531,60.438968658447266
2016-07-12,22.158517837524414,15.556792259216309,63.469383239746094,69.3052978515625,93.03436279296875,48.59572982788086,33.15983200073242,46.95607376098633,1.2929514646530151,21.648935317993164,64.79646301269531,61.12131881713867
2016-07-13,22.033418655395508,15.702420234680176,63.381893157958984,69.22093200683594,93.09493255615234,48.564971923828125,33.27623748779297,47.2208137512207,1.2924619913101196,21.690763473510742,64.9022216796875,61.07624816894531
2016-07-14,22.470125198364258,15.873373031616211,63.676185607910156,69.25337219238281,93.23117065429688,49.30315017700195,33.23984909057617,47.42378616333008,1.3056851625442505,22.055156707763672,64.88713836669922,61.12131881713867
2016-07-15,22.467853546142578,15.8290433883667,64.1851806640625,69.46755981445312,93.09493255615234,49.34926986694336,33.19620895385742,47.38849639892578,1.290502905845642,21.965547561645508,64.992919921875,61.23075866699219
2016-07-18,22.70667839050293,15.911361694335938,64.09686279296875,68.85746002197266,93.20089721679688,49.18011474609375,33.19620895385742,47.617919921875,1.2971142530441284,21.887889862060547,64.9324722290039,61.03764343261719
2016-07-19,22.715776443481445,16.019001007080078,64.03263092041016,68.82499694824219,94.79788970947266,49.10322189331055,33.19620895385742,46.85017776489258,1.3105826377868652,21.887889862060547,65.11383819580078,60.81231689453125
2016-07-20,22.736248016357422,16.360910415649414,63.99247741699219,68.5329360961914,94.71460723876953,49.15705108642578,33.10890579223633,49.338741302490234,1.327723741531372,21.911781311035156,64.97675323486328,60.46471405029297
2016-07-21,22.615697860717773,16.987735748291016,64.24943542480469,68.40312194824219,94.72219848632812,48.97249984741211,33.06523513793945,49.241661071777344,1.303236484527588,21.929706573486328,64.93104553222656,60.41324234008789
2016-07-22,22.44055938720703,17.361303329467773,63.74352264404297,68.57836151123047,94.6313705444336,49.24162673950195,33.34170150756836,49.921173095703125,1.3387432098388672,21.94762420654297,65.28138732910156,60.51622009277344
2016-07-25,22.14032554626465,17.525920867919922,63.18946075439453,66.8973388671875,94.52540588378906,49.11090850830078,33.152549743652344,50.06235885620117,1.3634759187698364,21.971521377563477,65.34230041503906,59.35108184814453
2016-07-26,21.987924575805664,17.51959991455078,66.44971466064453,66.64419555664062,94.72219848632812,49.31083297729492,32.65058135986328,50.08883285522461,1.3867394924163818,22.001386642456055,64.93868255615234,58.9197883605957
2016-07-27,23.416336059570312,17.411958694458008,67.53377532958984,66.37161254882812,94.4345703125,49.46460723876953,31.5738582611084,49.5858154296875,1.372781753540039,22.01333999633789,64.32178497314453,58.52070236206055
2016-07-28,23.73249053955078,17.315719604492188,66.58621215820312,66.06655883789062,94.1999740600586,49.287757873535156,31.755741119384766,49.60348892211914,1.3757197856903076,21.90580940246582,64.58836364746094,58.06366729736328
2016-07-29,23.70292091369629,17.21949005126953,66.45774841308594,66.51439666748047,94.7827377319336,49.187801361083984,31.741188049316406,50.01824188232422,1.3982489109039307,22.037240982055664,65.1823501586914,57.259010314941406
2016-08-01,24.121442794799805,16.98210906982422,65.80728149414062,64.3271255493164,94.91144561767578,49.05707931518555,31.610231399536133,49.929996490478516,1.3891881704330444,22.288131713867188,65.80683898925781,55.269893646240234
2016-08-02,23.764341354370117,16.648500442504883,65.23714447021484,64.63864135742188,94.4951400756836,48.94174575805664,31.66843605041504,49.929996490478516,1.3722922801971436,21.73854637145996,66.0733871459961,56.02950668334961
2016-08-03,24.062299728393555,17.104013442993164,65.87152099609375,65.30067443847656,93.776123046875,49.71834945678711,31.74846076965332,50.27415084838867,1.375964879989624,21.256671905517578,65.47175598144531,56.319149017333984
2016-08-04,24.210947036743164,17.08475685119629,65.6627426147461,65.1578598022461,93.74583435058594,49.641448974609375,31.65388298034668,50.64479064941406,1.4014323949813843,21.172344207763672,65.5326919555664,56.31271743774414
2016-08-05,24.579130172729492,17.444034576416016,66.29713439941406,65.23577880859375,94.03343200683594,50.97938919067383,31.63205909729004,51.14779281616211,1.425185203552246,21.347021102905273,65.32707214355469,56.36422348022461
2016-08-08,24.78266716003418,17.726322174072266,67.00379180908203,65.68360900878906,93.58687591552734,50.82559585571289,31.602970123291016,51.23603820800781,1.4384087324142456,21.03982925415039,65.31184387207031,57.02725601196289
2016-08-09,24.883283615112305,17.893129348754883,66.51396942138672,65.76148223876953,93.42037963867188,50.648738861083984,31.62479019165039,51.359588623046875,1.442082166671753,21.130176544189453,65.48699188232422,57.098079681396484
2016-08-10,24.698049545288086,17.854631423950195,66.3694076538086,64.99562072753906,93.36741638183594,50.19507598876953,31.726640701293945,51.200748443603516,1.4327763319015503,21.16029167175293,65.7306900024414,56.098289489746094
2016-08-11,24.682037353515625,17.89954376220703,66.84317779541016,65.81344604492188,93.67772674560547,50.3334846496582,31.828487396240234,51.44783020019531,1.4619169235229492,21.172344207763672,66.05055236816406,56.29954147338867
2016-08-12,24.739213943481445,17.707073211669922,66.65045928955078,66.30670928955078,93.26143646240234,50.225833892822266,32.032188415527344,51.1301383972168,1.5437058210372925,21.069944381713867,66.28662872314453,57.03316879272461
2016-08-15,25.0365047454834,17.925207138061523,67.57394409179688,66.70262145996094,92.57266998291016,50.53339767456055,32.184967041015625,51.28899383544922,1.5422362089157104,21.14825439453125,66.27142333984375,57.007171630859375
2016-08-16,25.01363182067871,17.880298614501953,67.68636322021484,66.60527801513672,91.07405090332031,50.525726318359375,31.886688232421875,51.004852294921875,1.5329310894012451,20.95549964904785,65.93633270263672,57.0786018371582
2016-08-17,24.977048873901367,17.893129348754883,67.7827377319336,67.04470825195312,91.81583404541016,50.66413497924805,32.054019927978516,51.11139678955078,1.4974240064620972,21.16632080078125,66.2257080078125,57.20195388793945
2016-08-18,24.945026397705078,18.16899871826172,66.9555892944336,67.91700744628906,91.36927032470703,50.71026611328125,32.0831184387207,51.14692306518555,1.5206873416900635,21.196434020996094,66.59127044677734,57.7213249206543
2016-08-19,25.00906753540039,18.085594177246094,67.3249740600586,67.11029815673828,91.36927795410156,50.641056060791016,31.9521541595459,51.16468811035156,1.52460515499115,21.069944381713867,66.49224853515625,57.00069046020508
2016-08-22,24.81467628479004,18.092004776000977,67.12423706054688,66.86103820800781,90.76736450195312,50.59492492675781,31.821218490600586,51.209075927734375,1.5309720039367676,20.985614776611328,66.14192199707031,57.12403869628906
2016-08-23,24.892427444458008,18.11125946044922,67.46149444580078,66.69053649902344,91.0035400390625,50.57184982299805,31.901229858398438,51.40443420410156,1.5433614253997803,21.13620376586914,66.5608139038086,56.948726654052734
2016-08-24,24.704912185668945,18.06635093688965,66.77090454101562,67.03158569335938,90.44734191894531,50.71026611328125,31.901229858398438,51.45769500732422,1.5195642709732056,20.97356414794922,66.49224853515625,57.143524169921875
2016-08-25,24.599712371826172,17.84821891784668,66.52196502685547,66.82823944091797,90.34068298339844,50.802528381347656,31.77029800415039,51.65305709838867,1.509506344795227,20.94344711303711,66.94158172607422,56.77995300292969
2016-08-26,24.455638885498047,17.60443115234375,66.37745666503906,66.45438385009766,90.69877624511719,50.917869567871094,31.515649795532227,51.52872848510742,1.5217727422714233,20.97356414794922,66.69790649414062,56.65659713745117
2016-08-29,24.428199768066406,17.707073211669922,66.73074340820312,66.93321228027344,91.36927795410156,51.47917556762695,31.67571258544922,51.59089660644531,1.5207910537719727,21.14825439453125,67.2462158203125,57.02666473388672
2016-08-30,24.240676879882812,17.694246292114258,66.23291015625,66.70365142822266,91.02641296386719,51.902099609375,31.457456588745117,51.40443420410156,1.5119593143463135,21.00971221923828,66.66741180419922,56.81888961791992
2016-08-31,24.2635498046875,17.591594696044922,65.80728149414062,65.96903228759766,90.9273452758789,51.902099609375,31.59568977355957,51.022586822509766,1.5048446655273438,20.961517333984375,66.49224853515625,56.57221221923828
2016-09-01,24.40761375427246,17.27723503112793,65.40580749511719,65.72637939453125,90.72929382324219,51.67909240722656,31.537485122680664,51.13803482055664,1.549249291419983,20.889244079589844,67.25382232666016,56.377445220947266
2016-09-02,24.636301040649414,17.245147705078125,65.59850311279297,66.19861602783203,90.91210174560547,51.8943977355957,31.76302146911621,51.209075927734375,1.534038782119751,20.94344711303711,67.17005920410156,56.75399398803711
2016-09-06,24.629438400268555,17.12967300415039,65.91168975830078,67.18244934082031,91.23974609375,51.855953216552734,31.85759162902832,51.155784606933594,1.5485130548477173,20.94344711303711,67.50514221191406,57.50056838989258
2016-09-07,24.78037452697754,17.078350067138672,67.22863006591797,67.47760772705078,91.13307189941406,51.640655517578125,31.74846076965332,51.200199127197266,1.5256975889205933,20.985614776611328,66.97966003417969,57.286346435546875
2016-09-08,24.130910873413086,17.187408447265625,67.08407592773438,68.29090118408203,91.02641296386719,51.7098503112793,31.741188049316406,50.99595260620117,1.5367377996444702,20.9133358001709,66.8501968383789,57.81220245361328
2016-09-09,23.5843448638916,16.789644241333008,64.87579345703125,66.42160034179688,90.0816421508789,51.248497009277344,30.751771926879883,49.91264343261719,1.4601949453353882,20.539880752563477,65.67736053466797,56.377445220947266
2016-09-12,24.112613677978516,16.885873794555664,65.78321075439453,67.06437683105469,90.79021453857422,51.56377029418945,31.421083450317383,50.65853500366211,1.490370273590088,20.871170043945312,67.20813751220703,56.66960144042969
2016-09-13,24.68661117553711,16.5394344329834,64.42610931396484,65.21478271484375,89.6092529296875,51.15623474121094,31.01035499572754,50.19679260253906,1.4687817096710205,20.503742218017578,66.29425811767578,55.31922912597656
2016-09-14,25.560192108154297,16.41753387451172,65.06047821044922,64.55233764648438,89.79971313476562,51.0562744140625,30.885658264160156,49.95703125,1.4817836284637451,20.44351577758789,66.26380920410156,54.923221588134766
2016-09-15,26.429195404052734,16.545852661132812,65.87152099609375,65.26068878173828,90.38636779785156,51.240814208984375,31.06902313232422,50.78284454345703,1.5379638671875,20.56397819519043,67.06341552734375,55.23483657836914
2016-09-16,26.280555725097656,16.526607513427734,65.8875961303711,64.17191314697266,90.09683990478516,50.61029815673828,30.90766716003418,50.83611297607422,1.5416440963745117,20.44351577758789,67.05583190917969,54.55315017700195
2016-09-19,25.974111557006836,16.57151222229004,65.75108337402344,64.3031005859375,89.64732360839844,50.894813537597656,30.878332138061523,50.551979064941406,1.5620059967041016,20.26882553100586,67.29953002929688,54.42332077026367
2016-09-20,25.971832275390625,16.65491485595703,65.60653686523438,64.08009338378906,89.86829376220703,51.1024055480957,31.05435562133789,50.44542694091797,1.5477771759033203,20.36520767211914,67.45944213867188,53.58584213256836
2016-09-21,25.967252731323242,16.905122756958008,67.02788543701172,65.34596252441406,90.5997314453125,51.39459991455078,31.1937198638916,51.28899383544922,1.5911999940872192,20.64830207824707,66.86542510986328,54.079246520996094
2016-09-22,26.211944580078125,16.712656021118164,67.05197143554688,65.57552337646484,91.01878356933594,51.81749725341797,31.50908851623535,51.34226989746094,1.5951255559921265,20.569995880126953,67.77169036865234,54.235042572021484
2016-09-23,25.775156021118164,16.57151222229004,66.2007827758789,65.0770492553711,90.52354431152344,51.7098503112793,31.347742080688477,50.99595260620117,1.5934081077575684,20.63625717163086,66.8349380493164,54.1766242980957
2016-09-26,25.81403350830078,16.334136962890625,66.14457702636719,64.78844451904297,89.73876953125,50.579551696777344,30.84165382385254,50.52534103393555,1.5784434080123901,20.262807846069336,66.90349578857422,53.923423767089844
2016-09-27,25.862056732177734,16.03900909423828,66.55409240722656,64.91963195800781,90.8359146118164,51.02553176879883,31.23771858215332,51.45769500732422,1.6324156522750854,20.377254486083984,67.29190063476562,54.040287017822266
2016-09-28,26.058732986450195,16.116003036499023,69.53329467773438,66.99879455566406,90.9654541015625,51.294639587402344,30.915006637573242,51.52872848510742,1.638303518295288,20.4736270904541,68.1296157836914,56.41640853881836
2016-09-29,25.653953552246094,16.0775089263916,70.23993682861328,66.42160034179688,89.35018157958984,50.479576110839844,30.82698631286621,50.96931838989258,1.6535135507583618,20.070056915283203,67.19287872314453,56.13072967529297
2016-09-30,25.8529109954834,16.379045486450195,71.28386688232422,67.50381469726562,90.0053939819336,51.202362060546875,31.039684295654297,51.14692306518555,1.6809903383255005,20.401344299316406,68.35047912597656,56.6630973815918
2016-10-03,25.731706619262695,16.16091537475586,70.89038848876953,67.19554138183594,90.52354431152344,51.14085388183594,30.82698631286621,50.98707962036133,1.679273009300232,20.286901473999023,67.52037811279297,56.5137939453125
2016-10-04,25.841474533081055,16.096759796142578,70.27207946777344,66.42160034179688,90.53114318847656,51.58232498168945,30.687625885009766,50.82725524902344,1.6755934953689575,20.310993194580078,67.28429412841797,55.99441909790039
2016-10-05,25.8529109954834,16.12883758544922,71.80584716796875,67.05126190185547,90.80546569824219,52.426536560058594,30.66563606262207,51.182430267333984,1.6738759279251099,20.419414520263672,67.66505432128906,56.48130798339844
2016-10-06,26.04500961303711,15.904287338256836,71.7014389038086,67.01846313476562,90.47785186767578,52.56595993041992,30.592283248901367,51.2712287902832,1.6520417928695679,20.26882553100586,67.94683837890625,56.507301330566406
2016-10-07,26.08388328552246,15.833718299865723,71.04296875,67.0775146484375,90.8511734008789,52.75183868408203,30.606945037841797,51.32450866699219,1.640020489692688,20.214618682861328,68.54086303710938,56.31252670288086
2016-10-10,26.538969039916992,15.820883750915527,70.84221649169922,68.19905090332031,91.27787017822266,53.162322998046875,30.606945037841797,51.537620544433594,1.6461539268493652,20.244739532470703,67.82498931884766,57.416194915771484
2016-10-11,26.596141815185547,15.589921951293945,70.23993682861328,67.5825424194336,89.632080078125,52.906734466552734,30.46759033203125,50.78284454345703,1.62235689163208,19.955615997314453,67.42898559570312,56.96173858642578
2016-10-12,26.833965301513672,15.500109672546387,70.32830047607422,66.99879455566406,89.88350677490234,52.76732635498047,30.643627166748047,50.7118034362793,1.6297168731689453,19.919471740722656,67.45183563232422,56.56572341918945
2016-10-13,26.75164794921875,15.294808387756348,69.8384780883789,66.1067886352539,90.10447692871094,52.46525955200195,30.628957748413086,50.5430908203125,1.6032215356826782,19.732742309570312,67.20051574707031,56.195674896240234
2016-10-14,26.900287628173828,15.192155838012695,70.4005355834961,66.2969970703125,89.57112121582031,52.29486083984375,30.56294059753418,50.98707962036133,1.6189219951629639,19.672508239746094,67.34521484375,56.18269729614258
2016-10-17,26.88199234008789,15.089507102966309,70.09541320800781,66.48063659667969,90.27973175048828,52.02379608154297,30.511598587036133,50.80949020385742,1.6095999479293823,19.576133728027344,66.88827514648438,56.18269729614258
2016-10-18,26.863697052001953,15.147245407104492,70.0392074584961,66.76266479492188,87.93303680419922,52.434288024902344,30.78299331665039,51.200199127197266,1.634132742881775,19.690576553344727,66.5988998413086,56.332000732421875
2016-10-19,26.78366470336914,15.211404800415039,70.66555786132812,67.0775146484375,87.30824279785156,52.937721252441406,30.84165382385254,51.08475112915039,1.6306984424591064,19.636369705200195,65.64726257324219,56.59168243408203
2016-10-20,26.769939422607422,15.153664588928223,70.17948150634766,66.81512451171875,87.5215835571289,52.868019104003906,30.753644943237305,50.83611297607422,1.6616096496582031,19.600223541259766,65.1791000366211,56.617645263671875
2016-10-21,26.664745330810547,15.442362785339355,69.93644714355469,66.44129180908203,86.43205261230469,53.04615020751953,30.900333404541016,52.97612762451172,1.656948208808899,19.383384704589844,64.7186508178711,56.234622955322266
2016-10-24,26.904863357543945,15.904287338256836,69.6610336303711,66.02151489257812,86.56158447265625,53.3404541015625,31.215715408325195,54.166015625,1.734717607498169,19.3532657623291,64.5421142578125,56.42288589477539
2016-10-25,27.042078018188477,16.064678192138672,68.43778228759766,66.09367370605469,86.8282241821289,53.28624725341797,31.201045989990234,54.15712356567383,1.7631756067276,19.44361114501953,66.74468994140625,56.29954147338867
2016-10-26,26.433778762817383,16.282806396484375,68.15422058105469,66.369140625,87.28535461425781,53.54182815551758,31.127700805664062,53.83745193481445,1.7702902555465698,19.515899658203125,67.07470703125,56.53974914550781
2016-10-27,26.179933547973633,16.25714683532715,67.24691772460938,65.53617095947266,88.15397644042969,53.61927795410156,30.892995834350586,53.36683654785156,1.7339813709259033,19.5640869140625,66.44539642333984,56.429386138916016
2016-10-28,26.006135940551758,16.359798431396484,67.95169067382812,68.0941390991211,87.87206268310547,53.52633285522461,30.973674774169922,53.162601470947266,1.7310376167297363,19.232799530029297,66.6449203491211,55.040077209472656
2016-10-31,25.96497344970703,16.058265686035156,67.61143493652344,68.70408630371094,88.37492370605469,53.64253234863281,31.09836196899414,53.207008361816406,1.7457573413848877,19.10028648376465,66.6142349243164,54.09220886230469
2016-11-01,25.496156692504883,15.987695693969727,66.62313079833984,69.83879089355469,87.87968444824219,53.41790771484375,30.892995834350586,53.100440979003906,1.693993091583252,18.714784622192383,66.652587890625,54.306453704833984
2016-11-02,25.51902198791504,15.628414154052734,65.70771026611328,69.12385559082031,87.51396179199219,53.19329833984375,30.84165382385254,52.77188491821289,1.6868782043457031,18.449752807617188,66.56818389892578,54.1766242980957
2016-11-03,25.245494842529297,15.556639671325684,65.83729553222656,69.12385559082031,87.64350891113281,52.960941314697266,30.82698631286621,52.5765266418457,1.6672520637512207,18.0040225982666,66.46076202392578,54.3129768371582
2016-11-04,25.017934799194336,15.360876083374023,66.67981719970703,68.72378540039062,87.70441436767578,52.48075485229492,30.577613830566406,52.132564544677734,1.6576849222183228,18.070280075073242,65.2942123413086,54.25454330444336
2016-11-07,25.378820419311523,15.569690704345703,67.84638977050781,70.08146667480469,88.88541412353516,54.12272262573242,31.142375946044922,53.65098190307617,1.7484560012817383,18.29916763305664,66.4300308227539,55.475040435791016
2016-11-08,25.528221130371094,15.687146186828613,68.59977722167969,70.37005615234375,89.18258666992188,54.238895416259766,31.450410842895508,53.695377349853516,1.7457573413848877,18.25050163269043,67.1207504272461,55.874568939208984
2016-11-09,25.486846923828125,15.458758354187012,73.88167572021484,70.59962463378906,91.66641235351562,56.7327995300293,31.003007888793945,53.42898178100586,1.716318130493164,19.54020118713379,65.94654846191406,56.490238189697266
2016-11-10,24.77659034729004,16.00689125061035,75.70443725585938,70.69798278808594,91.0797348022461,59.36614227294922,30.02752685546875,52.12367630004883,1.662590742111206,20.373640060424805,63.66725540161133,57.01421356201172
2016-11-11,24.9237003326416,15.791555404663086,75.34797668457031,69.9437255859375,90.26448822021484,59.397151947021484,30.093523025512695,52.40781784057617,2.158154010772705,19.82612419128418,64.1430435180664,56.11033630371094
2016-11-14,24.2984676361084,16.48977279663086,76.28768157958984,69.91091918945312,88.8396987915039,61.581241607666016,30.196224212646484,51.60866165161133,2.051926612854004,19.69837188720703,63.69792556762695,55.854915618896484
2016-11-15,24.620283126831055,16.90087890625,76.50642395019531,71.46536254882812,88.6263656616211,61.46504211425781,30.394250869750977,52.62778091430664,2.1144859790802,19.607118606567383,64.17375946044922,56.863563537597656
2016-11-16,25.28227424621582,16.679014205932617,75.62339782714844,71.7767333984375,88.65682983398438,59.947021484375,30.262235641479492,53.32506561279297,2.2479445934295654,19.442873001098633,63.84374237060547,56.16273880004883
2016-11-17,25.273080825805664,16.90087890625,75.16165161132812,71.62435150146484,88.81682586669922,60.427215576171875,30.159543991088867,54.21009063720703,2.266589641571045,19.302947998046875,63.751644134521484,55.82217025756836
2016-11-18,25.298364639282227,17.357656478881836,74.80518341064453,72.33983612060547,88.50231170654297,60.1871337890625,30.005529403686523,53.95085144042969,2.29038667678833,19.150856018066406,62.93050765991211,55.854915618896484
2016-11-21,25.682235717773438,17.19452667236328,75.25886535644531,72.98902893066406,88.22611236572266,60.45046615600586,30.33557891845703,54.406768798828125,2.281064748764038,19.205615997314453,63.42165756225586,56.647403717041016
2016-11-22,25.69832420349121,17.285877227783203,75.84210968017578,73.28050994873047,86.49225616455078,60.82221603393555,30.342914581298828,54.63920211791992,2.2975013256073,19.059606552124023,63.51374435424805,56.77186965942383
2016-11-23,25.56730079650879,16.985708236694336,77.91600036621094,73.53221130371094,86.74543762207031,61.07779312133789,30.159543991088867,53.995540618896484,2.3088035583496094,19.114356994628906,63.452354431152344,56.92905807495117
2016-11-25,25.696025848388672,17.325027465820312,77.61625671386719,73.53221130371094,87.55865478515625,61.05455780029297,30.460264205932617,54.11176300048828,2.3134710788726807,19.278614044189453,64.0509262084961,57.06006622314453
2016-11-28,25.645456314086914,16.84214973449707,76.87906646728516,73.20101165771484,86.79145050048828,60.65958023071289,30.621606826782227,54.18328094482422,2.3122425079345703,19.187358856201172,63.751644134521484,56.63433074951172
2016-11-29,25.62017250061035,16.959604263305664,76.18238067626953,72.43256378173828,86.29279327392578,61.12428665161133,30.43670082092285,54.61238098144531,2.2911133766174316,19.41853141784668,63.613529205322266,56.2609977722168
2016-11-30,25.404098510742188,16.796470642089844,77.41374206542969,73.9031982421875,85.38751983642578,62.09239959716797,29.84499168395996,53.870391845703125,2.265315532684326,19.55237579345703,63.283531188964844,57.17792892456055
2016-12-01,25.167346954345703,17.06401252746582,77.964599609375,75.04924774169922,85.44892120361328,63.347129821777344,29.711843490600586,52.92277908325195,2.153278112411499,19.138696670532227,62.823062896728516,57.138633728027344
2016-12-02,25.261585235595703,16.874774932861328,77.07349395751953,74.85713195800781,85.89386749267578,63.19997787475586,29.852386474609375,52.96747970581055,2.17317795753479,19.242109298706055,63.237464904785156,57.00766372680664
2016-12-05,25.079992294311523,17.227148056030273,76.51451873779297,75.02276611328125,85.8785400390625,64.48565673828125,30.044692993164062,53.83464050292969,2.2574524879455566,19.2177734375,63.69025421142578,57.29581832885742
2016-12-06,25.273080825805664,17.325027465820312,77.13827514648438,74.69815826416016,85.97058868408203,64.81869506835938,30.007705688476562,53.59326171875,2.294552803039551,19.19953155517578,63.628875732421875,57.34822082519531
2016-12-07,25.521326065063477,18.64316749572754,78.8476333618164,75.81106567382812,85.23408508300781,65.11300659179688,30.54025650024414,54.86268997192383,2.335829973220825,18.97443389892578,64.603515625,57.682247161865234
2016-12-08,25.771873474121094,19.45232391357422,77.98890686035156,76.29467010498047,85.1496810913086,65.92626190185547,30.31096649169922,54.540855407714844,2.296764373779297,18.822349548339844,64.08163452148438,57.845985412597656
2016-12-09,26.192522048950195,19.263090133666992,77.38941955566406,76.71863555908203,86.1240234375,66.21279907226562,31.06541633605957,55.39907455444336,2.2559781074523926,19.28469467163086,64.74934387207031,58.291358947753906
2016-12-12,26.04311180114746,19.113000869750977,77.02488708496094,77.6063003540039,88.50231170654297,65.62417602539062,30.99144744873047,55.57787322998047,2.201188325881958,19.710542678833008,65.33261108398438,59.58817672729492
2016-12-13,26.4775447845459,19.139101028442383,77.786376953125,77.78517150878906,88.90888977050781,65.64742279052734,30.887893676757812,56.30197525024414,2.24000883102417,19.97213363647461,65.3709487915039,60.63612747192383
2016-12-14,26.4775447845459,18.9890193939209,75.93933868408203,76.81797790527344,88.21843719482422,65.62417602539062,30.4810848236084,56.03379821777344,2.3697357177734375,19.96605110168457,64.74934387207031,59.32621765136719
2016-12-15,26.622358322143555,19.073848724365234,76.57931518554688,77.54007720947266,88.90888977050781,66.60780334472656,30.732563018798828,55.94438171386719,2.425262212753296,19.923465728759766,64.98724365234375,59.52924346923828
2016-12-16,26.656835556030273,18.904186248779297,74.99961853027344,78.22236633300781,88.90123748779297,65.78680419921875,30.87311553955078,55.6940803527832,2.467031717300415,19.978214263916016,64.98724365234375,59.71917724609375
2016-12-19,26.810842514038086,18.975969314575195,75.10490417480469,77.93755340576172,89.00863647460938,66.16632843017578,30.821327209472656,56.874114990234375,2.497006416320801,19.97213363647461,65.01026916503906,59.221405029296875
2016-12-20,26.882095336914062,18.865032196044922,76.4253921508789,78.13629150390625,88.73243713378906,67.0182876586914,30.813926696777344,56.802616119384766,2.583982467651367,19.984298706054688,64.9028091430664,59.227962493896484
2016-12-21,26.907386779785156,18.597490310668945,76.004150390625,78.10979461669922,88.46392059326172,67.18870544433594,30.747364044189453,56.802616119384766,2.6001980304718018,19.710542678833008,64.68025207519531,59.12969970703125
2016-12-22,26.73039436340332,18.264694213867188,76.2471923828125,78.67947387695312,88.56366729736328,67.2971420288086,30.732563018798828,56.81153106689453,2.631647825241089,19.67403793334961,64.82608032226562,59.516143798828125
2016-12-23,26.783254623413086,18.362577438354492,76.40919494628906,78.44763946533203,88.96259307861328,67.42105865478516,30.769550323486328,56.53441619873047,2.6972477436065674,19.759204864501953,65.2021255493164,59.411354064941406
2016-12-27,26.95335578918457,18.10155487060547,76.59552764892578,78.31513214111328,88.92424011230469,67.48299407958984,30.776939392089844,56.5701789855957,2.882503032684326,19.789627075195312,64.92584991455078,59.43755340576172
2016-12-28,26.838422775268555,17.834014892578125,75.46138000488281,78.10979461669922,88.3028335571289,66.99507141113281,30.614213943481445,56.310916900634766,2.6842262744903564,19.680124282836914,64.51910400390625,59.14284133911133
2016-12-29,26.831527709960938,17.7165584564209,75.57477569580078,78.05015563964844,88.60202026367188,66.52259063720703,30.769550323486328,56.23046112060547,2.7377877235412598,19.765295028686523,64.73399353027344,59.17556381225586
2016-12-30,26.622358322143555,17.638254165649414,75.12926483154297,77.97066497802734,88.3872299194336,66.83241271972656,30.666004180908203,55.551048278808594,2.622556209564209,19.759204864501953,64.52677154541016,59.116634368896484
2017-01-03,26.698209762573242,18.349523544311523,76.1418685913086,78.07002258300781,88.87054443359375,67.56046295166016,30.91749382019043,55.94438171386719,2.5063421726226807,20.075551986694336,64.61886596679688,59.52924346923828
2017-01-04,26.668323516845703,19.44580078125,75.80162811279297,78.05015563964844,88.72480010986328,67.68505859375,30.806541442871094,55.6940803527832,2.5648176670074463,20.251977920532227,64.84908294677734,58.874263763427734
2017-01-05,26.803945541381836,19.850372314453125,75.33985137939453,77.71231079101562,89.6530532836914,67.06201171875,30.880502700805664,55.6940803527832,2.499708652496338,20.44664764404297,65.27886962890625,57.99664306640625
2017-01-06,27.102760314941406,19.909103393554688,75.37223052978516,77.40093994140625,89.22347259521484,67.06980895996094,30.87311553955078,56.17682647705078,2.5331242084503174,20.36756134033203,65.25582885742188,57.963890075683594
2017-01-09,27.351015090942383,19.88300323486328,74.82949829101562,76.73847961425781,89.20809173583984,67.11653900146484,30.562454223632812,55.99802780151367,2.6358234882354736,20.361473083496094,64.77235412597656,57.00766372680664
2017-01-10,27.378597259521484,19.62198257446289,76.01225280761719,76.1555404663086,89.11604309082031,67.31124114990234,30.355348587036133,55.98014450073242,2.6159229278564453,20.343223571777344,64.07396697998047,56.2806396484375
2017-01-11,27.52570915222168,19.713342666625977,76.67654418945312,76.79812622070312,88.01895904541016,67.81747436523438,30.362743377685547,56.489707946777344,2.5837366580963135,19.97213363647461,64.27352142333984,56.85702133178711
2017-01-12,27.410778045654297,19.706819534301758,76.1418685913086,76.95048522949219,87.93458557128906,67.16325378417969,30.288787841796875,55.97119903564453,2.541477680206299,19.832210540771484,64.34259033203125,56.549198150634766
2017-01-13,27.362506866455078,19.635038375854492,76.53881072998047,77.09620666503906,87.91923522949219,67.52152252197266,30.236995697021484,56.05167007446289,2.541231632232666,19.783540725708008,64.47303771972656,56.55574417114258
2017-01-17,27.583166122436523,19.360965728759766,75.80162811279297,77.02999114990234,88.12635803222656,65.06832122802734,30.488483428955078,55.89969253540039,2.48422908782959,19.503705978393555,65.39397430419922,57.21723937988281
2017-01-18,27.580869674682617,19.302234649658203,76.23454284667969,76.80474853515625,87.9959487915039,65.37200927734375,30.54025650024414,55.872867584228516,2.5294384956359863,19.485450744628906,65.69564056396484,56.5098876953125
2017-01-19,27.5325984954834,19.126049041748047,76.27539825439453,76.5662612915039,87.61238098144531,64.87361907958984,30.4293155670166,55.6940803527832,2.5837366580963135,19.28469467163086,65.51774597167969,55.494686126708984
2017-01-20,27.583166122436523,19.302234649658203,77.25558471679688,76.57950592041016,87.57398986816406,65.16177368164062,30.562454223632812,56.087440490722656,2.55548095703125,19.327281951904297,67.64495086669922,56.25442886352539
2017-01-23,27.601558685302734,19.295719146728516,77.15756225585938,76.44039916992188,87.38987731933594,65.19292449951172,30.643810272216797,56.28409957885742,2.582016706466675,19.138696670532227,67.26593780517578,55.65188980102539
2017-01-24,27.576274871826172,19.778600692749023,78.6115493774414,77.08958435058594,85.74042510986328,65.97950744628906,30.99144744873047,56.784725189208984,2.637052297592163,18.950105667114258,67.96208953857422,55.73047637939453
2017-01-25,28.01530647277832,19.98088264465332,80.1716537475586,77.66593170166016,86.5383071899414,66.99971771240234,31.154165267944336,56.9277458190918,2.648355007171631,19.0352783203125,67.420654296875,55.89420700073242
2017-01-26,28.029102325439453,20.36588478088379,79.4119873046875,77.2088394165039,85.80178833007812,67.56047058105469,30.924877166748047,57.45519256591797,2.6940536499023438,19.029190063476562,66.98746490478516,56.06451416015625
2017-01-27,28.03139877319336,20.424610137939453,80.8577880859375,75.38048553466797,86.9832534790039,67.70065307617188,30.658597946166992,58.80508041381836,2.7461414337158203,19.114356994628906,67.08026123046875,56.00556182861328
2017-01-30,27.957841873168945,20.241897583007812,79.06076049804688,74.07545471191406,86.79145050048828,66.99971771240234,30.606826782226562,58.2239875793457,2.7031450271606445,19.047435760498047,67.1034927368164,55.579830169677734
2017-01-31,27.893484115600586,19.987409591674805,78.13776397705078,73.76407623291016,86.88353729248047,65.9094009399414,30.747364044189453,57.79491424560547,2.682506561279297,19.302947998046875,67.760986328125,54.94452667236328
2017-02-01,29.594440460205078,20.333255767822266,77.68849182128906,73.53221130371094,86.86822509765625,66.15861511230469,30.518070220947266,56.83836364746094,2.799703359603882,19.46272850036621,67.5521469116211,54.32231903076172
2017-02-02,29.543882369995117,20.39950942993164,76.59392547607422,74.33380126953125,87.12904357910156,65.87825775146484,30.621610641479492,56.47183609008789,2.835083246231079,19.499603271484375,67.88473510742188,54.656349182128906
2017-02-03,29.670303344726562,20.366382598876953,76.19371032714844,75.23472595214844,87.18274688720703,67.89535522460938,30.725181579589844,56.9277458190918,2.810267686843872,19.720836639404297,67.61402130126953,54.71528244018555
2017-02-06,29.948429107666016,20.28687858581543,75.85881805419922,74.8438949584961,86.99861907958984,67.57601928710938,30.739973068237305,56.891990661621094,2.8822567462921143,19.80687713623047,67.60627746582031,54.56465148925781
2017-02-07,30.233449935913086,20.240497589111328,76.21820831298828,73.79057312011719,87.06001281738281,67.53710174560547,30.99144744873047,56.704261779785156,2.926973581314087,19.71469497680664,68.07814025878906,54.21097183227539
2017-02-08,30.35068130493164,20.227249145507812,75.89146423339844,73.91644287109375,86.99861907958984,66.94519805908203,31.080196380615234,56.62380599975586,2.9141974449157715,19.75156593322754,68.3256607055664,53.854061126708984
2017-02-09,30.56999969482422,19.988737106323242,76.74915313720703,74.36692810058594,87.52029418945312,67.91092681884766,30.510671615600586,57.2674446105957,2.8594069480895996,19.899059295654297,68.58865356445312,54.09199905395508
2017-02-10,30.50074005126953,20.10799789428711,78.6686782836914,74.89027404785156,88.41023254394531,67.7551498413086,30.01511001586914,57.213829040527344,2.791595220565796,19.88062286376953,68.04720306396484,54.541446685791016
2017-02-13,30.770837783813477,20.17424774169922,80.4575424194336,75.45997619628906,88.90123748779297,68.6507568359375,30.044692993164062,57.85747146606445,2.662850856781006,20.040409088134766,68.31016540527344,54.85869598388672
2017-02-14,31.170211791992188,20.17424774169922,80.12265014648438,75.25260925292969,89.26947784423828,69.74889373779297,29.97812271118164,58.073333740234375,2.6726784706115723,20.126441955566406,67.96208953857422,54.739742279052734
2017-02-15,31.28333854675293,20.49889373779297,80.88227844238281,75.28607940673828,89.9139175415039,70.551025390625,29.911550521850586,58.037357330322266,2.678083896636963,20.59349822998047,70.48381042480469,54.964454650878906
2017-02-16,31.24639892578125,20.141117095947266,80.2614974975586,74.0220718383789,90.58904266357422,70.50431060791016,30.473695755004883,58.02834701538086,2.635087251663208,20.66109848022461,70.22853088378906,54.39604568481445
2017-02-17,31.33182144165039,20.02185821533203,80.74344635009766,73.7879638671875,91.18743896484375,70.27067565917969,30.495882034301758,58.11830139160156,2.6345949172973633,20.66109848022461,70.46057891845703,54.03912353515625
2017-02-21,31.55805778503418,20.240497589111328,80.13081359863281,74.71759796142578,91.80118560791016,70.87812042236328,30.666004180908203,58.00136947631836,2.728942632675171,20.66109848022461,70.90923309326172,54.12504959106445
2017-02-22,31.652713775634766,20.08811378479004,80.21248626708984,73.8214111328125,91.69379425048828,70.91704559326172,30.769550323486328,57.884456634521484,2.724759817123413,20.642663955688477,70.73131561279297,53.490535736083984
2017-02-23,31.518814086914062,19.763479232788086,78.04791259765625,74.24945068359375,93.36624145507812,70.97158813476562,30.813926696777344,58.11830139160156,2.472111940383911,20.931499481201172,70.49153900146484,54.05234146118164
2017-02-24,31.5488338470459,19.57134246826172,77.99072265625,73.64756774902344,94.77947235107422,70.34851837158203,30.902687072753906,58.11830139160156,2.49597430229187,21.054412841796875,70.42964935302734,53.58969497680664
2017-02-27,31.61115074157715,19.736970901489258,79.59169006347656,74.7376708984375,94.52465057373047,70.42642211914062,30.821327209472656,57.76754379272461,2.568547010421753,21.066701889038086,70.3058853149414,53.89373779296875
2017-02-28,31.62500762939453,19.57134246826172,78.95457458496094,75.2392578125,94.3779067993164,70.57439422607422,31.03583335876465,57.54269027709961,2.496467113494873,20.968374252319336,70.44513702392578,53.74831771850586
2017-03-01,32.27140808105469,19.876108169555664,80.52289581298828,76.16220092773438,95.65213012695312,72.89521026611328,31.18375587463379,58.40610122680664,2.5286941528320312,21.152742385864258,70.9015121459961,54.871917724609375
2017-03-02,32.079795837402344,19.664094924926758,77.07588195800781,75.8144302368164,95.47451782226562,71.75816345214844,31.413043975830078,57.569679260253906,2.435457706451416,21.208044052124023,70.32137298583984,55.0570068359375
2017-03-03,32.269107818603516,19.650840759277344,77.69667053222656,75.9415054321289,95.59808349609375,72.27220153808594,31.420448303222656,57.78553009033203,2.4214351177215576,21.214191436767578,70.00421905517578,54.50178909301758
2017-03-06,32.167518615722656,19.558090209960938,78.13776397705078,75.68734741210938,95.53628540039062,71.5868148803711,31.198549270629883,57.80352783203125,2.4027388095855713,21.109716415405273,69.90365600585938,54.746334075927734
2017-03-07,32.20907211303711,19.47195816040039,78.35829162597656,74.77777099609375,95.62894439697266,71.18964385986328,31.058013916015625,57.920440673828125,2.4290621280670166,20.888479232788086,69.84175872802734,54.541446685791016
2017-03-08,32.08903121948242,19.27982521057129,76.1528549194336,73.30645751953125,95.83747863769531,71.03388977050781,31.058013916015625,58.45106887817383,2.424633264541626,20.839313507080078,69.72575378417969,53.556640625
2017-03-09,32.01515579223633,18.96180534362793,74.64988708496094,73.59403228759766,97.26616668701172,71.3142318725586,31.08759880065918,58.21725082397461,2.4241418838500977,20.925355911254883,69.88043212890625,53.979637145996094
2017-03-10,32.12135696411133,19.173809051513672,75.40139770507812,73.9752426147461,97.46694946289062,71.08837127685547,31.279905319213867,58.3971061706543,2.4384100437164307,20.962228775024414,70.44513702392578,53.939998626708984
2017-03-13,32.135196685791016,20.10799789428711,75.6709213256836,73.13256072998047,97.82989501953125,71.15071868896484,31.36198616027832,58.199249267578125,2.5055696964263916,20.962228775024414,70.6307601928711,53.81440734863281
2017-03-14,32.08673095703125,20.035114288330078,75.0338134765625,71.80166625976562,98.11564636230469,71.26750183105469,31.317222595214844,57.92942810058594,2.503847599029541,21.029827117919922,70.3909912109375,53.53020477294922
2017-03-15,32.426082611083984,20.214004516601562,76.25904083251953,72.81822204589844,99.59064483642578,71.43885803222656,31.429140090942383,58.2352180480957,2.5227901935577393,21.28178596496582,70.70040893554688,54.1977653503418
2017-03-16,32.47917556762695,20.273632049560547,75.84248352050781,72.13607788085938,99.20453643798828,71.36876678466797,31.52614402770996,58.13629150390625,2.553786277770996,21.15888023376465,70.73131561279297,54.24402618408203
2017-03-17,32.31757736206055,20.26700210571289,75.89146423339844,72.01568603515625,98.89562225341797,70.62110137939453,31.36198616027832,58.34314727783203,2.609384059906006,21.091279983520508,70.3909912109375,54.1977653503418
2017-03-20,32.656944274902344,20.227249145507812,77.92536926269531,72.00230407714844,98.90335845947266,70.11488342285156,31.473920822143555,58.3971061706543,2.6925337314605713,21.128154754638672,70.5611572265625,54.1977653503418
2017-03-21,32.282958984375,19.88273048400879,75.4994125366211,72.25643920898438,98.27008056640625,68.05890655517578,31.712703704833984,57.74955749511719,2.60544753074646,21.04825782775879,70.5379409790039,54.08540725708008
2017-03-22,32.647701263427734,19.862857818603516,75.4994125366211,72.4905014038086,97.50555419921875,68.16790771484375,31.623165130615234,58.48704528808594,2.6585853099823,21.1834659576416,70.38323974609375,54.03912353515625
2017-03-23,32.53227233886719,19.80322265625,75.3360366821289,72.14276885986328,97.22754669189453,68.05890655517578,31.46645164489746,58.34314727783203,2.63447642326355,21.072845458984375,70.21306610107422,54.1052360534668
2017-03-24,32.467620849609375,19.664094924926758,75.27070617675781,72.22301483154297,96.90316772460938,67.98098754882812,31.429140090942383,58.44209671020508,2.643824815750122,20.89462661743164,70.05835723876953,53.6888313293457
2017-03-27,32.523048400878906,19.60446548461914,74.7479248046875,71.0793685913086,97.15031433105469,67.94207000732422,31.578378677368164,58.549991607666016,2.663013219833374,21.005245208740234,69.99647521972656,53.70203399658203
2017-03-28,33.1971435546875,19.62434196472168,75.92414093017578,71.67459106445312,97.0422134399414,69.00122833251953,31.66046905517578,58.72088623046875,2.6492366790771484,20.992956161499023,70.2053451538086,54.09199905395508
2017-03-29,33.2710075378418,19.418949127197266,75.85063934326172,72.2765121459961,96.47071838378906,68.74420928955078,31.653005599975586,58.882781982421875,2.6406261920928955,21.097423553466797,70.0815658569336,54.21096420288086
2017-03-30,33.2271614074707,19.670719146728516,76.14468383789062,72.08255004882812,96.26995086669922,69.33611297607422,31.787322998046875,59.09861755371094,2.6913037300109863,21.109716415405273,69.77215576171875,55.32136917114258
2017-03-31,33.1648063659668,19.677343368530273,75.7689437866211,71.8083724975586,96.18498992919922,68.40935516357422,31.66792869567871,59.233551025390625,2.679741621017456,21.023685455322266,69.50141906738281,54.20436477661133
2017-04-03,33.1740608215332,19.57134246826172,75.36870574951172,72.095947265625,96.29310607910156,68.1601333618164,31.64553451538086,58.95473098754883,2.6662116050720215,21.0421142578125,69.36991882324219,54.24402618408203
2017-04-04,33.42107391357422,19.637598037719727,76.88800048828125,72.67109680175781,96.28538513183594,68.38727569580078,31.847007751464844,59.116615295410156,2.4792466163635254,21.10356903076172,69.54781341552734,54.44231033325195
2017-04-05,33.24793243408203,19.524965286254883,76.97785949707031,72.65771484375,96.37806701660156,67.51000213623047,31.76492691040039,58.96372985839844,2.460796594619751,21.011388778686523,69.59424591064453,54.548065185546875
2017-04-06,33.1648063659668,19.71709632873535,78.26844787597656,73.09244537353516,96.57112121582031,67.73716735839844,31.839550018310547,59.116615295410156,2.478755235671997,20.962228775024414,69.15333557128906,54.86530685424805
2017-04-07,33.09095001220703,19.47195816040039,78.02339172363281,72.80486297607422,96.47071838378906,67.50218963623047,31.794780731201172,59.07164764404297,2.468177318572998,20.956077575683594,69.02182006835938,54.7000732421875
2017-04-10,33.05171203613281,19.505084991455078,79.3466796875,73.18607330322266,96.02281951904297,67.26720428466797,31.854480743408203,58.93675231933594,2.4051992893218994,20.91921043395996,69.22293853759766,54.944618225097656
2017-04-11,32.6961784362793,19.372581481933594,79.3139877319336,72.8784408569336,95.93011474609375,67.14970397949219,31.83209228515625,58.89178466796875,2.413808822631836,20.85160255432129,69.46273040771484,54.75294876098633
2017-04-12,32.73542785644531,19.385833740234375,77.48429107666016,72.8784408569336,96.84141540527344,66.8912353515625,32.04100799560547,58.666927337646484,2.3938817977905273,20.845462799072266,69.85725402832031,54.83888244628906
2017-04-13,32.562286376953125,19.12080955505371,76.04667663574219,70.9590072631836,96.5247802734375,66.10797119140625,31.92908477783203,58.41510772705078,2.3491103649139404,20.820880889892578,69.64064025878906,53.99286651611328
2017-04-17,32.74235153198242,19.379207611083984,76.89616394042969,71.00582122802734,97.08851623535156,67.25152587890625,32.138023376464844,58.89178466796875,2.441115379333496,20.89462661743164,69.91912078857422,53.92014694213867
2017-04-18,32.5969123840332,19.611095428466797,77.10039520263672,70.6781005859375,94.07672882080078,66.7032470703125,32.4439582824707,58.81082534790039,2.442591905593872,20.79629898071289,70.23627471923828,53.569854736328125
2017-04-19,32.476863861083984,19.915857315063477,76.34890747070312,69.70836639404297,93.72920989990234,66.15494537353516,32.257408142089844,58.49605941772461,2.45218563079834,20.654951095581055,69.83876037597656,53.19972610473633
2017-04-20,32.8831787109375,20.02185821533203,77.96316528320312,70.14305877685547,94.1153564453125,67.00872802734375,32.152950286865234,58.90976333618164,2.491055488586426,20.73484230041504,69.6282958984375,53.543426513671875
2017-04-21,32.84393310546875,20.06161880493164,77.68315124511719,70.14973449707031,94.03035736083984,66.20194244384766,32.138023376464844,59.7192268371582,2.501386880874634,20.673391342163086,69.07489013671875,53.331905364990234
2017-04-24,33.160213470458984,20.161001205444336,79.73394012451172,70.84529876708984,94.90303802490234,68.53608703613281,32.294715881347656,60.73552322387695,2.5326309204101562,20.73484230041504,69.79979705810547,53.60951232910156
2017-04-25,33.36566162109375,20.465761184692383,86.00162506103516,71.3803482055664,95.32005310058594,69.13135528564453,32.16787338256836,61.08626937866211,2.576665163040161,20.747133255004883,70.1505355834961,54.01930618286133
2017-04-26,33.169437408447266,20.717525482177734,86.19931030273438,70.94561767578125,95.3818130493164,69.2645263671875,32.2648811340332,61.005340576171875,2.558953046798706,20.802444458007812,68.38896942138672,53.801185607910156
2017-04-27,33.19483184814453,21.105981826782227,84.56858825683594,70.53764343261719,95.5594711303711,68.62226104736328,32.093257904052734,61.401058197021484,2.5988051891326904,20.808589935302734,68.3499984741211,53.708656311035156
2017-04-28,33.162506103515625,21.01738739013672,84.22262573242188,71.3602523803711,95.35096740722656,68.14445495605469,32.197715759277344,61.57194519042969,2.5658411979675293,20.845462799072266,68.06941223144531,53.9664192199707
2017-05-01,33.838924407958984,21.01738739013672,84.00846862792969,70.83859252929688,95.25054168701172,68.19145202636719,32.24995040893555,62.426361083984375,2.623406171798706,20.759428024291992,67.88233947753906,54.23740768432617
2017-05-02,34.053619384765625,20.956050872802734,83.60491943359375,70.46408081054688,95.52857971191406,67.75281524658203,32.376792907714844,62.32743453979492,2.545668601989746,20.654951095581055,67.20421600341797,54.230812072753906
2017-05-03,33.949737548828125,20.983314514160156,83.6296157836914,71.37364196777344,95.24283599853516,68.14445495605469,32.324554443359375,62.12955093383789,2.564610719680786,20.568918228149414,67.36788940429688,54.660423278808594
2017-05-04,33.827369689941406,20.622114181518555,81.85887908935547,70.09623718261719,95.72164154052734,68.22278594970703,32.57826614379883,61.88673400878906,2.5547707080841064,20.55661964416504,67.38345336914062,53.95981979370117
2017-05-05,34.38835144042969,20.6357479095459,82.06476593017578,70.75164794921875,95.3818130493164,68.14445495605469,32.600650787353516,62.05759048461914,2.555015802383423,20.575061798095703,67.42244720458984,54.21096420288086
2017-05-08,35.32332992553711,20.526708602905273,81.84239959716797,71.34688568115234,95.18106842041016,68.22278594970703,32.74988555908203,62.003662109375,2.5282013416290283,20.55661964416504,67.46141815185547,54.78601837158203
2017-05-09,35.54957962036133,20.4381160736084,81.77653503417969,70.27682495117188,95.15017700195312,67.94865417480469,32.46635055541992,62.09360122680664,2.532384157180786,20.51360511779785,67.34452819824219,54.40266418457031
2017-05-10,35.381046295166016,20.458559036254883,82.65776824951172,71.22651672363281,94.84124755859375,68.48127746582031,32.511112213134766,62.33640670776367,2.983804941177368,20.494991302490234,67.4146499633789,54.64952087402344
2017-05-11,35.68702697753906,20.444927215576172,83.17665100097656,71.03256225585938,95.14242553710938,68.269775390625,32.585731506347656,61.57194519042969,3.111974000930786,20.501197814941406,67.16524505615234,55.11655044555664
2017-05-12,36.1854248046875,20.38359260559082,82.946044921875,70.8653564453125,95.48222351074219,68.0818099975586,32.526023864746094,61.4999885559082,3.1461679935455322,20.482582092285156,67.1808090209961,55.07651138305664
2017-05-15,36.09269332885742,20.51988983154297,84.35442352294922,71.4605941772461,98.06929779052734,68.4107666015625,32.630489349365234,61.544944763183594,3.3041043281555176,20.55083465576172,67.2899398803711,55.24331283569336
2017-05-16,36.03937530517578,20.588041305541992,84.28852081298828,71.72808837890625,98.67166137695312,68.62226104736328,32.72003173828125,62.7841911315918,3.3656060695648193,20.228174209594727,67.21977996826172,55.07651138305664
2017-05-17,34.82933807373047,19.981508255004883,82.47659301757812,70.7349853515625,97.82219696044922,66.00613403320312,32.77973556518555,61.038414001464844,3.14198637008667,19.998592376708984,67.23540496826172,54.70287322998047
2017-05-18,35.360172271728516,19.954254150390625,82.54246520996094,71.052490234375,98.05386352539062,65.76329803466797,32.6827278137207,61.246456146240234,3.27359938621521,19.99238395690918,66.93138122558594,54.542762756347656
2017-05-19,35.48072052001953,20.35633659362793,84.36268615722656,71.96454620361328,98.07701873779297,66.40559387207031,32.757354736328125,61.228355407714844,3.3492023944854736,20.14130210876465,67.21977996826172,54.66286087036133
2017-05-22,35.69630432128906,21.726146697998047,84.2473373413086,71.6943588256836,98.2778091430664,66.34294891357422,32.96628189086914,61.915836334228516,3.4206204414367676,19.930335998535156,67.19642639160156,54.903045654296875
2017-05-23,35.652259826660156,22.12822914123535,85.35096740722656,71.795654296875,98.47859954833984,67.1732177734375,33.12298583984375,62.12385559082031,3.3745687007904053,19.942747116088867,67.09508514404297,55.096527099609375
2017-05-24,35.545631408691406,22.169116973876953,85.61456298828125,71.76190185546875,98.47087860107422,67.13401794433594,33.60054397583008,62.205265045166016,3.4124932289123535,19.88690757751465,67.42244720458984,54.903045654296875
2017-05-25,35.668487548828125,22.12822914123535,86.49580383300781,71.0119857788086,99.13944244384766,66.85205841064453,33.88409423828125,62.97414016723633,3.4048588275909424,19.95516014099121,67.70305633544922,54.542762756347656
2017-05-26,35.608211517333984,22.203189849853516,87.02294158935547,70.7485122680664,98.66523742675781,66.8598861694336,33.86915969848633,63.28167724609375,3.4930217266082764,19.942747116088867,68.00704956054688,54.409332275390625
2017-05-30,35.62213134765625,22.39401626586914,86.8664321899414,70.30259704589844,98.81294250488281,65.71632385253906,33.899009704589844,63.6887321472168,3.5676400661468506,19.936546325683594,68.12395477294922,54.10909652709961
2017-05-31,35.41118240356445,22.407644271850586,86.83350372314453,69.9107437133789,99.69914245605469,64.34558868408203,33.92884826660156,63.173118591308594,3.5548346042633057,20.259199142456055,68.6617660522461,53.708770751953125
2017-06-01,35.50855255126953,22.796096801757812,87.01468658447266,70.44445037841797,100.11116027832031,65.05838012695312,34.16762924194336,63.408329010009766,3.5550804138183594,20.296428680419922,68.69295501708984,53.842201232910156
2017-06-02,36.03472900390625,22.959653854370117,87.26177215576172,69.66078186035156,101.12174224853516,64.72940826416016,34.242244720458984,64.90987396240234,3.5373494625091553,20.19094467163086,69.0515365600586,53.04158401489258
2017-06-05,35.682395935058594,22.70749855041504,86.64405059814453,69.7148208618164,101.33944702148438,64.84687805175781,34.316871643066406,65.38020324707031,3.644967555999756,20.073055267333984,69.16841888427734,53.45524215698242
2017-06-06,35.80292510986328,22.56439208984375,86.10871124267578,70.37689971923828,101.70480346679688,64.98005676269531,34.30940628051758,65.5972900390625,3.628466844558716,19.899311065673828,69.21517181396484,54.1824836730957
2017-06-07,36.01620101928711,22.687057495117188,85.25215148925781,70.10665893554688,101.6426010131836,65.72415161132812,33.95871353149414,65.47970581054688,3.67230224609375,19.855880737304688,69.19180297851562,53.98231506347656
2017-06-08,35.92811584472656,22.687057495117188,86.48756408691406,70.2620620727539,101.48712921142578,66.53873443603516,33.67515563964844,65.08170318603516,3.9387617111206055,19.700756072998047,68.47470092773438,53.78882598876953
2017-06-09,34.534934997558594,22.7415771484375,87.23705291748047,71.88349151611328,102.24894714355469,68.11312866210938,33.81692886352539,63.60731887817383,3.6841228008270264,20.33365821838379,68.71635437011719,54.796287536621094
2017-06-12,33.709693908691406,22.23727035522461,87.36061096191406,72.99146270751953,102.47441101074219,68.12879943847656,33.824398040771484,63.11886215209961,3.693234443664551,20.29022979736328,68.77870178222656,55.33002853393555
2017-06-13,33.980918884277344,22.44171905517578,87.09703063964844,73.05227661132812,102.62984466552734,68.35594177246094,33.87705612182617,63.90583419799805,3.7284514904022217,20.21576690673828,68.63838958740234,55.35005187988281
2017-06-14,33.649436950683594,22.332677841186523,86.240478515625,72.01858520507812,103.2129135131836,68.2149429321289,34.08018112182617,63.56208038330078,3.7363317012786865,20.284025192260742,68.9345932006836,54.756263732910156
2017-06-15,33.44775390625,22.175933837890625,87.63240814208984,71.8362045288086,103.42280578613281,67.80765533447266,34.042572021484375,63.227420806884766,3.752337694168091,20.358482360839844,69.66728210449219,54.88302993774414
2017-06-16,32.979496002197266,22.257707595825195,88.62071228027344,73.2009048461914,104.441162109375,67.50218963623047,34.08769607543945,63.31786346435547,3.7338685989379883,20.457761764526367,69.8855209350586,55.70368576049805
2017-06-19,33.92295837402344,22.537120819091797,88.5301284790039,72.599609375,104.2235107421875,68.98255157470703,34.14036178588867,64.10482788085938,3.8742401599884033,20.612890243530273,70.04141235351562,55.21662521362305
2017-06-20,33.61465072631836,22.448528289794922,88.1595230102539,71.93754577636719,104.3401107788086,68.55175018310547,34.31340026855469,63.23645782470703,3.868574619293213,20.823854446411133,69.86212921142578,54.9163703918457
2017-06-21,33.81400680541992,22.462162017822266,85.21919250488281,70.59308624267578,104.87652587890625,68.23846435546875,34.019989013671875,63.56208038330078,3.927185297012329,21.022417068481445,69.682861328125,54.33591842651367
2017-06-22,33.75837326049805,22.530309677124023,85.52393341064453,70.56607055664062,105.76272583007812,68.16012573242188,33.907135009765625,63.55304718017578,3.900097370147705,21.134103775024414,69.39444732666016,54.09575271606445
2017-06-23,33.909053802490234,22.584829330444336,85.74633026123047,70.93763732910156,106.0581283569336,68.03480529785156,34.042572021484375,64.41236114501953,3.78829288482666,21.20235824584961,69.69843292236328,54.44935607910156
2017-06-26,33.80243682861328,22.591646194458008,85.86162567138672,70.35663604736328,105.9881820678711,68.33245086669922,34.177982330322266,63.79725646972656,3.746920347213745,21.121694564819336,69.65165710449219,54.20249938964844
2017-06-27,33.31793212890625,22.45534896850586,85.59805297851562,70.3093490600586,104.95423889160156,68.96690368652344,33.892093658447266,62.603275299072266,3.609750986099243,20.954158782958984,69.06707000732422,54.11576461791992
2017-06-28,33.80473709106445,22.721134185791016,87.6735610961914,70.45123291015625,104.02915954589844,70.35327911376953,34.09523391723633,63.13697052001953,3.737070322036743,20.94174575805664,68.88004302978516,54.39598083496094
2017-06-29,33.30635070800781,22.673425674438477,87.00645446777344,70.34314727783203,103.11185455322266,71.39505004882812,33.72659683227539,61.951995849609375,3.6122145652770996,20.86728858947754,67.80437469482422,53.842201232910156
2017-06-30,33.38516616821289,22.727941513061523,88.50542449951172,70.48500061035156,102.83978271484375,71.59085083007812,33.74162292480469,62.350013732910156,3.5600063800811768,20.842470169067383,67.92911529541016,53.86222839355469
2017-07-03,33.264617919921875,22.571205139160156,88.10186767578125,71.81593322753906,103.31398010253906,73.04785919189453,33.673919677734375,61.66255187988281,3.431209087371826,20.985185623168945,68.38896942138672,54.776283264160156
2017-07-05,33.401390075683594,22.50986671447754,88.5301284790039,70.6809310913086,103.88925170898438,73.78032684326172,33.719058990478516,62.485679626464844,3.522819757461548,20.87349510192871,68.33442687988281,53.942291259765625
2017-07-06,33.08612823486328,22.407644271850586,87.7229995727539,70.14043426513672,103.0185775756836,73.54405212402344,33.4030876159668,62.02436065673828,3.5334088802337646,20.612890243530273,68.10059356689453,53.45524215698242
2017-07-07,33.42225646972656,22.482608795166016,88.06068420410156,69.9175033569336,103.03410339355469,73.9142074584961,33.39556121826172,62.829402923583984,3.614183187484741,20.693544387817383,68.31881713867188,53.521949768066406
2017-07-10,33.62623977661133,22.69386863708496,88.81839752197266,69.61347961425781,102.26449584960938,73.39440155029297,33.38804626464844,63.29977798461914,3.7850918769836426,20.730777740478516,67.88233947753906,53.481929779052734
2017-07-11,33.735198974609375,22.850608825683594,89.1478271484375,69.66751861572266,102.0157470703125,73.11087799072266,33.350425720214844,63.308807373046875,3.838778018951416,20.58185577392578,67.63289642333984,53.775474548339844
2017-07-12,33.78387451171875,22.946027755737305,89.7408447265625,70.18772888183594,102.79310607910156,72.85885620117188,33.485843658447266,64.35807800292969,4.002051830291748,20.612890243530273,67.78102111816406,54.01567459106445
2017-07-13,34.25444793701172,23.08232307434082,89.33728790283203,70.3498764038086,102.50548553466797,73.32351684570312,33.425662994384766,64.91887664794922,3.9557535648345947,20.650121688842773,67.57835388183594,54.02234649658203
2017-07-14,34.54884338378906,23.47077751159668,89.58438110351562,70.55931854248047,103.08074951171875,72.6540756225586,33.61373519897461,65.83248901367188,4.062139987945557,20.74319076538086,67.89010620117188,54.22917938232422
2017-07-17,34.66938781738281,23.54574203491211,89.64200592041016,70.4039306640625,102.7309341430664,71.97676086425781,33.651363372802734,66.34808349609375,4.044900894165039,20.631500244140625,68.24088287353516,53.9489631652832
2017-07-18,34.789920806884766,23.51848030090332,88.82076263427734,70.07289123535156,104.52668762207031,71.72473907470703,33.60622024536133,66.3028564453125,4.087013244628906,20.699752807617188,69.09044647216797,53.775474548339844
2017-07-19,35.00782775878906,23.702478408813477,89.4677963256836,70.57281494140625,105.10972595214844,71.82711791992188,33.72659683227539,66.80940246582031,4.0658345222473145,20.861087799072266,69.40470886230469,53.942291259765625
2017-07-20,34.85020446777344,23.36174201965332,89.02812194824219,70.68767547607422,106.16698455810547,71.82711791992188,33.719058990478516,67.135009765625,4.124937057495117,20.811439514160156,69.60108947753906,53.9489631652832
2017-07-21,34.833980560302734,23.4571475982666,88.42255401611328,69.75535583496094,105.18744659423828,71.58296966552734,33.87705612182617,66.7460708618164,4.139713764190674,20.77420997619629,69.60894775390625,53.45524215698242
2017-07-24,35.25586700439453,23.40943717956543,89.74153900146484,69.72158813476562,103.39947509765625,71.89012908935547,33.73412322998047,66.57421112060547,4.091691970825195,20.674938201904297,69.27115631103516,53.28844451904297
2017-07-25,35.40654754638672,23.54574203491211,95.01753234863281,70.52552795410156,102.52103424072266,73.08724975585938,34.035037994384766,67.10790252685547,4.071990966796875,20.538429260253906,70.02530670166016,53.55531692504883
2017-07-26,35.57344055175781,23.504854202270508,94.17138671875,71.01871490478516,101.7980728149414,72.40204620361328,34.411190032958984,66.98127746582031,4.119027137756348,20.408117294311523,70.15100860595703,53.62202072143555
2017-07-27,34.90120315551758,23.380239486694336,94.87654113769531,71.68756103515625,101.70480346679688,72.10277557373047,34.69708251953125,66.17620086669922,3.983088731765747,20.476381301879883,71.23507690429688,53.92893981933594
2017-07-28,34.65549087524414,23.214069366455078,94.65254974365234,73.0455093383789,102.49771118164062,71.89012908935547,34.61433029174805,66.06765747070312,4.0483479499816895,20.569446563720703,70.86583709716797,53.108314514160156
2017-07-31,34.47697830200195,23.158681869506836,94.5280990600586,73.7684097290039,103.17403411865234,72.2996826171875,34.4864387512207,65.76011657714844,4.002051830291748,20.57565689086914,71.34505462646484,53.40187072753906
2017-08-01,34.7829704284668,23.19329833984375,93.8229751586914,74.84259033203125,103.01078796386719,73.26837921142578,34.381103515625,65.65155792236328,4.050809860229492,20.52601432800293,71.56501007080078,53.48859786987305
2017-08-02,36.42649841308594,22.992517471313477,93.81468963623047,74.62641143798828,102.73869323730469,73.3313980102539,34.2983512878418,65.36213684082031,4.0483479499816895,20.626262664794922,71.51786804199219,53.775474548339844
2017-08-03,36.062564849853516,22.971750259399414,94.20457458496094,73.93054962158203,103.66378021240234,72.8509750366211,34.35854721069336,65.26261138916016,4.099820137023926,20.945812225341797,71.37646484375,53.70208740234375
2017-08-04,36.25265121459961,23.387155532836914,94.85991668701172,74.38995361328125,103.53162384033203,73.76457977294922,34.23063659667969,65.74201965332031,4.117796421051025,21.0773868560791,71.22724151611328,53.51529312133789
2017-08-07,36.813621520996094,23.43561553955078,95.1585693359375,74.16699981689453,103.28286743164062,74.04808807373047,34.335975646972656,65.48876190185547,4.244375228881836,20.870620727539062,71.83211517333984,53.481929779052734
2017-08-08,37.10801696777344,23.394084930419922,94.90971374511719,74.55209350585938,102.82422637939453,73.78032684326172,34.30587387084961,65.84154510498047,4.193890571594238,20.85182762145996,71.94209289550781,53.34848403930664
2017-08-09,37.33518981933594,23.124067306518555,94.85163116455078,74.91692352294922,103.57049560546875,73.66218566894531,34.2983512878418,65.55208587646484,4.238466262817383,20.958343505859375,72.20918273925781,53.51529312133789
2017-08-10,36.145999908447266,22.36249542236328,93.86446380615234,74.38995361328125,103.46166229248047,72.60682678222656,34.411190032958984,64.5932846069336,4.0569682121276855,20.939546585083008,72.0677719116211,53.19866943359375
2017-08-11,36.648658752441406,22.120180130004883,93.61558532714844,73.79542541503906,103.46943664550781,72.00039672851562,34.2983512878418,65.5792236328125,3.840747833251953,20.833032608032227,71.7535400390625,52.68667984008789
2017-08-14,37.20021057128906,22.452499389648438,94.32899475097656,73.44409942626953,103.76487731933594,72.8431167602539,34.45634460449219,66.5651626586914,4.147100925445557,20.870620727539062,71.9970703125,52.70016860961914
2017-08-15,37.607479095458984,22.334808349609375,94.27922058105469,73.34954071044922,103.68711853027344,73.03208923339844,34.749752044677734,66.58335876464844,4.1121320724487305,20.914478302001953,72.42916107177734,52.57217025756836
2017-08-16,37.45621109008789,22.272491455078125,94.66913604736328,72.90597534179688,104.30126190185547,72.5280532836914,34.75727844238281,66.97438049316406,4.067066669464111,20.901952743530273,72.61764526367188,52.18817901611328
2017-08-17,36.73709487915039,21.87786102294922,93.85614776611328,72.27820587158203,103.42280578613281,71.39397430419922,34.5014762878418,65.83767700195312,3.9764404296875,20.645061492919922,72.32701873779297,51.3730583190918
2017-08-18,36.65332794189453,21.822471618652344,94.50323486328125,72.66031646728516,103.10407257080078,71.46485137939453,34.35854721069336,65.91951751708984,3.9771785736083984,20.46962547302246,72.64126586914062,51.629051208496094
2017-08-21,36.585845947265625,21.711700439453125,94.23776245117188,72.18266296386719,103.74152374267578,71.37821197509766,34.366065979003906,65.61031341552734,3.9193060398101807,20.526018142700195,72.94762420654297,51.453895568847656
2017-08-22,37.18391799926758,21.98863410949707,96.07936096191406,72.57842254638672,104.71324157714844,72.11064910888672,34.30587387084961,66.52877044677734,4.006560802459717,20.77037811279297,72.8926010131836,51.696407318115234
2017-08-23,37.23047637939453,22.01633071899414,95.19175720214844,72.7490463256836,103.2362289428711,72.1972885131836,34.26073455810547,66.12866973876953,4.086667060852051,20.826763153076172,72.61764526367188,51.60884475708008
2017-08-24,37.065250396728516,21.89171028137207,95.2166519165039,73.3154067993164,103.30619049072266,72.07914733886719,34.16293716430664,66.10138702392578,4.071631908416748,20.820499420166016,72.48411560058594,51.420230865478516
2017-08-25,37.20254898071289,21.857091903686523,95.68948364257812,73.85450744628906,103.0167236328125,72.37054443359375,34.28330612182617,66.21961975097656,4.0376176834106445,20.920747756958008,72.67267608642578,51.68294906616211
2017-08-28,37.57722473144531,22.120180130004883,95.45722961425781,73.53376770019531,103.06366729736328,72.14214324951172,34.17045211791992,66.22872161865234,4.06620979309082,20.97088050842285,72.64126586914062,51.51451110839844
2017-08-29,37.91233444213867,22.113258361816406,96.23697662353516,73.60199737548828,103.43136596679688,71.74835205078125,34.19303512573242,66.42876434326172,4.059553146362305,20.989673614501953,72.52339172363281,51.50104904174805
2017-08-30,38.014732360839844,22.5217342376709,97.51451110839844,73.5133056640625,102.5395278930664,71.91374969482422,34.14788055419922,67.30175018310547,4.083710193634033,20.958343505859375,72.16987609863281,51.265262603759766
2017-08-31,38.165985107421875,22.660200119018555,97.4647445678711,73.43824005126953,103.55654907226562,71.58296966552734,34.26826095581055,67.99287414550781,4.17638635635376,21.25282096862793,72.48411560058594,51.420230865478516
2017-09-01,38.177642822265625,22.646350860595703,98.12008666992188,74.2161636352539,102.50821685791016,72.22090911865234,34.441280364990234,67.23809814453125,4.201529026031494,21.27788543701172,72.68834686279297,51.5818977355957
2017-09-05,37.719181060791016,22.182493209838867,98.13668823242188,74.68017578125,101.62417602539062,70.49612426757812,34.546630859375,66.93800354003906,4.089377403259277,21.177631378173828,72.8376235961914,51.99282455444336
2017-09-06,37.67961120605469,22.16171646118164,97.04166412353516,76.28378295898438,102.2265853881836,70.96865844726562,34.57670974731445,66.74703216552734,4.086915016174316,21.29668617248535,72.8376235961914,53.0706787109375
2017-09-07,37.52836227416992,21.89171028137207,97.69700622558594,76.2906265258789,103.41571807861328,69.72431182861328,34.81745529174805,67.60183715820312,4.105894088745117,21.29668617248535,73.03401184082031,53.23908996582031
2017-09-08,36.916297912597656,21.884790420532227,97.73847961425781,75.59457397460938,102.46910095214844,69.63766479492188,34.832496643066406,67.27445983886719,4.034658908843994,21.365602493286133,72.9319076538086,53.09763717651367
2017-09-11,37.584197998046875,22.258651733398438,98.60954284667969,76.78191375732422,104.21371459960938,70.71662902832031,34.998008728027344,67.98377227783203,4.1655402183532715,21.50344467163086,73.83529663085938,53.38728713989258
2017-09-12,37.435264587402344,22.293264389038086,100.32672119140625,76.7614517211914,103.75994110107422,71.58296966552734,35.14847946166992,67.91100311279297,4.180577754974365,22.16132926940918,73.4582290649414,53.55570983886719
2017-09-13,37.15366744995117,22.175567626953125,99.23998260498047,77.9146957397461,103.61913299560547,71.7877426147461,35.261322021484375,68.39299011230469,4.1993088722229,21.967098236083984,73.48965454101562,53.737606048583984
2017-09-14,36.834842681884766,22.21710968017578,99.94510650634766,78.09894561767578,104.97254943847656,71.64598083496094,34.96558380126953,67.99287414550781,4.175400733947754,22.386886596679688,73.48965454101562,53.95317459106445
2017-09-15,37.20719528198242,22.355575561523438,100.68343353271484,78.22175598144531,105.18378448486328,72.15790557861328,35.01866912841797,68.48392486572266,4.439384460449219,22.155061721801758,73.26968383789062,53.93968200683594
2017-09-18,36.92560577392578,22.383264541625977,102.72413635253906,78.6039047241211,105.91133117675781,73.18175506591797,34.96558380126953,68.34751892089844,4.622764587402344,22.274112701416016,73.1754150390625,53.95317459106445
2017-09-19,36.93956756591797,22.43865394592285,103.47903442382812,79.38861083984375,105.78617858886719,73.9850845336914,34.86699676513672,68.60214233398438,4.617836952209473,22.211456298828125,73.9766845703125,54.040733337402344
2017-09-20,36.320552825927734,22.58403778076172,103.57029724121094,79.40911865234375,104.22152709960938,74.5048828125,34.71533203125,68.1474609375,4.580616474151611,22.549793243408203,74.15735626220703,54.263057708740234
2017-09-21,35.696842193603516,22.646350860595703,103.52049255371094,79.47733306884766,103.07148742675781,74.84353637695312,34.42719268798828,67.4836196899414,4.455402851104736,22.53727149963379,72.77476501464844,53.81843566894531
2017-09-22,35.34775924682617,22.96483039855957,103.22187805175781,80.03689575195312,102.78984832763672,74.68604278564453,34.49544143676758,67.66549682617188,4.412023067474365,22.53099822998047,72.46055603027344,53.83864212036133
2017-09-25,35.03593063354492,22.937131881713867,103.130615234375,80.51457214355469,102.61774444580078,74.1268539428711,34.6470947265625,66.61971282958984,4.214838027954102,22.249042510986328,72.8376235961914,54.55272674560547
2017-09-26,35.638668060302734,22.72943687438965,103.28827667236328,80.19384765625,102.43782043457031,73.79605865478516,34.55609893798828,66.61971282958984,4.238499164581299,22.117477416992188,72.78264617919922,54.492088317871094
2017-09-27,35.892330169677734,22.79867172241211,103.29654693603516,80.14607238769531,101.50685119628906,74.96167755126953,33.850868225097656,67.15625,4.331424236297607,22.211456298828125,71.38432312011719,54.855873107910156
2017-09-28,35.67124938964844,23.075607299804688,103.8855209350586,80.26209259033203,101.28778076171875,75.11918640136719,34.05562210083008,67.17443084716797,4.3301920890808105,22.30544090270996,71.40003967285156,55.36784744262695
2017-09-29,35.866737365722656,23.10329818725586,103.45415496826172,80.18020629882812,101.71023559570312,75.2215576171875,34.13144302368164,67.73822784423828,4.406354904174805,22.36809539794922,71.47075653076172,55.226383209228516
2017-10-02,35.79458236694336,22.847129821777344,103.46244812011719,80.13243103027344,102.65687561035156,76.26905822753906,33.972198486328125,67.84735107421875,4.412023067474365,22.599918365478516,72.0913314819336,54.990596771240234
2017-10-03,35.95051574707031,23.00636863708496,104.11781311035156,80.3985595703125,103.34529876708984,76.67072296142578,34.26793670654297,67.52909088134766,4.421143054962158,22.643779754638672,72.36628723144531,55.07817840576172
2017-10-04,35.7177848815918,23.23484230041504,105.13814544677734,80.23478698730469,103.96334075927734,75.8910140991211,34.50300598144531,67.92010498046875,4.4581146240234375,22.53099822998047,72.60196685791016,55.098384857177734
2017-10-05,36.16229248046875,23.276378631591797,104.8561019897461,80.91717529296875,104.19802856445312,76.91291046142578,34.518184661865234,69.08409118652344,4.455650329589844,22.55606460571289,72.29560852050781,55.25333023071289
2017-10-06,36.14134216308594,23.15176010131836,105.2957763671875,79.85948944091797,104.22152709960938,76.77825164794922,34.49544143676758,69.1113510131836,4.468713760375977,22.587392807006836,72.53126525878906,55.044490814208984
2017-10-09,36.26702117919922,23.02713394165039,105.2542724609375,80.323486328125,104.40145111083984,76.37425231933594,34.43476867675781,69.37507629394531,4.569522857666016,22.643779754638672,72.36628723144531,55.260047912597656
2017-10-10,36.280967712402344,22.90252113342285,106.34100341796875,81.06730651855469,104.75350952148438,76.94462585449219,34.78358840942383,69.37507629394531,4.656778335571289,22.806686401367188,71.9735107421875,55.41500473022461
2017-10-11,36.432254791259766,22.978673934936523,106.68113708496094,81.42896270751953,106.90491485595703,76.71490478515625,34.9579963684082,69.49329376220703,4.706321716308594,22.838010787963867,71.8478012084961,55.644039154052734
2017-10-12,36.30424118041992,22.847129821777344,107.83421325683594,81.29930877685547,107.04571533203125,76.04151916503906,34.96558380126953,70.12985229492188,4.708541393280029,22.77535629272461,72.38984680175781,55.5295295715332
2017-10-13,36.53463363647461,22.79867172241211,108.43151092529297,81.31295776367188,106.7327880859375,75.93852996826172,35.01866912841797,70.46632385253906,4.796288967132568,22.769086837768555,73.0890121459961,55.51604461669922
2017-10-16,37.20719528198242,23.02713394165039,109.06197357177734,81.97486877441406,106.49026489257812,77.50708770751953,35.352325439453125,70.61182403564453,4.878613471984863,22.54353141784668,73.16755676269531,55.78550720214844
2017-10-17,37.34450149536133,22.99945640563965,108.29048919677734,82.0362777709961,110.14372253417969,77.3327865600586,35.2765007019043,70.5572509765625,4.874175548553467,22.68137550354004,72.9004898071289,55.886558532714844
2017-10-18,37.17927551269531,23.18638801574707,108.91265106201172,80.62376403808594,110.0576400756836,77.62590026855469,35.18549728393555,70.57545471191406,4.869985103607178,22.449546813964844,72.87689971923828,55.7518310546875
2017-10-19,36.299598693847656,23.54639434814453,109.12833404541016,80.65787506103516,111.12163543701172,77.7209701538086,35.3295783996582,70.84823608398438,4.8754096031188965,22.70643424987793,72.48908233642578,55.73835754394531
2017-10-20,36.362430572509766,23.857946395874023,109.62069702148438,80.95812225341797,111.40328216552734,78.83003234863281,35.17033004760742,71.66667175292969,4.853227138519287,22.81922149658203,69.84566497802734,55.987606048583984
2017-10-23,36.343807220458984,24.037952423095703,109.88772583007812,81.156005859375,112.35771179199219,78.69535827636719,35.12482833862305,71.68487548828125,4.846323013305664,22.806686401367188,69.09376525878906,56.075191497802734
2017-10-24,36.56024932861328,23.947948455810547,115.36207580566406,81.36071014404297,110.8087158203125,79.94698333740234,35.01866912841797,71.7121353149414,4.897098541259766,22.725229263305664,68.84050750732422,56.230125427246094
2017-10-25,36.399658203125,23.65717124938965,114.19377899169922,80.82164764404297,111.37198638916016,80.0262222290039,34.92009735107422,71.50300598144531,4.773366451263428,22.65630340576172,68.74552154541016,56.028011322021484
2017-10-26,36.63239669799805,23.380239486694336,114.2772445678711,80.82164764404297,110.94170379638672,80.5965805053711,35.05657196044922,71.62123107910156,4.823400974273682,22.393159866333008,69.25204467773438,56.230125427246094
2017-10-27,37.94491195678711,23.499479293823242,115.00326538085938,77.47795104980469,110.91822052001953,80.62035369873047,34.93525314331055,76.21348571777344,4.975480556488037,22.30544090270996,68.88798522949219,56.39179229736328
2017-10-30,38.79900360107422,23.183820724487305,113.90169525146484,78.0579833984375,109.52570343017578,80.33515167236328,34.775997161865234,76.28622436523438,5.0242838859558105,22.02348518371582,68.278564453125,56.27728271484375
2017-10-31,39.338905334472656,23.352170944213867,113.32587432861328,79.08157348632812,109.06413269042969,79.7013931274414,34.86699676513672,75.64060974121094,5.0974884033203125,21.967098236083984,68.33395385742188,56.14928436279297
2017-11-01,38.838558197021484,23.07158660888672,113.73480224609375,79.08839416503906,109.5100326538086,79.94698333740234,34.730506896972656,75.64060974121094,5.1071014404296875,22.0924129486084,68.76927947998047,56.49958419799805
2017-11-02,39.122467041015625,22.80501937866211,113.88501739501953,78.69940948486328,109.47090148925781,80.47775268554688,34.791175842285156,76.4317398071289,5.07604455947876,22.21772003173828,68.46852111816406,56.27055358886719
2017-11-03,40.14411926269531,23.07158660888672,114.0185317993164,78.46739959716797,109.58831024169922,80.33515167236328,34.85942077636719,76.51358032226562,5.143826961517334,22.274112701416016,68.52392578125,56.034759521484375
2017-11-06,40.5513916015625,23.169790267944336,114.91981506347656,79.86630249023438,109.33792114257812,79.83610534667969,34.48027038574219,76.81366729736328,5.16699743270874,22.1300048828125,68.10443878173828,56.41874694824219
2017-11-07,40.681697845458984,23.176803588867188,115.83776092529297,80.00275421142578,109.34577178955078,78.22798156738281,34.836666107177734,76.63176727294922,5.2261528968811035,22.155061721801758,68.84050750732422,56.304229736328125
2017-11-08,41.01450729370117,22.90323257446289,114.56929016113281,79.61382293701172,110.55835723876953,77.3486328125,35.01866912841797,76.89551544189453,5.155412673950195,22.142532348632812,69.31539154052734,56.230125427246094
2017-11-09,40.93070602416992,22.7489013671875,112.94202423095703,80.00275421142578,109.79950714111328,77.3406982421875,35.05657196044922,76.46807861328125,5.060763359069824,22.256343841552734,69.4736557006836,56.566959381103516
2017-11-10,40.79524612426758,22.538461685180664,113.89335632324219,79.96185302734375,109.18147277832031,77.2456283569336,35.291656494140625,76.2680435180664,5.327456474304199,22.243694305419922,69.77442932128906,56.39019012451172
2017-11-13,40.63174819946289,22.278915405273438,113.93508911132812,79.99596405029297,109.33792114257812,77.52291107177734,35.42815399169922,76.32259368896484,5.240942001342773,22.3195743560791,70.43922424316406,56.3561897277832
2017-11-14,40.01751708984375,21.88608741760254,114.77792358398438,79.78441619873047,109.12672424316406,77.0555191040039,35.966552734375,76.4317398071289,5.279146671295166,22.37015724182129,70.33635711669922,55.91425323486328
2017-11-15,39.48967361450195,21.68967056274414,111.90724182128906,79.46367645263672,108.82161712646484,77.78433990478516,35.496402740478516,75.83769989013672,5.175622940063477,22.35750961303711,69.82979583740234,55.21397399902344
2017-11-16,39.96145248413086,22.1456356048584,113.79322052001953,78.91268157958984,108.64165496826172,78.00613403320312,35.29923629760742,76.03871154785156,5.215799808502197,22.48396873474121,70.63710021972656,54.772029876708984
2017-11-17,39.73958206176758,22.292943954467773,113.6012954711914,79.00907897949219,107.9610366821289,77.7447509765625,34.662261962890625,75.30758666992188,5.209638595581055,22.363832473754883,69.98812103271484,54.55447006225586
2017-11-20,39.69986343383789,22.328018188476562,114.25218200683594,79.01599884033203,107.9062728881836,78.43391418457031,34.47267150878906,75.42639923095703,5.276682376861572,22.35118865966797,69.86148834228516,54.7652473449707
2017-11-21,40.43790817260742,22.36309242248535,114.8280029296875,79.32594299316406,108.2270278930664,78.37055969238281,34.71533203125,76.51398468017578,5.32523775100708,22.47132110595703,70.2176284790039,54.98280715942383
2017-11-22,40.86298370361328,22.342050552368164,115.1701431274414,79.83563995361328,107.40557861328125,78.14080047607422,34.76084899902344,75.95645904541016,5.301313400268555,22.40176773071289,69.90896606445312,55.1391716003418
2017-11-24,40.86531448364258,22.215778350830078,114.65274047851562,80.2489013671875,107.9688491821289,77.8873291015625,34.791175842285156,76.09357452392578,5.351382732391357,22.4397029876709,70.0039291381836,55.35674285888672
2017-11-27,40.659786224365234,21.9632511138916,114.48585510253906,79.61522674560547,108.70089721679688,77.57838439941406,34.806331634521484,76.65107727050781,5.281826019287109,22.4397029876709,70.40757751464844,55.14598846435547
2017-11-28,40.421566009521484,22.089515686035156,115.98797607421875,80.20755004882812,110.21214294433594,80.29556274414062,34.753257751464844,77.57411193847656,5.197225570678711,22.66733169555664,70.75582122802734,55.5267219543457
2017-11-29,39.583099365234375,22.117576599121094,115.21186828613281,80.71038818359375,110.04685974121094,82.17301177978516,34.50300598144531,76.16666412353516,4.8447585105896,22.894947052001953,70.739990234375,55.93466567993164
2017-11-30,40.13662338256836,22.2508544921875,117.79049682617188,81.95704650878906,109.66902160644531,82.79884338378906,34.992313385009766,76.92524719238281,4.950571060180664,22.92656707763672,71.22276306152344,56.62813949584961
2017-12-01,39.94978713989258,22.15264320373535,118.09925842285156,82.31523895263672,110.1806640625,83.01274871826172,35.14522171020508,77.00748443603516,4.8758368492126465,22.983469009399414,71.51559448242188,56.74375534057617
2017-12-04,39.65782928466797,22.524433135986328,118.08256530761719,83.23127746582031,109.4171371459961,84.72383880615234,35.3439826965332,74.10120391845703,4.604023456573486,22.800111770629883,72.34662628173828,56.818519592285156
2017-12-05,39.620460510253906,22.545475006103516,116.9476547241211,82.92132568359375,109.9366455078125,83.74946594238281,35.36692428588867,74.5672836303711,4.630662441253662,22.528228759765625,72.3387222290039,56.3561897277832
2017-12-06,39.47331237792969,22.278915405273438,117.11454010009766,82.38408660888672,111.03072357177734,83.12364959716797,35.5121955871582,75.65487670898438,4.668153762817383,22.48396873474121,72.22000885009766,55.941471099853516
2017-12-07,39.545738220214844,22.398164749145508,119.24250793457031,82.39788818359375,110.20426177978516,82.8780746459961,34.99994659423828,75.38984680175781,4.735490322113037,22.44603157043457,71.3098373413086,56.12502670288086
2017-12-08,39.55739974975586,22.580549240112305,120.05198669433594,82.59759521484375,110.66082000732422,83.91581726074219,34.640628814697266,76.9161148071289,4.72315788269043,22.597774505615234,71.52352905273438,56.199806213378906
2017-12-11,40.3281364440918,22.566518783569336,119.9769058227539,82.94200897216797,111.09369659423828,83.67024993896484,34.65591812133789,77.89398956298828,4.801346302032471,22.894947052001953,71.41271209716797,56.45137405395508
2017-12-12,40.101593017578125,22.482337951660156,119.68482971191406,82.43231201171875,112.24291229248047,84.6446304321289,34.625343322753906,78.2138671875,4.707125186920166,23.12889289855957,71.11198425292969,56.26781463623047
2017-12-13,40.23471450805664,22.440258026123047,123.98255157470703,82.60448455810547,112.47118377685547,83.58309936523438,35.091705322265625,78.0036849975586,4.5921854972839355,23.166833877563477,71.92717742919922,56.5125846862793
2017-12-14,40.22304153442383,22.2508544921875,122.07148742675781,82.32898712158203,111.49515533447266,82.90974426269531,35.19108963012695,77.40047454833984,4.59933614730835,23.053022384643555,72.02213287353516,56.362998962402344
2017-12-15,40.63174819946289,22.033397674560547,122.4136962890625,82.46675109863281,112.13270568847656,84.08218383789062,35.31342315673828,79.37454223632812,4.724885940551758,23.52090835571289,72.72653198242188,56.45137405395508
2017-12-18,41.20397186279297,22.306974411010742,124.98395538330078,82.44609069824219,111.61320495605469,84.73175811767578,35.11463165283203,78.94501495361328,4.881262302398682,23.476648330688477,72.71861267089844,56.39019012451172
2017-12-19,40.764896392822266,22.23682403564453,125.93527221679688,82.54248809814453,111.59747314453125,84.37530517578125,35.26755142211914,78.4423599243164,4.83711051940918,23.35651969909668,72.56033325195312,56.05025863647461
2017-12-20,40.720516204833984,22.440258026123047,127.27884674072266,83.26573944091797,111.10946655273438,84.08218383789062,35.22932434082031,78.15904235839844,4.854129314422607,23.053022384643555,72.44161224365234,56.342594146728516
2017-12-21,40.87466049194336,23.078596115112305,129.04795837402344,85.97260284423828,111.03072357177734,85.42097473144531,34.86233901977539,78.14075469970703,4.831684589385986,22.913911819458008,72.55242156982422,57.008872985839844
2017-12-22,40.87466049194336,22.980390548706055,129.9742889404297,86.08281707763672,110.2908706665039,85.11994934082031,34.85469436645508,78.14990997314453,4.81639289855957,22.850692749023438,72.91650390625,57.09047317504883
2017-12-26,39.83766174316406,22.678754806518555,130.55006408691406,86.7715835571289,110.26725006103516,84.779296875,35.02289962768555,78.04936981201172,4.869915962219238,22.894947052001953,73.1935043334961,57.0972785949707
2017-12-27,39.84467315673828,22.80501937866211,131.4513397216797,86.47541046142578,110.64506530761719,84.9377212524414,35.11463165283203,78.33267974853516,4.863256454467773,22.9708251953125,72.89273071289062,57.04287338256836
2017-12-28,39.95677185058594,22.63666534423828,132.2024383544922,86.49606323242188,110.63716888427734,85.3892593383789,34.9540901184082,78.34183502197266,4.868929862976074,22.99611473083496,72.86900329589844,57.12446975708008
2017-12-29,39.524696350097656,22.4613037109375,131.5014190673828,86.2274398803711,109.97602844238281,84.71593475341797,35.076416015625,78.17732238769531,4.772736072540283,22.901268005371094,72.71861267089844,56.866092681884766
2018-01-02,40.23236846923828,22.812030792236328,131.05081176757812,87.87362670898438,109.59037780761719,85.51602172851562,34.81647872924805,78.55203247070312,4.917026519775391,23.040380477905273,71.74513244628906,57.8111572265625
2018-01-03,40.22537612915039,23.148744583129883,131.2510528564453,88.51416778564453,110.63716888427734,85.60319519042969,34.74001693725586,78.9176025390625,5.240635395050049,23.211095809936523,71.65806579589844,58.94657897949219
2018-01-04,40.41222381591797,23.33112335205078,133.05361938476562,88.2386703491211,110.62934112548828,86.82947540283203,35.22932434082031,79.61219024658203,5.268261909484863,23.261674880981445,72.16459655761719,59.028160095214844
2018-01-05,40.872314453125,23.1557559967041,135.15652465820312,88.09400939941406,111.54241180419922,86.27206420898438,35.22167205810547,80.59920501708984,5.312906265258789,23.305931091308594,72.21208953857422,58.9805793762207
2018-01-08,40.720516204833984,23.34515380859375,138.552978515625,88.52794647216797,111.68405151367188,86.39948272705078,35.16815185546875,80.68148803710938,5.475696086883545,23.04669761657715,72.59199523925781,59.24571990966797
2018-01-09,40.715843200683594,23.66783905029297,138.88681030273438,88.05268859863281,113.455078125,86.83746337890625,35.3439826965332,80.62664031982422,5.474216938018799,23.021404266357422,72.06172180175781,58.99416732788086
2018-01-10,40.70650100708008,23.97648811340332,138.41949462890625,88.61748504638672,113.3212661743164,87.79302215576172,35.22167205810547,80.26106262207031,5.517135143280029,23.059343338012695,71.60266876220703,58.5250244140625
2018-01-11,40.937713623046875,24.22201156616211,141.19839477539062,91.31059265136719,113.96668243408203,88.26282501220703,35.19873046875,80.49869537353516,5.527000427246094,23.116247177124023,71.34941864013672,59.102943420410156
2018-01-12,41.360443115234375,24.825275421142578,142.11636352539062,92.02002716064453,114.73023223876953,89.72007751464844,35.2828254699707,81.88786315917969,5.499867916107178,23.103601455688477,70.92200469970703,59.50406265258789
2018-01-16,41.15025329589844,24.565731048583984,141.29013061523438,90.92487335205078,115.59599304199219,89.40157318115234,35.57335662841797,80.7454605102539,5.429077625274658,23.14154052734375,71.40477752685547,59.130149841308594
2018-01-17,41.82991027832031,24.523645401000977,140.61416625976562,91.16594696044922,115.69049835205078,89.97490692138672,35.79506301879883,82.38138580322266,5.542786598205566,23.508268356323242,72.18042755126953,59.83041763305664
2018-01-18,41.86726760864258,24.48857307434082,140.8895721435547,90.63558197021484,115.64324951171875,90.18989562988281,35.8409423828125,82.34483337402344,5.5358805656433105,23.38812828063965,71.91725158691406,59.44289016723633
2018-01-19,41.6804313659668,24.34125328063965,142.86819458007812,90.43584442138672,115.98957061767578,89.99083709716797,36.05500793457031,82.25343322753906,5.675731182098389,23.35651969909668,72.62700653076172,59.25253677368164
2018-01-22,41.33945083618164,24.551698684692383,143.2705841064453,91.30368041992188,116.603515625,91.04195404052734,36.22319793701172,83.724853515625,5.764032363891602,23.350194931030273,73.2809829711914,60.000396728515625
2018-01-23,41.348777770996094,25.133926391601562,142.0465545654297,90.24299621582031,111.63683319091797,90.94639587402344,36.276710510253906,83.98989868164062,5.892787933349609,23.280641555786133,71.01610565185547,60.03438949584961
2018-01-24,40.69015121459961,25.309297561645508,141.13272094726562,90.4978256225586,111.82575988769531,92.1090087890625,36.567237854003906,83.91677856445312,5.81607723236084,23.350194931030273,70.42596435546875,60.190765380859375
2018-01-25,39.963802337646484,25.498689651489258,141.9962921142578,89.98812866210938,113.6596908569336,92.1329116821289,36.57487487792969,84.38289642333984,5.829643249511719,23.539878845214844,70.44990539550781,60.08198928833008
2018-01-26,40.057212829589844,25.800325393676758,140.0595703125,90.36009216308594,114.39173126220703,92.62662506103516,37.10239028930664,85.96398162841797,6.001806735992432,24.665340423583984,69.96341705322266,60.510318756103516
2018-01-29,39.228084564208984,25.646005630493164,136.30368041992188,88.49349975585938,113.09297943115234,92.53105163574219,36.46784591674805,85.83599853515625,6.088630199432373,24.671667098999023,69.26961517333984,59.837223052978516
2018-01-30,38.99686050415039,25.344364166259766,137.29296875,86.2550048828125,112.10910034179688,91.6630630493164,36.24612808227539,84.75759887695312,5.986762046813965,23.900283813476562,69.34136199951172,59.00094223022461
2018-01-31,39.10429000854492,25.638994216918945,136.4713134765625,86.33765411376953,108.77171325683594,92.1090087890625,36.38373947143555,86.83221435546875,6.0627312660217285,23.419736862182617,68.85491943359375,59.35451126098633
2018-02-01,39.1860466003418,25.498689651489258,136.01861572265625,86.48918151855469,110.21214294433594,93.06462097167969,36.276710510253906,86.14676666259766,5.932005405426025,23.502704620361328,68.46414184570312,60.55792999267578
2018-02-02,37.48575210571289,24.762144088745117,132.03634643554688,81.6746597290039,108.37028503417969,91.00214385986328,35.726261138916016,83.8802490234375,5.7598395347595215,23.36231231689453,67.18817138671875,57.47120666503906
2018-02-05,36.54921340942383,24.018577575683594,126.6623306274414,77.569580078125,102.63218688964844,86.63836669921875,34.31953811645508,80.42558288574219,5.270975112915039,22.124319076538086,64.6441879272461,54.20094299316406
2018-02-06,38.0766487121582,24.306180953979492,131.13087463378906,80.71038818359375,103.76565551757812,89.274169921875,34.15133285522461,83.46894073486328,5.563999176025391,22.513586044311523,65.69689178466797,53.269474029541016
2018-02-07,37.26154708862305,24.51662826538086,129.3954620361328,79.40858459472656,103.44291687011719,89.87935638427734,34.0672492980957,81.8969955444336,5.643418788909912,22.3221435546875,65.2662353515625,52.31085205078125
2018-02-08,36.23622131347656,23.780075073242188,122.39495849609375,77.34918212890625,99.46013641357422,85.90574645996094,32.9510383605957,77.69294738769531,5.365194320678711,21.460649490356445,63.97432327270508,51.719329833984375
2018-02-09,36.679466247558594,23.70812225341797,125.09456634521484,78.17568969726562,101.95526123046875,87.62580108642578,32.97395706176758,80.59010314941406,5.7243218421936035,21.79886817932129,63.73505401611328,52.049007415771484
2018-02-12,38.15685272216797,23.945560455322266,127.67672729492188,78.50630950927734,102.53776550292969,88.97953033447266,33.61616897583008,81.45832061767578,5.624427795410156,22.11794090270996,64.8594970703125,52.48857879638672
2018-02-13,38.53909683227539,24.139835357666016,129.08522033691406,78.03104400634766,102.29374694824219,89.52898406982422,33.78435516357422,82.09809112548828,5.737888813018799,22.2966251373291,64.99507904052734,52.40617752075195
2018-02-14,39.24966812133789,24.30532455444336,132.51419067382812,78.26524353027344,102.0654525756836,91.59938049316406,33.715553283691406,83.3835678100586,5.954696178436279,22.45615005493164,64.34114837646484,52.51605224609375
2018-02-15,40.56761169433594,24.931304931640625,134.12388610839844,78.2791519165039,103.29337310791016,91.98161315917969,34.23543930053711,85.08228302001953,6.079996585845947,22.787981033325195,65.72078704833984,52.3443717956543
2018-02-16,40.4362678527832,24.830568313598633,131.0302734375,78.00785064697266,104.80464935302734,91.32067108154297,34.388328552246094,84.47624969482422,6.014388084411621,23.138965606689453,65.87230682373047,52.57099914550781
2018-02-20,40.300254821777344,24.5859375,130.41822814941406,77.20092010498047,103.01000213623047,91.34455871582031,33.63146209716797,85.13735961914062,6.143632888793945,22.979429244995117,64.86750030517578,52.028404235839844
2018-02-21,40.11734390258789,24.492393493652344,130.1416015625,75.86530303955078,102.25439453125,91.7267837524414,33.134517669677734,84.00797271728516,5.956916809082031,22.81989097595215,63.99026870727539,51.43771743774414
2018-02-22,40.452701568603516,24.478004455566406,133.1848907470703,76.44268035888672,102.25439453125,91.5595474243164,33.27212905883789,84.22834014892578,5.976414203643799,22.8071231842041,64.46875,52.10395812988281
2018-02-23,41.15621566772461,24.65069580078125,136.16116333007812,78.32088470458984,103.91522979736328,93.41495513916016,33.6696891784668,86.36780548095703,6.06970739364624,23.138965606689453,64.6362075805664,53.25096893310547
2018-02-26,41.969966888427734,24.787405014038086,137.23428344726562,79.7190933227539,104.62023162841797,94.57757568359375,33.66202926635742,87.61656951904297,6.085750579833984,23.668621063232422,65.09873962402344,54.15074157714844
2018-02-27,41.83395004272461,24.60753059387207,135.19700622558594,79.03042602539062,104.30335998535156,93.45478057861328,33.34858322143555,86.49634552001953,6.072916507720947,23.48356056213379,64.22949981689453,53.230384826660156
2018-02-28,41.7706184387207,24.463623046875,129.6385955810547,77.85480499267578,102.88538360595703,91.9736328125,33.04277801513672,86.10150909423828,5.97271203994751,23.170866012573242,62.61857223510742,52.02153015136719
2018-03-01,41.03895950317383,24.154233932495117,125.94966888427734,77.93829345703125,100.82579040527344,90.32527923583984,33.20333480834961,85.25674438476562,5.731090068817139,22.7369384765625,62.762115478515625,51.65064239501953
2018-03-02,41.322731018066406,23.99593162536621,122.72191619873047,77.6600341796875,102.04572296142578,90.23770904541016,33.4250373840332,85.44039916992188,5.837954044342041,22.941143035888672,63.400115966796875,51.89103698730469
2018-03-05,41.46577835083008,24.053489685058594,126.69583129882812,78.7104263305664,102.81409454345703,91.62328338623047,33.55500030517578,85.98210906982422,5.8159894943237305,23.049623489379883,64.03011322021484,52.385562896728516
2018-03-06,41.43059539794922,24.183008193969727,128.90077209472656,79.05827331542969,101.57041931152344,91.7029037475586,33.58557891845703,85.68830871582031,5.97666072845459,22.896472930908203,63.81480407714844,52.323753356933594
2018-03-07,41.04600524902344,23.895193099975586,127.02284240722656,79.1904296875,102.21997833251953,91.3604965209961,33.501487731933594,86.18415069580078,5.968762397766113,22.92838478088379,63.128971099853516,51.005001068115234
2018-03-08,41.493919372558594,24.039104461669922,128.76663208007812,78.84957122802734,104.61231994628906,91.36844635009766,33.98314666748047,86.70755767822266,5.952474117279053,23.2921199798584,63.774925231933594,50.90885925292969
2018-03-09,42.20680618286133,24.50678825378418,132.67347717285156,81.5416259765625,105.99067687988281,93.99625396728516,34.26601028442383,88.64498138427734,6.054898738861084,23.464412689208984,64.03011322021484,51.21106719970703
2018-03-12,42.6148567199707,24.773006439208984,129.52960205078125,81.24254608154297,105.06382751464844,93.69369506835938,34.04430389404297,88.8561782836914,6.164234638214111,23.36231231689453,63.68720626831055,51.678123474121094
2018-03-13,42.204471588134766,24.65069580078125,128.85052490234375,81.01296997070312,106.42634582519531,92.57086944580078,34.07487106323242,86.68917083740234,6.113636016845703,23.45165252685547,63.5755500793457,51.19047164916992
2018-03-14,41.845672607421875,24.4492244720459,127.88639068603516,80.08780670166016,104.81827545166016,91.53565979003906,33.76636505126953,86.17496490478516,6.139058589935303,23.196393966674805,63.001373291015625,50.55168914794922
2018-03-15,41.89491653442383,24.233369827270508,129.58828735351562,80.40081787109375,105.40447998046875,91.76660919189453,33.68153381347656,86.47797393798828,6.153867244720459,23.34316635131836,62.73819351196289,51.114891052246094
2018-03-16,41.7471809387207,24.312524795532227,131.1728057861328,80.27559661865234,105.89556884765625,91.92588806152344,33.51956558227539,86.86363220214844,6.182002544403076,23.470802307128906,62.97743606567383,51.59568786621094
2018-03-19,41.109317779541016,24.017520904541016,127.55936431884766,79.2252197265625,103.17057800292969,91.20122528076172,33.36532211303711,85.29346466064453,5.948030948638916,23.183635711669922,62.73021697998047,50.92945861816406
2018-03-20,41.09524917602539,24.024717330932617,129.16065979003906,79.6495361328125,103.93897247314453,91.288818359375,33.28818130493164,85.51385498046875,6.159791469573975,23.183635711669922,62.45112609863281,50.81957244873047
2018-03-21,40.164241790771484,23.938371658325195,130.6195068359375,81.41644287109375,103.92313385009766,91.36844635009766,33.16477966308594,84.91698455810547,6.134617805480957,23.145343780517578,61.43829345703125,51.54074478149414
2018-03-22,39.59673309326172,23.37714385986328,123.15787506103516,79.093017578125,100.905029296875,87.55413818359375,32.97968292236328,82.4469985961914,5.9690093994140625,22.71779441833496,60.935890197753906,50.483001708984375
2018-03-23,38.67980194091797,22.9382381439209,120.96971893310547,78.59219360351562,99.098876953125,85.21298217773438,32.64802551269531,80.0504150390625,5.749845027923584,22.00945472717285,60.537147521972656,50.06402587890625
2018-03-26,40.516014099121094,23.20446014404297,125.07777404785156,80.24081420898438,100.91293334960938,87.8407974243164,32.9256706237793,86.1106948852539,6.033918857574463,22.360435485839844,60.935890197753906,50.82643127441406
2018-03-27,39.477134704589844,22.85909080505371,123.23335266113281,79.76084899902344,100.77032470703125,86.1366958618164,33.07994079589844,82.15313720703125,5.565974712371826,22.34128761291504,62.036415100097656,50.62037658691406
2018-03-28,39.04095458984375,22.67921257019043,121.69912719726562,77.98002624511719,100.96045684814453,86.00133514404297,33.411582946777344,82.07969665527344,5.463057518005371,22.526351928710938,62.873756408691406,50.009090423583984
2018-03-29,39.34580612182617,22.98860740661621,123.5603256225586,79.32955169677734,101.51497650146484,87.57006072998047,33.49642562866211,83.80596923828125,5.715786457061768,22.64759063720703,63.22465515136719,51.24541473388672
2018-04-02,39.087852478027344,22.64323616027832,120.63436889648438,78.07740020751953,98.6711196899414,85.88187408447266,32.910247802734375,81.2808609008789,5.455650806427002,22.366809844970703,61.725399017333984,50.29069519042969
2018-04-03,39.488861083984375,22.391408920288086,121.61531066894531,79.87909698486328,101.67341613769531,87.06043243408203,33.45785903930664,82.37353515625,5.561779975891113,22.768844604492188,62.57073974609375,51.527000427246094
2018-04-04,40.243988037109375,22.520925521850586,121.71588897705078,79.63562774658203,103.30522155761719,88.38228607177734,34.12116241455078,84.77930450439453,5.58374547958374,23.056001663208008,63.04124069213867,51.42398452758789
2018-04-05,40.52304458618164,22.520925521850586,124.18911743164062,81.59034729003906,103.54291534423828,89.54279327392578,34.244564056396484,84.8251724243164,5.4637956619262695,22.800750732421875,62.84186935424805,52.2138557434082
2018-04-06,39.48651885986328,22.312257766723633,119.8798599243164,79.83041381835938,101.47537231445312,87.3097915649414,33.874351501464844,82.85100555419922,5.287823677062988,22.443391799926758,62.546791076660156,51.42398452758789
2018-04-09,39.87815475463867,22.096406936645508,119.95529174804688,80.67906951904297,102.56854248046875,88.35828399658203,33.80494689941406,83.34685516357422,5.316453456878662,22.628456115722656,62.33147430419922,51.42398452758789
2018-04-10,40.62858200073242,22.348236083984375,124.15558624267578,82.67552185058594,103.17849731445312,90.04701232910156,33.92833709716797,85.28430938720703,5.6249613761901855,22.941143035888672,62.49893569946289,52.93503952026367
2018-04-11,40.43862533569336,22.290672302246094,123.06562805175781,82.95377349853516,102.6873550415039,88.53436279296875,33.92833709716797,84.34770965576172,5.58374547958374,22.839038848876953,62.41920471191406,53.18230438232422
2018-04-12,40.83727264404297,22.39859962463379,125.87427520751953,82.9398422241211,103.32109069824219,90.73531341552734,33.95919418334961,85.9270248413086,5.790071964263916,23.17725372314453,62.036415100097656,53.038063049316406
2018-04-13,40.97563934326172,22.103593826293945,125.94966888427734,83.41985321044922,103.47160339355469,88.27826690673828,34.32939529418945,85.46794128417969,5.713563919067383,23.17725372314453,62.49893569946289,53.46390914916992
2018-04-16,41.231258392333984,22.341035842895508,127.55101013183594,83.9624252319336,104.37466430664062,88.20622253417969,34.46052551269531,86.4687728881836,5.713318347930908,23.311260223388672,62.69036865234375,53.94470977783203
2018-04-17,41.79877471923828,22.650428771972656,128.53182983398438,84.49110412597656,103.408203125,88.20622253417969,34.614768981933594,88.21340942382812,5.862636089324951,23.183635711669922,62.546791076660156,53.80046081542969
2018-04-18,41.704959869384766,22.866287231445312,130.74520874023438,86.13279724121094,101.17432403564453,87.49391174316406,34.32939529418945,88.55316162109375,5.833759784698486,23.28573226928711,62.36339569091797,54.41175079345703
2018-04-19,40.52304458618164,23.110923767089844,130.53558349609375,86.05626678466797,101.03966522216797,89.41474914550781,34.17515182495117,88.2501449584961,5.65285062789917,23.311260223388672,60.32465744018555,54.54911422729492
2018-04-20,38.862728118896484,23.1900691986084,129.1284942626953,85.0823974609375,100.33466339111328,89.21464538574219,33.73553466796875,87.23091888427734,5.644706726074219,23.375078201293945,59.399070739746094,54.26064682006836
2018-04-23,38.75016403198242,23.276412963867188,129.75201416015625,85.9658432006836,100.46931457519531,88.782470703125,33.920631408691406,87.55229949951172,5.525497913360596,23.48356056213379,58.75516891479492,54.65215301513672
2018-04-24,38.21078872680664,23.154098510742188,121.70520782470703,85.24240112304688,99.96234893798828,88.36629486083984,33.21876907348633,85.50468444824219,5.459354877471924,23.649473190307617,58.35273361206055,53.814205169677734
2018-04-25,38.37730026245117,22.779945373535156,122.33711242675781,85.36762237548828,100.41388702392578,88.0301284790039,32.725154876708984,84.76090240478516,5.347305774688721,23.406980514526367,58.19175338745117,54.60408401489258
2018-04-26,38.5109748840332,22.672021865844727,123.28085327148438,86.41104888916016,101.40409088134766,88.1181869506836,32.971961975097656,86.55144500732422,5.558570861816406,23.51546287536621,58.553958892822266,55.538185119628906
2018-04-27,38.06540298461914,22.431907653808594,121.94108581542969,88.08055877685547,101.61002349853516,87.55793762207031,33.403873443603516,87.98384094238281,5.585965633392334,23.61118507385254,58.60222625732422,53.4295539855957
2018-04-30,38.754852294921875,22.519222259521484,121.63777160644531,87.0301742553711,100.19999694824219,87.06172180175781,33.326744079589844,85.8719482421875,5.550673484802246,23.36231231689453,58.22397232055664,53.402095794677734
2018-05-01,39.65536117553711,22.628358840942383,121.68833923339844,86.85626220703125,99.81973266601562,87.06172180175781,32.84856033325195,87.23091888427734,5.605957984924316,22.59016227722168,57.9180908203125,52.85261535644531
2018-05-02,41.407142639160156,22.511947631835938,121.21646118164062,87.29450988769531,97.83142852783203,86.37339782714844,32.43977737426758,85.86277770996094,5.5854716300964355,22.264713287353516,57.09715270996094,52.749595642089844
2018-05-03,41.482181549072266,22.599260330200195,121.14905548095703,87.65621948242188,97.45911407470703,85.82917022705078,32.30866622924805,86.37698364257812,5.750339508056641,22.181753158569336,57.43519592285156,52.57099914550781
2018-05-04,43.10966491699219,23.14495849609375,123.3313980102539,87.32234191894531,98.37802124023438,86.7815933227539,32.67115783691406,87.37783813476562,5.900151252746582,22.232803344726562,58.29639434814453,52.818267822265625
2018-05-07,43.42157745361328,23.19588851928711,126.23838806152344,86.91191864013672,97.9027328491211,87.533935546875,32.50148391723633,88.35114288330078,6.137578010559082,22.290237426757812,57.9342041015625,53.39522171020508
2018-05-08,43.63028335571289,23.021263122558594,126.3310317993164,88.04576873779297,97.12639617919922,88.8304672241211,32.2469596862793,87.97468566894531,6.180028915405273,22.3221435546875,57.49956512451172,53.6356315612793
2018-05-09,43.93748474121094,23.246822357177734,128.58920288085938,89.54137420654297,97.83937072753906,90.76734161376953,32.22382354736328,89.01228332519531,6.312810897827148,22.443391799926758,58.248104095458984,54.89942169189453
2018-05-10,44.56597137451172,23.19588851928711,129.7351531982422,89.61095428466797,99.29691314697266,91.47163391113281,32.53232955932617,89.90294647216797,6.42017126083374,22.578710556030273,58.87588882446289,56.128868103027344
2018-05-11,44.3964729309082,22.89756965637207,130.48507690429688,90.32046508789062,100.79412078857422,91.12747192382812,32.50148391723633,89.71012115478516,6.2819600105285645,22.875120162963867,59.052982330322266,56.39251708984375
2018-05-14,44.29288864135742,22.686565399169922,130.83897399902344,90.70307922363281,99.859375,91.15949249267578,32.424354553222656,90.01312255859375,6.302446365356445,23.107091903686523,58.98052978515625,56.774085998535156
2018-05-15,43.89033126831055,22.628358840942383,128.57232666015625,90.25090789794922,99.1226577758789,90.46320343017578,32.17755126953125,89.36119079589844,6.060574531555176,22.997554779052734,58.71491622924805,56.74634552001953
2018-05-16,44.299957275390625,22.766603469848633,129.59190368652344,90.12571716308594,99.29691314697266,90.71128845214844,32.046424865722656,89.59175109863281,6.071680068969727,22.991107940673828,59.18174743652344,56.90590286254883
2018-05-17,44.01980972290039,22.883026123046875,129.49925231933594,90.84144592285156,98.10869598388672,90.40716552734375,32.62488555908203,88.69720458984375,6.113636016845703,23.010433197021484,59.527835845947266,56.80879211425781
2018-05-18,43.85972595214844,22.766603469848633,131.20126342773438,89.7187271118164,98.41764831542969,88.94252014160156,32.53232955932617,88.86322021484375,6.0699543952941895,22.96532440185547,59.11734390258789,56.406394958496094
2018-05-21,44.170475006103516,23.050369262695312,133.9060516357422,90.77828216552734,98.00572204589844,89.7588882446289,32.709712982177734,90.00670623779297,6.027996063232422,23.06842803955078,59.60832214355469,57.086326599121094
2018-05-22,44.059837341308594,23.188610076904297,131.61415100097656,89.97835540771484,97.36406707763672,90.4471664428711,32.58631896972656,89.91451263427734,5.989986896514893,23.016878128051758,59.584163665771484,56.642276763916016
2018-05-23,44.34232711791992,23.130401611328125,132.91177368164062,90.30815887451172,97.79183959960938,90.03099822998047,32.70201873779297,90.9842758178711,6.113219261169434,23.177974700927734,59.70491027832031,56.99612808227539
2018-05-24,44.29288864135742,23.13768196105957,132.8780517578125,88.84159851074219,96.84125518798828,89.02255249023438,32.64031219482422,90.66149139404297,6.1169257164001465,23.126415252685547,59.37491226196289,55.691768646240234
2018-05-25,44.39411926269531,23.224992752075195,131.31927490234375,85.74011993408203,96.93697357177734,88.5663833618164,32.70201873779297,90.7076187133789,6.156190872192383,22.991107940673828,59.80952835083008,54.60941696166992
2018-05-29,44.234031677246094,22.861196517944336,129.44021606445312,85.17876434326172,95.28510284423828,84.78071594238281,32.917964935302734,90.38484191894531,6.139150142669678,23.003990173339844,59.60028076171875,54.40822219848633
2018-05-30,44.139869689941406,23.086746215820312,130.99061584472656,87.82415008544922,96.53797912597656,86.7175521850586,33.26504135131836,91.25170135498047,6.247814178466797,23.229524612426758,60.27634048461914,56.54514694213867
2018-05-31,43.99155807495117,23.232267379760742,127.99940490722656,87.2206802368164,95.46064758300781,85.64511108398438,33.16477966308594,91.1502685546875,6.228056907653809,23.152204513549805,58.89199447631836,56.36476135253906
2018-06-01,44.7849006652832,23.53058433532715,129.3560333251953,86.90493774414062,96.76941680908203,86.75758361816406,33.25733184814453,92.94851684570312,6.362154006958008,23.358386993408203,59.11734390258789,56.774085998535156
2018-06-04,45.159210205078125,23.647001266479492,128.49652099609375,85.78923034667969,97.3200454711914,86.79757690429688,33.542701721191406,93.76007843017578,6.540706634521484,23.48727035522461,59.70491027832031,56.17744064331055
2018-06-05,45.50761413574219,23.58879280090332,128.9262237548828,86.11904907226562,96.9449691772461,86.30938720703125,33.24961471557617,94.2396240234375,6.546139717102051,23.480831146240234,59.53588104248047,55.97622299194336
2018-06-06,45.66534423828125,23.734312057495117,131.87535095214844,86.57512664794922,97.99041748046875,88.3262710571289,33.51956558227539,94.51628875732422,6.5481157302856445,23.442163467407227,59.841739654541016,56.93367385864258
2018-06-07,45.54292678833008,23.763416290283203,131.69000244140625,89.08719635009766,98.42132568359375,88.67842864990234,33.50413513183594,93.03153991699219,6.492549896240234,23.513044357299805,60.9765739440918,57.50261306762695
2018-06-08,45.12860107421875,23.828899383544922,130.87269592285156,88.7223129272461,99.00391387939453,88.9265365600586,33.897483825683594,93.72319793701172,6.477237224578857,23.629030227661133,62.119510650634766,58.00214385986328
2018-06-11,45.01795959472656,23.93804168701172,131.6984100341797,89.50821685791016,97.88665771484375,88.70242309570312,34.03632354736328,93.18832397460938,6.436242580413818,23.390613555908203,62.401206970214844,57.655235290527344
2018-06-12,45.26515197753906,23.87983512878418,132.7011260986328,89.1714096069336,97.79093933105469,88.19021606445312,34.25227355957031,93.42806243896484,6.484646320343018,23.390613555908203,62.167789459228516,57.183441162109375
2018-06-13,44.89319610595703,24.039905548095703,130.35870361328125,89.16438293457031,97.86271667480469,88.01412963867188,34.07487106323242,93.00389862060547,6.480202674865723,23.33906364440918,61.54806900024414,56.552093505859375
2018-06-14,44.91673278808594,24.229080200195312,129.03582763671875,88.77142333984375,97.6871566772461,86.4614486694336,33.91147994995117,93.529541015625,6.591578960418701,23.30040168762207,61.16170883178711,56.815731048583984
2018-06-15,44.45532989501953,24.199974060058594,126.40687561035156,87.03825378417969,97.84675598144531,86.35743713378906,34.331661224365234,92.33989715576172,6.550832748413086,23.429279327392578,62.28047561645508,55.96236801147461
2018-06-18,44.43178176879883,24.039905548095703,125.27781677246094,88.39251708984375,96.81729888916016,86.5815200805664,33.88812255859375,93.01309967041016,6.546633720397949,23.30040168762207,61.040977478027344,56.07337188720703
2018-06-19,43.713768005371094,23.814348220825195,120.7446060180664,88.09078979492188,97.81484985351562,86.07730102539062,33.927032470703125,93.01309967041016,6.425130367279053,23.33906364440918,61.43537521362305,55.99009323120117
2018-06-20,43.904457092285156,23.821624755859375,120.60135650634766,87.91536712646484,97.39186096191406,86.06928253173828,33.6624641418457,93.94452667236328,6.47797966003418,23.49370765686035,61.049041748046875,55.816650390625
2018-06-21,43.65963363647461,23.603342056274414,117.56800842285156,86.0207748413086,96.92105102539062,86.04527282714844,33.53017807006836,93.27132415771484,6.34956169128418,23.390613555908203,61.52390670776367,55.28934860229492
2018-06-22,43.532508850097656,23.676109313964844,117.91346740722656,87.78205871582031,98.0302963256836,84.63665771484375,33.654685974121094,92.59813690185547,6.1974334716796875,23.52593231201172,62.32074737548828,56.461891174316406
2018-06-25,42.8851203918457,23.275928497314453,115.08235168457031,86.03485107421875,97.83080291748047,83.86833953857422,33.91147994995117,90.73524475097656,5.9052815437316895,23.442163467407227,62.61045455932617,55.32404327392578
2018-06-26,43.41715621948242,23.12312889099121,114.2060317993164,87.1224594116211,97.63927459716797,83.92436981201172,33.71693420410156,91.3716049194336,5.976159572601318,23.442163467407227,62.779483795166016,55.9484748840332
2018-06-27,43.35359573364258,23.166791915893555,113.42243194580078,88.41358184814453,97.04874420166016,82.62779235839844,33.514617919921875,89.95140075683594,5.821315765380859,23.332622528076172,62.529991149902344,56.69084548950195
2018-06-28,43.66904067993164,23.07219696044922,114.61891174316406,88.17498779296875,97.3599624633789,83.98038482666016,33.825870513916016,90.95658874511719,5.948251724243164,23.429279327392578,62.819732666015625,56.871238708496094
2018-06-29,43.577232360839844,23.406892776489258,114.31555938720703,88.71531677246094,96.83325958251953,83.39612579345703,34.129356384277344,90.93816375732422,5.850456714630127,23.377727508544922,62.827781677246094,57.398529052734375
2018-07-02,44.06454086303711,24.12722396850586,114.8379898071289,87.18560791015625,97.0247802734375,84.10044860839844,34.043758392333984,92.2292251586914,5.982332229614258,23.40994644165039,62.884132385253906,56.72554397583008
2018-07-03,43.29710006713867,24.920299530029297,112.76520538330078,87.52242279052734,97.92655944824219,82.92391204833984,34.23051071166992,91.34391021728516,5.848972797393799,23.422828674316406,62.699005126953125,57.05856704711914
2018-07-05,43.64550018310547,25.560596466064453,114.43352508544922,86.99613189697266,99.7540512084961,83.46309661865234,34.75187683105469,91.99869537353516,5.994433879852295,23.757905960083008,63.753387451171875,57.10712432861328
2018-07-06,44.250511169433594,25.85162925720215,114.09650421142578,87.10841369628906,100.35258483886719,83.7366714477539,34.736297607421875,93.28975677490234,6.108034133911133,23.912553787231445,63.8338623046875,57.12099838256836
2018-07-09,44.86494445800781,25.546037673950195,118.78132629394531,88.40655517578125,100.5920181274414,86.32778930664062,34.549556732177734,93.92607116699219,6.15545129776001,23.944772720336914,62.66681671142578,57.51648712158203
2018-07-10,44.81079864501953,25.42234230041504,119.01729583740234,89.5292739868164,101.65337371826172,85.79668426513672,34.99309158325195,94.17509460449219,6.254234313964844,24.11875343322754,64.24433898925781,58.04377365112305
2018-07-11,44.22933578491211,25.19679069519043,115.23400115966797,86.67337799072266,100.74362182617188,85.6115951538086,34.85302734375,94.04598236083984,6.112972736358643,23.976987838745117,63.713138580322266,57.30139923095703
2018-07-12,44.97087478637695,25.50965690612793,117.475341796875,87.19261932373047,101.95661926269531,85.98175048828125,34.759647369384766,96.08402252197266,6.204349040985107,24.17675018310547,63.495819091796875,57.37077331542969
2018-07-13,45.041500091552734,25.618803024291992,118.59600067138672,87.03825378417969,100.49624633789062,85.58746337890625,34.814117431640625,97.22757720947266,6.157177925109863,24.18318748474121,63.8338623046875,57.80093002319336
2018-07-16,44.942630767822266,25.70610809326172,116.34623718261719,86.29444885253906,99.50668334960938,88.9832992553711,34.806331634521484,96.74801635742188,6.129520893096924,24.086532592773438,64.01092529296875,57.231998443603516
2018-07-17,45.06975555419922,25.98259925842285,117.07929992675781,85.54364013671875,103.03398895263672,88.91893005371094,35.21098327636719,97.70711517333984,6.26509952545166,24.260517120361328,64.41339874267578,57.10712432861328
2018-07-18,44.82257080078125,26.36094856262207,118.90771484375,85.27702331542969,101.9885482788086,89.74775695800781,35.109806060791016,96.94169616699219,6.2159552574157715,24.266952514648438,64.16385650634766,57.044677734375
2018-07-19,45.17097091674805,25.931665420532227,118.19563293457031,85.37523651123047,100.50419616699219,88.42802429199219,35.10203170776367,96.2776870727539,6.2241058349609375,24.07364273071289,63.94216537475586,56.89896774291992
2018-07-20,45.067386627197266,26.1572208404541,115.9914321899414,85.79624938964844,100.432373046875,89.54655456542969,35.23432922363281,98.002197265625,6.195952415466309,24.0543155670166,63.90151596069336,56.475772857666016
2018-07-23,45.1074104309082,26.186330795288086,115.53364562988281,85.13665008544922,101.05484771728516,91.21231079101562,34.97753143310547,99.56995391845703,6.159401893615723,23.976987838745117,63.76346969604492,56.475772857666016
2018-07-24,45.43464660644531,26.331844329833984,116.96635437011719,86.90493774414062,103.23347473144531,91.85604858398438,35.218746185302734,99.28404998779297,6.142115592956543,24.29273223876953,64.15328979492188,57.59280014038086
2018-07-25,45.863101959228516,26.229976654052734,119.09426879882812,87.64170837402344,102.64292907714844,92.68489074707031,35.8646125793457,102.20744323730469,6.220155239105225,24.479604721069336,64.54315948486328,57.99520492553711
2018-07-26,45.71949005126953,26.19359588623047,120.87456512451172,86.97510528564453,103.96764373779297,92.41932678222656,35.981346130371094,101.09158325195312,6.29349946975708,24.589141845703125,65.04669952392578,58.44618225097656
2018-07-27,44.9591064453125,26.09745979309082,120.85762023925781,88.39251708984375,104.98118591308594,93.3688735961914,35.957984924316406,99.3025131225586,6.2238593101501465,24.750228881835938,65.44464874267578,56.836544036865234
2018-07-30,44.707218170166016,25.85343360900879,118.47537994384766,89.69767761230469,105.4759521484375,93.9321517944336,35.973548889160156,97.17222595214844,6.0290069580078125,24.866222381591797,65.13602447509766,56.711673736572266
2018-07-31,44.79668426513672,25.82384490966797,121.9088363647461,88.60301208496094,105.75527954101562,92.49980163574219,36.28480529785156,97.82698059082031,6.047036170959473,25.729671478271484,65.68830108642578,56.552093505859375
2018-08-01,47.43564987182617,25.720312118530273,117.44955444335938,87.98554229736328,105.85103607177734,93.07113647460938,36.09804153442383,98.01142883300781,6.086795330047607,25.948762893676758,65.50151062011719,55.77501678466797
2018-08-02,48.82223129272461,25.67594337463379,117.00028228759766,86.84176635742188,104.74177551269531,93.46544647216797,35.93464279174805,99.2010498046875,6.189284324645996,25.766801834106445,66.59793853759766,55.44199752807617
2018-08-03,48.96348571777344,25.89040184020996,117.4241714477539,87.04527282714844,105.30039978027344,94.22183227539062,36.277034759521484,99.63450622558594,6.225832939147949,26.34517478942871,66.86595916748047,55.6431884765625
2018-08-06,49.21772766113281,26.090070724487305,118.24651336669922,87.2206802368164,105.35626220703125,94.24600219726562,36.30036544799805,99.71747589111328,6.273497104644775,26.67010498046875,67.02027130126953,55.62932205200195
2018-08-07,48.75632858276367,26.297130584716797,120.7050552368164,87.83818054199219,104.90933990478516,94.59200286865234,36.18365478515625,100.40912628173828,6.345608234405518,26.540130615234375,67.1176986694336,56.38557434082031
2018-08-08,48.78927993774414,26.60033416748047,118.44146728515625,86.92599487304688,104.67794799804688,94.78514862060547,35.91128921508789,100.97168731689453,6.381913661956787,26.910547256469727,66.8822021484375,56.01093673706055
2018-08-09,49.173004150390625,26.452428817749023,117.43264770507812,85.97868347167969,104.70185089111328,94.05286407470703,36.066925048828125,101.13768005371094,6.333508014678955,26.64410400390625,66.11065673828125,55.726463317871094
2018-08-10,49.026527404785156,26.141836166381836,115.22843933105469,86.54705810546875,104.3427505493164,93.1274642944336,35.85682678222656,100.51981353759766,6.29226541519165,26.59861183166504,66.135009765625,55.670379638671875
2018-08-13,49.34308624267578,25.875614166259766,114.46546173095703,85.91555786132812,103.91978454589844,91.64683532714844,35.662288665771484,99.7912826538086,6.325110912322998,26.5206298828125,66.20808410644531,55.06755447387695
2018-08-14,49.55097579956055,26.445039749145508,114.38064575195312,86.0137939453125,103.34519958496094,92.25839233398438,35.708980560302734,101.03623962402344,6.456246852874756,26.45564842224121,66.03753662109375,54.89230728149414
2018-08-15,49.66673278808594,26.186203002929688,111.92216491699219,82.7579116821289,104.08737182617188,91.4939193725586,35.85682678222656,99.66612243652344,6.398211479187012,26.748083114624023,66.84158325195312,53.93199920654297
2018-08-16,50.394351959228516,26.5115966796875,115.51669311523438,83.35299682617188,105.72335052490234,92.35494995117188,35.96577453613281,99.6476058959961,6.357709884643555,26.917051315307617,67.97050476074219,54.675010681152344
2018-08-17,51.40073013305664,26.77042007446289,118.12781524658203,83.4521713256836,107.31143188476562,92.35494995117188,36.26145935058594,99.59208679199219,6.046048164367676,27.35244369506836,67.97050476074219,54.857261657714844
2018-08-20,50.899898529052734,27.214136123657227,117.55979919433594,83.41674041748047,109.23468017578125,92.23426055908203,36.36262512207031,98.93480682373047,6.12062931060791,27.508419036865234,67.92988586425781,55.24278259277344
2018-08-21,50.800682067871094,26.984891891479492,118.67884063720703,83.55133056640625,108.01370239257812,92.79753875732422,35.96577453613281,98.11087036132812,6.255963325500488,27.397939682006836,68.14105224609375,55.25680160522461
2018-08-22,50.80304718017578,26.925716400146484,118.37367248535156,84.24559783935547,107.42314910888672,92.5158920288086,35.74010467529297,99.11070251464844,6.490572452545166,27.339458465576172,67.72685241699219,56.04890060424805
2018-08-23,50.906978607177734,26.844375610351562,115.96602630615234,83.66471099853516,107.82218170166016,92.32278442382812,35.56113815307617,99.57356262207031,6.589851379394531,27.423938751220703,67.60502624511719,55.43205261230469
2018-08-24,51.065269470214844,27.140180587768555,117.16980743408203,84.30935668945312,108.49250793457031,92.28254699707031,35.50666427612305,100.35118865966797,6.722714424133301,27.55390739440918,67.70246887207031,55.810569763183594
2018-08-27,51.48576354980469,27.27329444885254,120.41676330566406,85.25865173339844,108.3880844116211,93.91606140136719,35.553348541259766,101.46207427978516,6.813595771789551,27.021018981933594,67.7674789428711,56.3573112487793
2018-08-28,51.90155792236328,27.15496826171875,120.38286590576172,84.9115219116211,107.90607452392578,93.45738220214844,35.30434036254883,102.07307434082031,6.776059627532959,26.96903419494629,67.79994201660156,56.27321243286133
2018-08-29,52.67640686035156,27.302875518798828,120.26422119140625,85.16654205322266,108.33989715576172,93.15159606933594,35.27322006225586,103.70238494873047,6.881321430206299,26.96903419494629,67.8080825805664,56.67975616455078
2018-08-30,53.160701751708984,27.280685424804688,117.8904037475586,84.8760986328125,108.41217803955078,92.69293212890625,34.97753143310547,103.6375961303711,6.864518642425537,26.96903419494629,67.74308013916016,56.434425354003906
2018-08-31,53.77491760253906,27.295473098754883,117.71239471435547,83.91975402832031,108.20331573486328,92.20206451416016,34.681827545166016,103.98939514160156,6.9354352951049805,26.982025146484375,67.36949920654297,56.19609832763672
2018-09-04,53.9473762512207,27.295473098754883,117.19525146484375,84.2101821899414,107.42407989501953,92.66075897216797,34.82967758178711,103.41542053222656,7.010056018829346,26.884552001953125,67.16645050048828,56.28022003173828
2018-09-05,53.59537124633789,26.96269416809082,119.1875,84.24559783935547,109.14323425292969,92.21011352539062,35.312129974365234,100.43450164794922,6.879591464996338,27.196481704711914,67.64564514160156,57.030242919921875
2018-09-06,52.704769134521484,26.22317886352539,120.01830291748047,81.63151550292969,109.95459747314453,91.81581115722656,35.6156120300293,100.66596221923828,6.738748073577881,27.151002883911133,67.1258544921875,56.39937973022461
2018-09-07,52.27953338623047,26.075279235839844,119.80638122558594,81.18521118164062,110.316162109375,91.99282836914062,35.576698303222656,100.17530822753906,6.717496871948242,27.423938751220703,66.52484893798828,57.359683990478516
2018-09-10,51.57789993286133,26.548572540283203,120.4252700805664,81.10020446777344,110.22776794433594,91.50200653076172,35.84125518798828,101.25841522216797,6.788413047790527,27.33295249938965,66.90655517578125,57.275577545166016
2018-09-11,52.881935119628906,26.356290817260742,120.40829467773438,81.48275756835938,111.2720947265625,92.08136749267578,35.810142517089844,102.98033142089844,6.740722179412842,27.49541664123535,66.60604858398438,58.08168411254883
2018-09-12,52.22519302368164,26.4746150970459,122.31572723388672,82.02824401855469,111.95496368408203,90.99504089355469,35.981346130371094,103.41542053222656,6.627059459686279,27.560405731201172,67.49943542480469,58.270957946777344
2018-09-13,53.4866943359375,26.578147888183594,123.38392639160156,82.3895492553711,112.3807373046875,91.34910583496094,35.965633392333984,104.52632141113281,6.704647541046143,27.846343994140625,67.77558135986328,57.70317840576172
2018-09-14,52.87957763671875,27.214136123657227,122.8413314819336,83.15461730957031,112.05941009521484,91.33297729492188,36.09119415283203,104.95217895507812,6.830420017242432,27.91781997680664,67.90555572509766,58.123756408691406
2018-09-17,51.471595764160156,27.435983657836914,123.96038818359375,83.2467269897461,112.43697357177734,91.60658264160156,36.35017395019531,103.81349182128906,6.768646240234375,27.95032501220703,68.42532348632812,58.46721649169922
2018-09-18,51.556644439697266,27.753971099853516,126.37661743164062,83.68592834472656,112.90290069580078,91.97676849365234,36.044105529785156,104.80406188964844,6.696740627288818,28.275239944458008,68.22227478027344,58.62143325805664
2018-09-19,51.58735656738281,27.731794357299805,129.50479125976562,84.66358947753906,112.83866882324219,94.64836883544922,36.06765365600586,103.40616607666016,6.720461845397949,28.112781524658203,68.22227478027344,59.3223762512207
2018-09-20,51.9795036315918,27.938858032226562,132.25160217285156,84.59981536865234,114.05973815917969,95.4610824584961,36.60129165649414,105.13732147216797,6.579617977142334,28.43121910095215,69.32683563232422,59.455562591552734
2018-09-21,51.41962814331055,29.203426361083984,132.57374572753906,85.81120300292969,114.78275299072266,94.83342742919922,36.55419921875,105.77608489990234,6.509692192077637,28.63266372680664,69.70044708251953,59.70090866088867
2018-09-24,52.15904998779297,29.351327896118164,130.55601501464844,86.86675262451172,112.8467025756836,93.92410278320312,36.15398025512695,106.1556396484375,6.56528902053833,28.548181533813477,68.4415512084961,60.703269958496094
2018-09-25,52.489776611328125,28.87063980102539,130.63241577148438,87.39806365966797,111.37654876708984,93.65855407714844,35.84791946411133,105.95199584960938,6.632248878479004,28.45720100402832,67.507568359375,60.63319778442383
2018-09-26,52.07163619995117,28.5230655670166,129.8524169921875,86.39213562011719,110.99089813232422,92.55615997314453,35.98134231567383,105.51687622070312,6.595432758331299,28.38572883605957,67.62129211425781,60.12849044799805
2018-09-27,53.14179992675781,28.17550277709961,129.25897216796875,86.760498046875,111.03913116455078,92.15377044677734,36.106895446777344,105.91497039794922,6.607292175292969,28.528697967529297,67.29638671875,60.12150192260742
2018-09-28,53.32842254638672,28.160709381103516,129.2759246826172,86.62588500976562,110.99898529052734,90.80188751220703,36.248146057128906,105.87792205810547,6.9438347816467285,28.63916015625,67.59689331054688,59.595760345458984
2018-10-01,53.6875114440918,28.663576126098633,129.09786987304688,88.12067413330078,112.22006225585938,91.33297729492188,36.27953338623047,107.02584075927734,7.149909496307373,28.76914405822754,67.95426177978516,60.1495246887207
2018-10-02,54.16470718383789,28.47130584716797,131.251220703125,88.36861419677734,112.8547134399414,91.7112045288086,36.49927520751953,106.60001373291016,7.078749656677246,28.73664093017578,68.51465606689453,60.60512924194336
2018-10-03,54.823814392089844,28.87063980102539,134.13365173339844,88.77240753173828,111.6898193359375,92.57221984863281,35.99701690673828,106.61851501464844,7.084926128387451,29.120059967041016,67.43447875976562,60.387840270996094
2018-10-04,53.85996627807617,27.872303009033203,132.88742065429688,88.51739501953125,111.9469223022461,93.4068603515625,35.98134231567383,104.41522979736328,6.901087760925293,29.048574447631836,66.53296661376953,59.988311767578125
2018-10-05,52.985877990722656,27.61347007751465,129.97103881835938,88.7865982055664,111.74607849121094,92.8801498413086,36.00486755371094,103.80423736572266,6.668078422546387,29.185043334960938,66.71977996826172,59.82007598876953
2018-10-08,52.863040924072266,27.54690933227539,130.00503540039062,88.43944549560547,111.9790267944336,93.44737243652344,36.47572708129883,102.6192626953125,6.567017078399658,29.425498962402344,66.92281341552734,60.373817443847656
2018-10-09,53.59537124633789,27.480363845825195,126.70719909667969,89.8421401977539,111.82642364501953,92.79911041259766,36.40509796142578,103.92457580566406,6.561333656311035,29.54896354675293,66.76036834716797,60.640201568603516
2018-10-10,51.11251449584961,25.720312118530273,121.84100341796875,86.85257720947266,110.6454849243164,90.32760620117188,35.84791946411133,98.27751922607422,6.070852279663086,28.92510986328125,66.14311981201172,59.24528503417969
2018-10-11,50.661293029785156,25.579809188842773,119.5096206665039,83.89845275878906,107.52047729492188,87.62109375,35.031768798828125,98.04607391357422,5.809920787811279,27.82034683227539,64.05585479736328,57.1984748840332
2018-10-12,52.470882415771484,25.772079467773438,120.44219207763672,83.430908203125,107.5445785522461,86.66490936279297,35.06315231323242,101.43431854248047,6.091854572296143,28.45070457458496,64.2101821899414,57.04426956176758
2018-10-15,51.3487548828125,25.99393081665039,120.21329498291016,82.84293365478516,107.60884857177734,86.17060852050781,35.2436637878418,99.61058044433594,5.816098213195801,28.021800994873047,65.07917785644531,56.65172576904297
2018-10-16,52.4803466796875,26.62251853942871,121.83256530761719,83.2467269897461,109.7055892944336,88.01815795898438,35.69881820678711,102.75813293457031,6.074310302734375,28.548181533813477,65.79389190673828,56.91808319091797
2018-10-17,52.253543853759766,26.689075469970703,119.82331085205078,83.09088134765625,112.0353012084961,88.99868774414062,35.989173889160156,102.48967742919922,6.005865573883057,28.964101791381836,66.4842529296875,57.128360748291016
2018-10-18,51.032196044921875,26.1048641204834,115.1267318725586,83.2183837890625,112.06739807128906,87.58868408203125,35.7929801940918,100.44377136230469,5.918641567230225,28.59367561340332,65.7443618774414,57.37370300292969
2018-10-19,51.809410095214844,25.624174118041992,112.03823852539062,83.69304656982422,111.70592498779297,87.44284057617188,36.3580207824707,100.5918960571289,5.662652492523193,28.918607711791992,71.52894592285156,57.457847595214844
2018-10-22,52.125972747802734,25.402318954467773,109.81147003173828,83.0342025756836,111.40867614746094,86.18679809570312,36.075504302978516,101.48986053466797,5.713306903839111,28.834131240844727,70.95540618896484,56.8830451965332
2018-10-23,52.61734390258789,24.980791091918945,101.51012420654297,80.3351058959961,111.60951232910156,85.28734588623047,36.381561279296875,100.0734634399414,5.462259292602539,28.658660888671875,71.41423034667969,55.96479797363281
2018-10-24,50.81249237060547,23.66446304321289,95.84505462646484,78.07524108886719,110.4366226196289,83.69911193847656,36.67192840576172,94.72264099121094,4.927300453186035,27.605892181396484,73.29875183105469,54.408653259277344
2018-10-25,51.92516326904297,24.211702346801758,98.65200805664062,79.04576110839844,111.23995208740234,84.97134399414062,36.49927520751953,100.25861358642578,5.1356024742126465,28.21026039123535,72.92182922363281,54.89230728149414
2018-10-26,51.09833908081055,23.9326229095459,98.15715026855469,79.01036071777344,110.03494262695312,83.804443359375,36.036258697509766,99.01813507080078,4.899627208709717,27.68387794494629,71.98778533935547,54.34555435180664
2018-10-29,50.13921356201172,22.952089309692383,97.24427032470703,77.16844940185547,110.50089263916016,84.96321868896484,36.46002960205078,96.13903045654297,4.586558818817139,28.09328269958496,72.29913330078125,54.00908279418945
2018-10-30,50.38962173461914,23.940166473388672,100.21331024169922,78.52862548828125,113.07162475585938,86.46233367919922,37.37820816040039,96.02793884277344,5.016007900238037,27.872329711914062,73.07752990722656,55.22175979614258
2018-10-31,51.703102111816406,24.40781021118164,103.50653839111328,79.0953598022461,112.46107482910156,88.34228515625,37.57440185546875,98.87926483154297,5.209482669830322,27.982805252075195,72.6596450805664,55.85263442993164
2018-11-01,52.49686813354492,25.35063934326172,106.39022827148438,78.75531768798828,113.12787628173828,88.30989074707031,37.464534759521484,98.0553207397461,5.389366626739502,28.379220962524414,73.40524291992188,56.54658508300781
2018-11-02,49.01472854614258,25.04138946533203,107.32022857666016,81.27730560302734,113.01537322998047,87.82367706298828,37.6685676574707,98.27751922607422,5.310544490814209,27.89832878112793,73.58551788330078,57.44379806518555
2018-11-05,47.6232795715332,25.516571044921875,107.84918212890625,84.2597885131836,114.23649597167969,88.39901733398438,38.210052490234375,99.52725982666016,5.232709884643555,28.2817440032959,74.72437286376953,57.22650909423828
2018-11-06,48.13827133178711,25.855985641479492,110.34042358398438,84.23141479492188,114.53372192382812,88.81228637695312,38.53965377807617,99.72168731689453,5.215167045593262,27.95032501220703,74.97840118408203,57.471832275390625
2018-11-07,49.598228454589844,26.52727508544922,115.26323699951172,85.62699890136719,116.28502655029297,90.33570861816406,38.743682861328125,103.64686584472656,5.282623291015625,28.853612899780273,74.79814147949219,58.200843811035156
2018-11-08,49.42516326904297,26.663043975830078,112.09795379638672,84.55731201171875,116.72686767578125,91.06501007080078,38.71229934692383,103.45242309570312,5.089888572692871,28.716096878051758,74.8554916381836,57.275577545166016
2018-11-09,48.4721794128418,25.637252807617188,108.27577209472656,84.66358947753906,116.75896453857422,90.18174743652344,38.986968994140625,101.43431854248047,5.081981182098389,28.9976863861084,75.71580505371094,57.26142120361328
2018-11-12,46.03043746948242,25.03384017944336,106.64618682861328,83.16168212890625,116.98393249511719,88.2855453491211,39.136070251464844,98.93480682373047,4.683419704437256,28.8863582611084,75.95343017578125,56.52503967285156
2018-11-13,45.57052993774414,25.162067413330078,107.46525573730469,81.71651458740234,116.22881317138672,88.80419921875,39.12822723388672,98.99960327148438,4.924829959869385,28.49999237060547,76.58430480957031,55.229270935058594
2018-11-14,44.283287048339844,24.830188751220703,106.73150634765625,81.97864532470703,115.88336944580078,86.97283935546875,39.04975128173828,97.59568786621094,4.872445583343506,28.10051918029785,76.6007080078125,54.79735565185547
2018-11-15,45.37615203857422,24.513404846191406,110.41720581054688,83.65970611572266,116.0842056274414,89.1931381225586,39.03406524658203,99.74339294433594,5.00093412399292,28.296979904174805,76.87928009033203,55.36381149291992
2018-11-16,45.878719329833984,24.48323631286621,110.87791442871094,85.16907501220703,117.2811279296875,89.12830352783203,39.371498107910156,100.68245697021484,4.062966823577881,28.493438720703125,76.87109375,55.909019470214844
2018-11-19,44.06045150756836,23.98542594909668,107.48231506347656,85.42662048339844,118.6790542602539,89.80900573730469,39.6383171081543,97.27027893066406,3.5754499435424805,28.93219757080078,76.43683624267578,56.093109130859375
2018-11-20,41.955326080322266,23.374475479125977,104.31705474853516,83.05169677734375,117.65071868896484,87.88037872314453,38.75154113769531,94.56471252441406,3.6836767196655273,28.506532669067383,75.46182250976562,54.49995040893555
2018-11-21,41.90790557861328,24.460607528686523,105.6821060180664,84.10322570800781,114.06777954101562,87.22403717041016,38.2414436340332,95.86634826660156,3.575697422027588,28.224950790405273,74.89644622802734,54.91770935058594
2018-11-23,40.84351348876953,25.02630615234375,104.35970306396484,81.26332092285156,114.26055145263672,86.42181396484375,38.469017028808594,95.82917022705078,3.5828628540039062,28.251144409179688,75.00296020507812,53.4520263671875
2018-11-26,41.39585876464844,25.92386245727539,106.4755630493164,82.25048828125,114.29290771484375,88.53675842285156,38.351318359375,98.99030303955078,3.781773567199707,28.382112503051758,75.33070373535156,54.50703430175781
2018-11-27,41.3057861328125,25.5090274810791,106.30493927001953,82.41500854492188,115.78860473632812,88.90953826904297,38.743682861328125,99.61325073242188,3.7985758781433105,28.86016845703125,75.96979522705078,54.55661392211914
2018-11-28,42.894100189208984,25.72021484375,111.5689926147461,84.510986328125,118.39183044433594,89.89814758300781,39.0105094909668,103.31364440917969,3.955233573913574,29.403705596923828,76.20741271972656,55.547908782958984
2018-11-29,42.56458282470703,25.45623016357422,111.10828399658203,85.01887512207031,117.91484069824219,89.18504333496094,38.74158477783203,102.44898223876953,3.8921608924865723,29.803171157836914,76.0517349243164,55.97981643676758
2018-11-30,42.334632873535156,25.44114875793457,115.74950408935547,85.08326721191406,118.76371765136719,90.10072326660156,39.8647575378418,103.09980773925781,4.042296409606934,30.274694442749023,77.4364242553711,56.2913703918457
2018-12-03,43.813899993896484,26.285911560058594,118.54789733886719,86.3207778930664,118.20587921142578,90.95158386230469,39.30315399169922,104.21550750732422,4.205790042877197,30.117521286010742,76.46144104003906,57.50923156738281
2018-12-04,41.8865852355957,24.671796798706055,110.33186340332031,83.8671646118164,118.06037139892578,86.89180755615234,39.21617126464844,100.89627838134766,3.8859786987304688,29.560882568359375,76.45320892333984,56.241798400878906
2018-12-06,41.41956329345703,24.211702346801758,109.5213851928711,82.91576385498047,117.96336364746094,85.23873901367188,39.0579719543457,101.51919555664062,3.91516375541687,29.456104278564453,76.64984893798828,55.50540542602539
2018-12-07,39.94266891479492,23.698806762695312,105.40911102294922,82.61528778076172,117.57526397705078,83.69911193847656,38.82858657836914,97.45623016357422,3.6510026454925537,28.761938095092773,75.74858856201172,54.97437286376953
2018-12-10,40.205806732177734,22.99734878540039,105.2725830078125,82.22186279296875,117.43785095214844,82.13516235351562,38.94724655151367,100.03160095214844,3.7561237812042236,29.076269149780273,76.22379302978516,54.195499420166016
2018-12-11,39.975852966308594,23.01997184753418,105.14462280273438,82.60101318359375,118.44034576416016,81.33294677734375,39.18451690673828,100.96137237548828,3.6653499603271484,28.82087516784668,76.94483947753906,54.294620513916016
2018-12-12,40.0872688293457,23.0048885345459,106.9618911743164,82.70830535888672,118.92542266845703,81.85966491699219,38.931419372558594,101.41695404052734,3.6829113960266113,28.919103622436523,77.04314422607422,53.82728958129883
2018-12-13,40.52584457397461,22.929466247558594,107.41405487060547,82.93721771240234,119.52367401123047,81.94070434570312,39.12915802001953,101.76094055175781,3.6826634407043457,29.187602996826172,79.05872344970703,54.50703430175781
2018-12-14,39.22911071777344,22.446741104125977,108.15629577636719,81.42782592773438,107.52604675292969,81.26811218261719,39.026329040527344,98.58119201660156,3.62231183052063,28.683353424072266,79.18162536621094,53.51575469970703
2018-12-17,38.86402893066406,21.72264862060547,106.19401550292969,80.44066619873047,104.40536499023438,80.23088836669922,38.22745132446289,95.66179656982422,3.551326036453247,28.231489181518555,76.0107650756836,52.425323486328125
2018-12-18,39.36897659301758,21.6472225189209,106.02337646484375,78.50206756591797,105.44019317626953,79.85002899169922,38.219547271728516,96.66593170166016,3.6344316005706787,27.766536712646484,75.7813720703125,50.980865478515625
2018-12-19,38.14098358154297,20.817537307739258,104.36824035644531,77.13575744628906,103.16840362548828,78.83712005615234,37.8873405456543,96.40560913085938,3.4259235858917236,27.484939575195312,75.18321990966797,50.11700439453125
2018-12-20,37.17851638793945,20.90050506591797,103.7027816772461,75.09701538085938,103.7020263671875,78.15642547607422,37.60258865356445,94.3787612915039,3.3415799140930176,27.471839904785156,74.54415893554688,48.594669342041016
2018-12-21,35.73243713378906,21.5039119720459,102.4400634765625,74.54621887207031,103.5564956665039,76.30886840820312,37.62632369995117,91.32918548583984,3.2047998905181885,27.458744049072266,74.53594970703125,48.23356246948242
2018-12-24,34.80788040161133,21.858417510986328,99.7781753540039,72.2427749633789,99.3120346069336,74.66390991210938,36.35285949707031,87.5172119140625,3.143212080001831,26.555017471313477,71.57810974121094,46.38550567626953
2018-12-26,37.25912094116211,23.110488891601562,106.44143676757812,76.82099914550781,102.44080352783203,77.75939178466797,37.12800598144531,93.49549102783203,3.29211163520813,27.62900161743164,73.8149185180664,48.60175704956055
2018-12-27,37.01732635498047,22.974720001220703,108.07098388671875,78.20161437988281,103.00670623779297,78.63452911376953,37.59467697143555,94.07193756103516,3.244375228881836,28.061229705810547,75.3962631225586,48.81417465209961
2018-12-28,37.036277770996094,22.69564437866211,107.1666259765625,77.72232818603516,102.89353942871094,78.46437072753906,37.33366394042969,93.33743286132812,3.305715322494507,28.133256912231445,74.70802307128906,48.268959045410156
2018-12-31,37.39424514770508,22.48444938659668,108.41226196289062,77.82247161865234,104.33262634277344,79.1045150756836,37.45229721069336,94.43453216552734,3.3020052909851074,28.58510971069336,75.31431579589844,48.28313064575195
2019-01-02,37.436912536621094,22.68055534362793,107.82355499267578,79.18165588378906,103.28160858154297,80.47398376464844,37.12009048461914,94.01614379882812,3.3692820072174072,28.32317543029785,74.78993225097656,49.3452262878418
2019-01-03,33.70793151855469,22.046981811523438,103.66864013671875,77.66512298583984,101.64041900634766,79.33029174804688,36.890724182128906,90.5574722290039,3.1657204627990723,27.530771255493164,74.26557922363281,48.58759307861328
2019-01-04,35.14689254760742,22.80124282836914,109.33368682861328,79.274658203125,103.34628295898438,82.25484466552734,37.62632369995117,94.76925659179688,3.3685402870178223,28.159454345703125,75.7813720703125,50.37901306152344
2019-01-07,35.06865692138672,23.480066299438477,109.40192413330078,80.30474090576172,102.68333435058594,82.31202697753906,37.13591384887695,94.89010620117188,3.546872854232788,28.31007194519043,75.47820281982422,50.6409912109375
2019-01-08,35.7371826171875,23.683725357055664,110.71583557128906,79.95421600341797,105.06832885742188,82.15682220458984,37.55513000488281,95.578125,3.458571672439575,28.441055297851562,75.75678253173828,51.009178161621094
2019-01-09,36.34405517578125,23.940166473388672,111.14241790771484,81.02723693847656,104.2355728149414,82.01795196533203,36.835350036621094,96.94486999511719,3.5265908241271973,28.382112503051758,74.51956176757812,51.278255462646484
2019-01-10,36.460227966308594,23.9326229095459,113.43742370605469,81.15599822998047,104.86619567871094,82.0097885131836,37.23084259033203,96.32194519042969,3.5921363830566406,27.70759391784668,74.6998062133789,51.016273498535156
2019-01-11,36.10224533081055,24.1136474609375,112.70370483398438,80.50503540039062,104.89854431152344,81.61766815185547,37.444400787353516,95.578125,3.6811788082122803,28.080869674682617,75.19143676757812,50.78260040283203
2019-01-14,35.559383392333984,24.12118911743164,112.44775390625,79.91844940185547,103.71009826660156,82.45909118652344,37.29411315917969,94.88082885742188,3.721001386642456,27.74688720703125,74.68343353271484,50.718868255615234
2019-01-15,36.287166595458984,24.309757232666016,111.500732421875,80.20458984375,104.5832290649414,83.0635986328125,37.62632369995117,97.63288116455078,3.7069034576416016,27.982643127441406,75.3880615234375,50.74717712402344
2019-01-16,36.73047637939453,24.573747634887695,112.32829284667969,79.6895523071289,103.51604461669922,83.73346710205078,37.1121826171875,97.97689819335938,3.681426525115967,27.576614379882812,74.86370849609375,50.7259521484375
2019-01-17,36.94856643676758,24.618999481201172,114.78544616699219,80.09014129638672,104.36494445800781,84.07655334472656,37.222930908203125,98.66487884521484,3.7526612281799316,27.81236457824707,74.85296630859375,51.07290267944336
2019-01-18,37.1761474609375,24.82265281677246,117.292724609375,81.81412506103516,105.65847778320312,85.44078826904297,37.657958984375,100.1431884765625,3.8815252780914307,27.851665496826172,75.49712371826172,51.68185043334961
2019-01-22,36.34168243408203,24.58129119873047,113.54898071289062,80.36197662353516,104.1304931640625,84.09290313720703,37.744956970214844,98.25579071044922,3.6796956062316895,27.681396484375,74.68778228759766,50.902976989746094
2019-01-23,36.48866271972656,24.40781021118164,113.18836212158203,79.68238067626953,104.1304931640625,83.88050079345703,38.17999267578125,99.21343231201172,3.6925573348999023,27.609355926513672,78.3214340209961,50.48521423339844
2019-01-24,36.19944763183594,24.52094841003418,113.9697036743164,81.19888305664062,102.6994857788086,83.92951965332031,37.72123718261719,98.7392807006836,3.904033660888672,26.81696891784668,77.87548065185547,50.55601119995117
2019-01-25,37.398983001708984,24.88299560546875,117.51598358154297,80.991455078125,103.66966247558594,84.46051025390625,37.46811294555664,99.64112091064453,3.961169958114624,26.613964080810547,77.29740905761719,50.78260040283203
2019-01-28,37.05286407470703,25.03384017944336,106.79134368896484,80.24034881591797,104.28409576416016,84.86080932617188,37.3099250793457,97.69796752929688,3.4135560989379883,25.887056350708008,77.2313461303711,50.442718505859375
2019-01-29,36.6688346862793,25.01121711730957,108.64602661132812,79.99713134765625,105.3674545288086,85.09770202636719,37.49186706542969,95.70829010009766,3.2550103664398193,26.6990909576416,77.24784851074219,50.6339111328125
2019-01-30,39.174591064453125,24.996131896972656,111.72003936767578,80.84123992919922,106.42654418945312,85.29376220703125,37.855690002441406,98.9066162109375,3.398221492767334,27.229537963867188,78.05715942382812,51.186195373535156
2019-01-31,39.45668411254883,25.418519973754883,114.33893585205078,82.01441955566406,107.59074401855469,84.55036926269531,38.06925582885742,97.09361267089844,3.555530548095703,28.04206657409668,79.66753387451172,51.88718795776367
2019-02-01,39.47565460205078,25.644800186157227,112.40699005126953,84.67547607421875,108.4962158203125,84.86080932617188,38.520111083984375,95.5595474243164,3.5797696113586426,28.32611656188965,80.49334716796875,53.75648498535156
2019-02-04,40.59696578979492,25.916324615478516,112.3812026977539,85.6555404663086,107.42903137207031,85.16307067871094,38.95513916015625,98.31161499023438,3.689836263656616,28.035459518432617,80.95580291748047,52.97761154174805
2019-02-05,41.29155731201172,26.112430572509766,113.34288787841797,85.46954345703125,107.42903137207031,84.78726196289062,38.963050842285156,99.68765258789062,3.708881378173828,27.817459106445312,80.46858215332031,53.5228157043457
2019-02-06,41.3057861328125,26.074716567993164,112.08924102783203,85.04032897949219,107.52604675292969,84.74642181396484,38.963050842285156,98.58119201660156,3.784320592880249,27.96279525756836,80.86495208740234,53.28917694091797
2019-02-07,40.523475646972656,26.029468536376953,110.57804107666016,84.5753402709961,106.75801086425781,83.63544464111328,39.08961868286133,97.87458801269531,3.646303415298462,27.54661750793457,80.22085571289062,52.878475189208984
2019-02-08,40.571083068847656,25.8990478515625,110.42345428466797,84.11038208007812,107.04095458984375,82.80218505859375,39.15288162231445,98.24649810791016,3.6648545265197754,27.896728515625,80.69153594970703,52.96438980102539
2019-02-11,40.337772369384766,25.546159744262695,110.70682525634766,83.65970611572266,106.71759796142578,82.41006469726562,39.23988342285156,97.85601043701172,3.62231183052063,27.53340721130371,81.15400695800781,53.050289154052734
2019-02-12,40.685359954833984,25.77630615234375,113.91817474365234,84.92587280273438,108.46388244628906,83.8151626586914,39.27943801879883,99.38080596923828,3.7390570640563965,27.658916473388672,81.97157287597656,53.98101043701172
2019-02-13,40.516319274902344,25.906723022460938,114.28741455078125,85.53389739990234,108.69832611083984,84.21543884277344,39.38226318359375,99.30642700195312,3.7813527584075928,27.54661750793457,81.95507049560547,54.58955001831055
2019-02-14,40.663936614990234,25.46944236755371,113.87528228759766,85.37496185302734,108.58513641357422,83.66809844970703,36.06019592285156,99.39012145996094,3.8221633434295654,27.724977493286133,81.3109359741211,54.60386657714844
2019-02-15,40.57345962524414,25.584516525268555,116.94924926757812,86.23477935791016,110.2586898803711,86.22504425048828,35.78336715698242,100.61737823486328,3.891667127609253,28.0090389251709,81.32742309570312,55.634803771972656
2019-02-19,40.69489288330078,25.69959259033203,116.60579681396484,86.20586395263672,109.70084381103516,85.92277526855469,35.459068298339844,100.57086181640625,3.87435245513916,28.14116096496582,82.5744400024414,56.007102966308594
2019-02-20,40.95676803588867,26.405366897583008,120.47833251953125,86.90673065185547,110.23444366455078,86.33940124511719,35.67262649536133,100.04798889160156,3.9215948581695557,27.87691307067871,81.98809814453125,56.22187042236328
2019-02-21,40.725826263427734,26.090839385986328,119.25048065185547,86.08305358886719,109.48252868652344,86.15968322753906,36.273765563964844,102.15821838378906,3.8528342247009277,27.837278366088867,82.40099334716797,55.713558197021484
2019-02-22,41.180572509765625,25.814666748046875,119.07875061035156,86.263671875,110.43650817871094,85.77572631835938,35.81500244140625,103.61479187011719,3.937424659729004,28.378965377807617,82.78914642333984,56.14311599731445
2019-02-25,41.480552673339844,26.006452560424805,121.4228515625,86.42986297607422,110.84345245361328,86.67434692382812,35.54607391357422,104.19371795654297,3.9250571727752686,28.458234786987305,82.22757720947266,56.200382232666016
2019-02-26,41.504356384277344,25.868364334106445,118.4776611328125,86.66107177734375,110.77019500732422,86.01264953613281,35.34833526611328,104.91267395019531,3.8857309818267822,28.41860008239746,82.44230651855469,56.314937591552734
2019-02-27,41.63291931152344,25.722599029541016,119.85153198242188,86.76223754882812,110.57490539550781,85.90644073486328,35.54607391357422,104.7352523803711,3.843930244445801,28.359148025512695,81.68253326416016,56.89484405517578
2019-02-28,41.22341537475586,25.615201950073242,117.92811584472656,86.40094757080078,111.20153045654297,85.2529067993164,35.86246109008789,104.60454559326172,3.819417953491211,28.6365966796875,81.38523864746094,56.579830169677734
2019-03-01,41.65673065185547,25.730283737182617,118.03974914550781,88.1711654663086,112.59320068359375,85.31008911132812,35.89410400390625,105.0713882446289,3.8736412525177,28.64320182800293,81.29438781738281,57.27428436279297
2019-03-04,41.86625289916992,25.85301971435547,118.79537963867188,88.23621368408203,112.698974609375,85.114013671875,36.1076774597168,104.81930541992188,3.881812334060669,28.451627731323242,81.6495132446289,57.49623107910156
2019-03-05,41.79005432128906,25.67657470703125,117.75640106201172,89.0815658569336,112.93498992919922,85.0486831665039,36.068111419677734,104.2964096069336,3.875375509262085,28.332717895507812,81.83120727539062,57.41031265258789
2019-03-06,41.549583435058594,25.868364334106445,115.77287292480469,89.25497436523438,113.1954116821289,84.73011016845703,35.9494743347168,104.34307861328125,3.7646987438201904,27.652313232421875,81.6990737915039,56.758827209472656
2019-03-07,41.068668365478516,25.49245834350586,114.02982330322266,88.10614013671875,112.50364685058594,84.1174087524414,35.81500244140625,103.07321166992188,3.695620059967041,27.34184455871582,81.38523864746094,57.38882827758789
2019-03-08,41.166282653808594,25.26998519897461,112.78477478027344,87.87493133544922,112.35716247558594,84.15005493164062,35.46697998046875,103.185302734375,3.729788303375244,27.011545181274414,81.26963806152344,56.56552505493164
2019-03-11,42.59238052368164,25.691923141479492,114.29601287841797,89.32001495361328,112.76409912109375,85.24473571777344,36.52687454223633,105.35151672363281,3.9897639751434326,27.414505004882812,82.23584747314453,57.11676025390625
2019-03-12,43.0709228515625,25.7993221282959,113.75504302978516,89.52230834960938,113.26864624023438,84.99149322509766,36.424041748046875,106.08915710449219,4.023931980133057,27.566434860229492,82.62400817871094,57.27428436279297
2019-03-13,43.26138687133789,26.251943588256836,114.63088989257812,90.07866668701172,113.45585632324219,85.27743530273438,36.558509826660156,106.91082000732422,4.174964427947998,27.751401901245117,83.55716705322266,57.782588958740234
2019-03-14,43.74230194091797,26.413042068481445,114.79403686523438,90.0280990600586,112.32462310791016,86.05350494384766,36.46276092529297,106.99485778808594,4.099201679229736,27.209720611572266,83.67278289794922,57.58929443359375
2019-03-15,44.311309814453125,26.758262634277344,113.91817474365234,90.54109954833984,111.98282623291016,87.04195404052734,36.143619537353516,108.22738647460938,4.204431056976318,27.59947395324707,84.59770202636719,57.38166046142578
2019-03-18,44.76366424560547,27.210880279541016,115.14610290527344,90.95293426513672,111.63286590576172,87.56478118896484,36.231388092041016,109.7773666381836,4.183135986328125,27.61928939819336,83.8296890258789,58.047489166259766
2019-03-19,44.4089241027832,26.896345138549805,115.18898010253906,90.5194320678711,112.66642761230469,87.2461929321289,36.3510627746582,109.8520278930664,4.350511074066162,27.94297981262207,84.15177154541016,57.89713668823242
2019-03-20,44.7969970703125,26.71222686767578,114.21012878417969,90.09310913085938,111.73052978515625,85.38361358642578,36.32713317871094,109.73066711425781,4.318077564239502,27.857097625732422,84.00311279296875,58.219295501708984
2019-03-21,46.44689178466797,27.042110443115234,115.11173248291016,90.9384994506836,112.38970947265625,84.03572845458984,36.311161041259766,112.25170135498047,4.554283618927002,27.976011276245117,84.63899993896484,58.55580139160156
2019-03-22,45.48504638671875,26.328659057617188,111.4281005859375,88.93707275390625,111.42125701904297,81.4951171875,36.646278381347656,109.29180145263672,4.394831657409668,27.645706176757812,83.9535903930664,57.6179313659668
2019-03-25,44.93507766723633,26.190567016601562,112.81053161621094,88.79256439208984,111.17713165283203,80.81706237792969,36.7260627746582,109.86139678955078,4.302725791931152,27.672134399414062,84.20130920410156,57.217010498046875
2019-03-26,44.47081756591797,26.474416732788086,113.20551300048828,89.68851470947266,112.772216796875,81.62583923339844,37.2127685546875,110.09479522705078,4.3792314529418945,28.02224349975586,85.0766830444336,57.96158218383789
2019-03-27,44.87080383300781,26.397705078125,112.65597534179688,88.72029876708984,112.87801361083984,81.34806823730469,37.18882751464844,109.0303726196289,4.370072364807129,27.75800895690918,84.97760772705078,57.5177116394043
2019-03-28,44.93031692504883,26.551124572753906,113.66058349609375,88.88648986816406,113.0245132446289,82.27117156982422,37.164894104003906,109.17975616455078,4.388641834259033,27.936368942260742,85.5143814086914,57.8040771484375
2019-03-29,45.22316360473633,26.827306747436523,116.33961486816406,89.0020751953125,113.76509094238281,82.69597625732422,37.388301849365234,110.1228256225586,4.445836544036865,28.055267333984375,85.92729187011719,57.847042083740234
2019-04-01,45.53028869628906,27.157182693481445,120.42680358886719,90.27375030517578,113.10587310791016,85.4816665649414,37.276607513427734,111.13124084472656,4.513181686401367,28.299697875976562,85.58869934082031,58.51283264160156
2019-04-02,46.19213104248047,26.566476821899414,120.37532043457031,90.26652526855469,112.07234191894531,85.89009094238281,37.156925201416016,111.28998565673828,4.531009197235107,28.345935821533203,85.67951965332031,58.26225662231445
2019-04-03,46.50878143310547,26.71222686767578,119.57677459716797,89.51508331298828,111.63286590576172,86.06165313720703,36.84574508666992,112.01824188232422,4.670158386230469,28.299697875976562,85.62998962402344,57.91861343383789
2019-04-04,46.5897331237793,26.635509490966797,120.32376098632812,90.172607421875,110.33074188232422,86.89303588867188,37.085105895996094,111.4487075805664,4.6612443923950195,28.233633041381836,85.41527557373047,58.74193572998047
2019-04-05,46.901611328125,26.70456314086914,120.5212631225586,91.34310913085938,110.82718658447266,86.687255859375,37.077125549316406,111.94357299804688,4.72784948348999,28.398771286010742,85.59696197509766,59.05693054199219
2019-04-08,47.639671325683594,26.719905853271484,120.05758666992188,91.53097534179688,110.79462432861328,86.96713256835938,37.140953063964844,111.98091888427734,4.7486467361450195,28.497879028320312,86.68704986572266,59.42207336425781
2019-04-09,47.49681854248047,26.42839241027832,117.07804107666016,90.707275390625,110.33074188232422,86.32506561279297,37.2367057800293,111.3740005493164,4.686005115509033,28.299697875976562,86.43106079101562,58.65602111816406
2019-04-10,47.76345443725586,26.66619873046875,118.09129333496094,90.67115783691406,110.3388671875,86.71195983886719,37.2127685546875,112.22368621826172,4.756321430206299,28.227033615112305,86.42279052734375,58.391136169433594
2019-04-11,47.36587142944336,26.750587463378906,119.24185180664062,91.03242492675781,110.03776550292969,87.4445571899414,37.26862716674805,112.35440826416016,4.74245548248291,27.923152923583984,86.50538635253906,58.67034912109375
2019-04-12,47.34682083129883,27.25690460205078,121.24256134033203,86.53102111816406,110.6644058227539,91.54393005371094,37.29255676269531,112.93331909179688,4.7045745849609375,27.553234100341797,86.76139068603516,57.93293380737305
2019-04-15,47.432525634765625,27.264583587646484,120.42680358886719,86.80558776855469,111.1038818359375,90.4985122680664,37.500003814697266,113.02669525146484,4.573101043701172,27.804248809814453,87.3146743774414,57.739646911621094
2019-04-16,47.43729782104492,27.45636749267578,121.95523834228516,87.54978942871094,112.32462310791016,91.45337677001953,37.460105895996094,112.76524353027344,4.660007476806641,27.031360626220703,87.88448333740234,58.13339614868164
2019-04-17,48.36103820800781,27.56376838684082,122.56488037109375,86.89948272705078,112.73151397705078,94.0875015258789,37.72341537475586,113.6989517211914,4.637227535247803,26.34434700012207,88.03087615966797,58.29804992675781
2019-04-18,48.53483200073242,29.62740707397461,123.84339904785156,86.60325622558594,111.91767120361328,93.39605712890625,37.88296890258789,115.19290161132812,4.6127142906188965,26.014057159423828,88.19720458984375,58.08327865600586
2019-04-22,48.694358825683594,29.934268951416016,122.9968490600586,88.07723236083984,112.16997528076172,93.51126861572266,37.81916046142578,115.55708312988281,4.666443824768066,25.74981689453125,88.16395568847656,59.350486755371094
2019-04-23,49.39669418334961,30.478939056396484,122.69446563720703,88.1639633178711,113.85462188720703,93.62652587890625,38.465431213378906,117.1257095336914,4.720916271209717,26.040475845336914,85.793701171875,59.69412612915039
2019-04-24,49.32050323486328,30.63238525390625,118.97985076904297,85.461669921875,113.28491973876953,93.4701156616211,38.28191375732422,116.72421264648438,4.733295440673828,26.00743865966797,86.23448944091797,58.53432083129883
2019-04-25,48.87290954589844,30.793487548828125,117.59768676757812,85.18708801269531,113.65115356445312,93.51949310302734,38.17021179199219,120.58979797363281,4.627818584442139,26.16598892211914,85.89350891113281,58.863643646240234
2019-04-26,48.63959884643555,31.11867904663086,120.1028823852539,84.6090316772461,114.2533950805664,94.22743225097656,38.50531005859375,121.28076934814453,4.409438610076904,26.40380096435547,88.03919219970703,57.62507629394531
2019-04-29,48.713401794433594,31.366456985473633,120.09423065185547,85.05702209472656,113.80580139160156,95.58566284179688,38.63297653198242,121.1687240600586,4.440141677856445,26.152769088745117,87.1409912109375,57.25282287597656
2019-04-30,47.775360107421875,30.553442001342773,120.4397964477539,86.7477798461914,114.91259765625,95.52802276611328,39.143611907958984,121.94371032714844,4.481490612030029,26.826574325561523,88.55482482910156,57.47475051879883
2019-05-01,50.120445251464844,30.855424880981445,119.34268188476562,85.12206268310547,115.52294921875,94.79540252685547,38.76861572265625,119.40398406982422,4.468367576599121,26.93227195739746,87.26573944091797,56.32210159301758
2019-05-02,49.79427719116211,30.638622283935547,116.76836395263672,84.08883666992188,114.97769165039062,95.00121307373047,38.609046936035156,117.84468078613281,4.535712718963623,27.090810775756836,87.7896957397461,55.33411407470703
2019-05-03,50.41328430175781,31.018033981323242,120.12877655029297,84.73190307617188,115.57178497314453,95.58566284179688,38.872344970703125,120.35637664794922,4.531257629394531,27.34184455871582,88.22216033935547,55.46297836303711
2019-05-06,49.634765625,30.28244400024414,118.14189910888672,85.54837036132812,115.63690948486328,94.73779296875,38.672874450683594,119.65605926513672,4.4530158042907715,27.51358985900879,87.88949584960938,55.21956253051758
2019-05-07,48.29676055908203,30.081130981445312,115.47257232666016,85.45442962646484,113.91157531738281,93.19025421142578,38.29787826538086,117.2004165649414,4.286137104034424,26.97191047668457,87.074462890625,54.92604446411133
2019-05-08,48.3062858581543,30.266956329345703,113.98670959472656,84.89808654785156,113.76509094238281,92.69635772705078,38.178184509277344,117.19107818603516,4.306190490722656,27.051177978515625,87.3821792602539,55.01194763183594
2019-05-09,47.78725814819336,30.576677322387695,113.33882904052734,87.56425476074219,112.90241241455078,92.62227630615234,37.81916046142578,117.18171691894531,4.21383810043335,27.08450698852539,86.6919174194336,54.961830139160156
2019-05-10,47.125247955322266,30.8244571685791,113.45977020263672,88.14228820800781,113.16288757324219,92.61402130126953,38.449466705322266,118.70370483398438,4.179917335510254,27.137819290161133,88.16395568847656,55.439762115478516
2019-05-13,44.3863525390625,30.042415618896484,108.2420425415039,87.0223388671875,111.65727233886719,90.09516143798828,38.337764739990234,115.17424011230469,3.9231607913970947,27.037851333618164,88.24710083007812,54.82425308227539
2019-05-14,45.089012145996094,30.499250411987305,110.1166000366211,87.88939666748047,111.34801483154297,90.8113021850586,38.8484001159668,116.46279907226562,4.01204776763916,27.09783363342285,87.82295989990234,54.89665985107422
2019-05-15,45.62913513183594,30.646371841430664,109.96979522705078,88.25064849853516,111.42125701904297,90.46559143066406,39.239356994628906,118.10282897949219,3.951139211654663,27.424392700195312,88.73778533935547,55.30216979980469
2019-05-16,45.428382873535156,31.281280517578125,109.37369537353516,88.14118957519531,112.47924041748047,91.62622833251953,39.55851364135742,120.83000946044922,3.966242551803589,27.750953674316406,89.9104232788086,55.294944763183594
2019-05-17,45.170265197753906,31.474855422973633,106.0478286743164,87.93690490722656,112.8047866821289,91.18172454833984,39.25532913208008,120.0240478515625,3.8756229877471924,27.637659072875977,89.36152648925781,54.96906661987305
2019-05-20,43.75779342651367,31.443876266479492,105.76274871826172,88.17039489746094,112.65015411376953,91.6591796875,38.97606658935547,118.29026794433594,3.7572712898254395,27.717622756958008,89.26172637939453,54.96184158325195
2019-05-21,44.5966682434082,32.36528778076172,107.93966674804688,88.53521728515625,112.40599822998047,91.97198486328125,38.77659225463867,118.92754364013672,3.8392252922058105,27.770938873291016,88.46336364746094,55.21528244018555
2019-05-22,43.68370056152344,32.28786087036133,106.7389144897461,87.973388671875,112.92686462402344,91.22289276123047,39.614349365234375,119.64916229248047,3.768413543701172,27.984207153320312,88.75442504882812,54.71562957763672
2019-05-23,42.93804168701172,31.861997604370117,105.61589050292969,86.00333404541016,113.76509094238281,89.42839050292969,39.77394485473633,118.25276184082031,3.6475865840911865,27.937559127807617,88.78768920898438,53.43391799926758
2019-05-24,42.77312469482422,31.474855422973633,106.16876220703125,86.61624908447266,113.77327728271484,90.30918884277344,39.58244705200195,118.30903625488281,3.5938587188720703,27.957550048828125,88.72948455810547,53.65837860107422
2019-05-28,42.596275329589844,30.878646850585938,105.03709411621094,86.32439422607422,112.31475830078125,89.3296127319336,39.175533294677734,118.23404693603516,3.548795700073242,27.924230575561523,86.8749008178711,52.579437255859375
2019-05-29,42.393131256103516,30.561195373535156,104.94207763671875,85.20072174072266,107.61140441894531,89.08267211914062,38.784584045410156,117.09068298339844,3.474764347076416,27.804262161254883,86.65032196044922,52.25359344482422
2019-05-30,42.613006591796875,30.39085578918457,105.2530746459961,84.18651580810547,108.25053405761719,88.1277847290039,39.29520797729492,117.8310546875,3.4482412338256836,27.924230575561523,87.5984115600586,52.11599349975586
2019-05-31,41.84104537963867,29.30684471130371,103.49940490722656,83.07017517089844,107.46390533447266,87.2223129272461,39.199466705322266,115.90983581542969,3.3577656745910645,27.670970916748047,85.58583068847656,51.24702453613281
2019-06-03,41.41801834106445,30.11985206604004,104.22506713867188,84.63159942626953,107.70154571533203,87.6338882446289,39.87765884399414,112.31107330322266,3.316122055053711,27.937559127807617,86.32598876953125,52.050811767578125
2019-06-04,42.933258056640625,30.81670570373535,105.46038818359375,85.58744049072266,109.57797241210938,90.3338851928711,39.893611907958984,115.42251586914062,3.544665813446045,28.144153594970703,87.05784606933594,53.289093017578125
2019-06-05,43.626346588134766,31.03351593017578,106.35880279541016,85.84284210205078,110.11058044433594,90.6549072265625,40.51595687866211,117.92475891113281,3.502030849456787,28.310762405395508,88.76274871826172,52.847354888916016
2019-06-06,44.26686096191406,31.73036766052246,106.592041015625,88.05365753173828,111.99518585205078,90.85247039794922,41.010643005371094,119.78974914550781,3.5640008449554443,28.46405601501465,89.30330657958984,53.810455322265625
2019-06-07,45.445106506347656,32.496917724609375,107.51641082763672,88.63735961914062,113.5274429321289,89.85643768310547,41.08243942260742,123.14483642578125,3.6066360473632812,28.604005813598633,90.45930480957031,54.005977630615234
2019-06-10,46.02587127685547,32.868568420410156,108.62214660644531,89.22837829589844,113.91259765625,90.82776641845703,40.994686126708984,124.26944732666016,3.6792640686035156,28.70397186279297,90.417724609375,54.24494552612305
2019-06-11,46.55882263183594,33.13957595825195,109.95248413085938,88.41117095947266,114.53531646728516,91.10767364501953,40.95479202270508,123.80084991455078,3.736772060394287,28.43739128112793,90.96663665771484,54.194252014160156
2019-06-12,46.4106559753418,33.27120590209961,109.79698944091797,87.69613647460938,116.09219360351562,89.9469985961914,41.20213317871094,123.22917938232422,3.6239864826202393,28.71063995361328,91.21612548828125,53.607704162597656
2019-06-13,46.40108871459961,34.03001022338867,109.85746765136719,88.22147369384766,115.29737091064453,90.16924285888672,41.11368179321289,124.00704193115234,3.6750502586364746,28.324092864990234,92.23905181884766,54.07839584350586
2019-06-14,46.06411361694336,34.1771354675293,109.90930938720703,88.14851379394531,114.7893295288086,90.39973449707031,41.258419036865234,124.12889862060547,3.585317850112915,28.49736976623535,92.48023986816406,53.83942794799805
2019-06-17,46.33894729614258,34.25455093383789,109.98703002929688,88.57169342041016,114.2567367553711,89.90582275390625,40.90460968017578,124.50375366210938,3.594985246658325,28.577341079711914,92.30559539794922,54.37528991699219
2019-06-18,47.42877960205078,33.59640884399414,112.58727264404297,89.69535827636719,114.9040756225586,91.1323471069336,40.71967315673828,126.66857147216797,3.7895700931549072,28.70397186279297,91.14957427978516,54.84597396850586
2019-06-19,47.29015350341797,34.68815231323242,112.82913970947266,89.66614532470703,115.08431243896484,90.47381591796875,41.105628967285156,127.16532135009766,3.7955193519592285,28.990541458129883,91.83155059814453,54.541831970214844
2019-06-20,47.6701545715332,34.69590759277344,115.43800354003906,90.68038177490234,116.52645111083984,90.70430755615234,41.53985595703125,128.34613037109375,3.819812059402466,29.05718994140625,92.92932891845703,55.475975036621094
2019-06-21,47.50764846801758,34.87398910522461,115.66259002685547,91.15462493896484,116.4281234741211,90.08692932128906,41.45140075683594,128.36489868164062,3.761807918548584,29.103843688964844,92.48023986816406,56.25804901123047
2019-06-24,47.45984649658203,34.378440856933594,116.07725524902344,91.14004516601562,117.22293090820312,89.44483947753906,41.74892044067383,129.12405395507812,3.784116268157959,29.16382598876953,93.42001342773438,55.72216033935547
2019-06-25,46.7404670715332,34.2158317565918,115.50711822509766,90.2134017944336,118.18984985351562,88.70402526855469,41.62025833129883,125.04730987548828,3.7548675537109375,29.16382598876953,92.91268920898438,55.22976303100586
2019-06-26,47.75141525268555,34.20809555053711,116.7510757446289,90.42499542236328,116.23146057128906,89.29669189453125,41.105628967285156,125.51590728759766,3.94771671295166,28.650651931762695,91.2577133178711,55.46873092651367
2019-06-27,47.73709487915039,34.30875778198242,117.05342102050781,89.8266830444336,115.2809829711914,89.593017578125,41.0734748840332,125.72207641601562,4.04612398147583,28.943893432617188,91.2992935180664,54.90391159057617
2019-06-28,47.302101135253906,34.393924713134766,117.73587036132812,90.797119140625,114.12560272216797,92.02960205078125,40.94481658935547,125.54399108886719,4.070913791656494,28.87058448791504,91.19117736816406,55.49045944213867
2019-07-01,48.16967010498047,36.06639099121094,118.0036849975586,91.08895874023438,114.19117736816406,93.57713317871094,41.491600036621094,127.15589904785156,4.1190009117126465,29.170480728149414,91.88976287841797,55.439762115478516
2019-07-02,48.4516716003418,36.65484619140625,117.35579681396484,89.69535827636719,114.74015808105469,93.67591857910156,41.79716110229492,127.99939727783203,4.021336555480957,29.47039031982422,92.7131118774414,54.83150100708008
2019-07-03,48.85319137573242,36.763248443603516,117.13117980957031,90.00180053710938,116.46910858154297,93.5267105102539,41.89365768432617,128.8241424560547,4.0342254638671875,29.590351104736328,94.87539672851562,55.352867126464844
2019-07-05,48.81017303466797,36.5541877746582,117.04481506347656,90.14044189453125,115.18262481689453,94.08210754394531,41.90169906616211,128.44923400878906,3.9717607498168945,29.27045249938965,94.10195922851562,55.12838363647461
2019-07-08,47.80400848388672,35.8186149597168,116.4832992553711,90.18421173095703,115.51038360595703,93.5681381225586,41.813255310058594,128.3555145263672,3.896902084350586,28.857257843017578,94.8504638671875,55.3818359375
2019-07-09,48.0955810546875,35.98122024536133,116.0082015991211,90.00180053710938,115.87091827392578,93.96607208251953,41.483558654785156,127.886962890625,3.8993802070617676,28.90390396118164,93.90238952636719,55.34562683105469
2019-07-10,48.57117462158203,35.91152572631836,114.58275604248047,91.52676391601562,115.70708465576172,93.69248962402344,41.66850662231445,129.1895751953125,3.9675474166870117,29.363746643066406,94.6009750366211,56.12769317626953
2019-07-11,48.21747589111328,35.671512603759766,115.7231216430664,91.51947021484375,114.80571746826172,94.58781433105469,41.84540557861328,129.70506286621094,4.121728897094727,28.64398765563965,95.12491607666016,56.1711540222168
2019-07-12,48.58790969848633,35.63279342651367,119.52407836914062,91.92076873779297,110.04501342773438,95.58261108398438,41.90972900390625,130.1736602783203,4.154695987701416,28.2574520111084,95.6322250366211,56.214599609375
2019-07-15,49.04439926147461,35.35403823852539,120.62981414794922,91.73107147216797,110.38098907470703,94.42200469970703,41.917781829833984,130.1736602783203,4.146267414093018,28.490707397460938,96.03974151611328,55.81631851196289
2019-07-16,48.87470245361328,35.48567199707031,120.15471649169922,91.03058624267578,108.57011413574219,95.43338775634766,41.925819396972656,128.46795654296875,4.1415581703186035,28.557355880737305,96.3807144165039,54.98356628417969
2019-07-17,48.5998649597168,35.059814453125,117.25210571289062,90.57823944091797,108.04570770263672,94.49661254882812,41.95799255371094,127.7088851928711,4.206750392913818,28.484037399291992,96.42229461669922,54.65769958496094
2019-07-18,49.151939392089844,35.34629821777344,116.5264892578125,90.97223663330078,108.2177963256836,95.06031036376953,41.837364196777344,127.84941864013672,4.218400955200195,28.697303771972656,96.6281967163086,54.194252014160156
2019-07-19,48.4182243347168,35.33080291748047,118.58958435058594,91.23490905761719,106.77564239501953,94.1235580444336,41.3227424621582,128.0369110107422,4.175269603729248,28.504037857055664,96.26828002929688,54.3028678894043
2019-07-22,49.52477264404297,37.041988372802734,117.72779083251953,91.4319076538086,105.40726470947266,94.72872924804688,41.18604278564453,129.73313903808594,4.246657371520996,28.537357330322266,96.51101684570312,54.360809326171875
2019-07-23,49.911930084228516,37.630455017089844,120.21744537353516,91.80401611328125,105.57113647460938,96.46131896972656,43.68680191040039,130.5391387939453,4.354238510131836,28.71729850769043,95.29730987548828,54.57803726196289
2019-07-24,49.871307373046875,38.126007080078125,114.82898712158203,92.32938385009766,106.34134674072266,96.85096740722656,43.24454116821289,131.87930297851562,4.42860221862793,28.584009170532227,94.2509994506836,54.57081604003906
2019-07-25,49.47697067260742,38.49766159057617,117.26644897460938,91.66539764404297,107.43932342529297,95.92249298095703,42.673641204833984,131.38259887695312,4.297720432281494,28.43739128112793,94.39330291748047,54.259437561035156
2019-07-26,49.649051666259766,38.5132942199707,115.70819091796875,90.2717514038086,107.1197738647461,96.34526062011719,43.558128356933594,132.4603271484375,4.339613914489746,28.71729850769043,96.03390502929688,54.172523498535156
2019-07-29,50.11269760131836,38.03636932373047,117.0488052368164,90.64389038085938,108.99624633789062,96.03854370117188,43.41339874267578,132.16981506347656,4.33341646194458,27.624332427978516,97.09693908691406,54.55630874633789
2019-07-30,49.89759826660156,38.36473846435547,115.73431396484375,90.72415924072266,108.2259750366211,95.82299041748047,43.19630432128906,131.53256225585938,4.349031448364258,25.851572036743164,100.7883071899414,54.563568115234375
2019-07-31,50.91572189331055,37.512542724609375,114.62005615234375,89.8266830444336,106.70187377929688,96.16288757324219,42.319828033447266,127.7088851928711,4.182210445404053,25.8848876953125,98.80451965332031,53.8466682434082
2019-08-01,49.8139533996582,36.605613708496094,110.37197875976562,88.09741973876953,106.75923919677734,93.62617492675781,41.837364196777344,129.3863983154297,4.088016510009766,25.730175018310547,97.7079849243164,52.4708137512207
2019-08-02,48.759979248046875,36.44923782348633,108.41331481933594,88.09014892578125,107.39836120605469,93.61788940429688,42.07860565185547,128.29928588867188,3.9955575466156006,25.5620059967041,97.46525573730469,51.956687927246094
2019-08-05,46.20750045776367,34.81520080566406,105.89754486083984,86.63813018798828,106.65271759033203,90.83248901367188,41.53181457519531,123.90399169921875,3.7377638816833496,24.862415313720703,94.65278625488281,50.8922004699707
2019-08-06,47.08222961425781,35.81595993041992,106.27185821533203,87.1050796508789,107.15257263183594,91.54540252685547,42.03034973144531,126.22815704345703,3.776432514190674,24.855693817138672,95.6572494506836,51.38460922241211
2019-08-07,47.56977844238281,36.355430603027344,105.14019775390625,86.90081787109375,106.69369506835938,89.55583190917969,42.7620849609375,126.78103637695312,3.814605474472046,24.606792449951172,96.69517517089844,51.05149841308594
2019-08-08,48.61897659301758,37.708003997802734,106.21961212158203,89.91424560546875,107.89822387695312,91.07288360595703,43.17218017578125,130.1642303466797,3.922928810119629,24.8018741607666,98.30229187011719,52.41288757324219
2019-08-09,48.21833419799805,37.18417739868164,103.92149353027344,89.32322692871094,108.19317626953125,90.9734115600586,42.955078125,129.05844116210938,3.821794271469116,24.452075958251953,97.74984741210938,51.29771041870117
2019-08-12,48.095985412597656,36.32414627075195,101.6059341430664,88.68843841552734,108.1030502319336,89.26567840576172,42.778160095214844,127.25899505615234,3.754124164581299,23.806293487548828,97.12206268310547,51.04844284057617
2019-08-13,50.132774353027344,37.254547119140625,103.59941864013672,89.30135345458984,109.32396697998047,90.64181518554688,43.01940155029297,129.8925018310547,3.868147850036621,23.678489685058594,98.14325714111328,51.6789436340332
2019-08-14,48.64057159423828,35.84722900390625,100.2914810180664,85.90848541259766,106.73467254638672,86.87818908691406,42.609310150146484,125.98088836669922,3.719916343688965,23.03270721435547,96.92117309570312,49.596832275390625
2019-08-15,48.39826965332031,35.7455940246582,100.32630157470703,85.33206939697266,106.9640884399414,87.20978546142578,43.31690979003906,125.69873809814453,3.687692403793335,23.19415283203125,98.26044464111328,49.30357360839844
2019-08-16,49.54020690917969,36.92616271972656,101.35347747802734,85.36894226074219,107.63600158691406,89.29885864257812,43.75112533569336,128.0024871826172,3.9551539421081543,23.308513641357422,99.75874328613281,50.073368072509766
2019-08-19,50.463844299316406,37.403079986572266,102.1630630493164,86.47465515136719,108.365234375,90.10295104980469,43.97627639770508,130.14633178710938,4.233273506164551,23.665037155151367,100.64600372314453,50.91647720336914
2019-08-20,50.46623229980469,38.18492126464844,101.56240844726562,85.60482025146484,107.01325988769531,88.95894622802734,43.324951171875,129.06503295898438,4.161141395568848,23.281600952148438,99.52436828613281,50.60855484008789
2019-08-21,51.013214111328125,38.669654846191406,102.44164276123047,86.89482879638672,107.7752914428711,89.2076644897461,43.501861572265625,130.5037078857422,4.244426727294922,23.456501007080078,99.7754898071289,51.11442184448242
2019-08-22,50.970035552978516,38.935482025146484,102.62442779541016,86.78426361083984,107.562255859375,90.1278305053711,43.81546401977539,129.5540008544922,4.250624656677246,23.597759246826172,99.95963287353516,51.00445556640625
2019-08-23,48.61418151855469,38.161468505859375,99.2903823852539,84.90452575683594,104.66157531738281,87.88957214355469,43.212379455566406,125.42611694335938,4.026543617248535,23.0999813079834,98.20185852050781,49.479522705078125
2019-08-26,49.53782272338867,38.49766159057617,99.60374450683594,85.31731414794922,105.5036392211914,88.59419250488281,43.85566329956055,127.36307525634766,4.101154327392578,23.436321258544922,99.87591552734375,49.74346160888672
2019-08-27,48.978824615478516,38.8494758605957,98.69843292236328,85.3836898803711,107.02262878417969,87.65742492675781,44.00040054321289,127.63577270507812,4.010679244995117,23.0999813079834,100.90550994873047,49.25959014892578
2019-08-28,49.307498931884766,38.833839416503906,99.9867935180664,86.12083435058594,106.2301025390625,88.53617858886719,44.313995361328125,127.4665298461914,4.00025749206543,23.597759246826172,101.61697387695312,49.618831634521484
2019-08-29,50.142356872558594,38.74002456665039,102.51998138427734,86.62944030761719,105.86688232421875,90.54232788085938,44.26575469970703,129.87371826171875,4.143672466278076,23.765932083129883,101.43284606933594,50.16868591308594
2019-08-30,50.077598571777344,38.90420913696289,103.5906982421875,86.77687072753906,105.96595001220703,91.07288360595703,44.25770568847656,129.62925720214844,4.156327724456787,23.913928985595703,100.63764190673828,50.205345153808594
2019-09-03,49.3482780456543,38.083282470703125,101.87578582763672,85.70802307128906,106.27963256835938,89.99520874023438,44.46677017211914,127.9178695678711,4.073452949523926,24.29735565185547,101.58350372314453,50.26398849487305
2019-09-04,50.18553924560547,38.38039016723633,103.6777572631836,86.43042755126953,106.3786849975586,91.0811767578125,44.84469985961914,129.41297912597656,4.187343597412109,24.10228157043457,103.13203430175781,50.79917526245117
2019-09-05,51.1667594909668,39.15440368652344,107.06403350830078,86.71790313720703,106.14756774902344,93.15365600585938,44.32202911376953,131.6884307861328,4.45978307723999,24.44534683227539,102.7553482055664,51.51765060424805
2019-09-06,51.16196823120117,39.38113021850586,106.81159210205078,87.1749267578125,105.84210205078125,93.35261535644531,44.410491943359375,130.79519653320312,4.432737827301025,24.552976608276367,102.84744262695312,52.001522064208984
2019-09-09,51.38027572631836,39.85805892944336,110.77241516113281,88.0079116821289,104.80192565917969,95.66551208496094,43.839576721191406,129.3095245361328,4.478640556335449,24.774961471557617,102.26151275634766,52.41209411621094
2019-09-10,51.98723220825195,38.81039047241211,113.41874694824219,89.8212890625,106.94830322265625,96.88410186767578,43.74308395385742,127.9554672241211,4.545137405395508,25.144943237304688,100.34466552734375,52.83729553222656
2019-09-11,53.640167236328125,39.42021942138672,115.85618591308594,89.40110778808594,108.28569030761719,97.1493911743164,44.040611267089844,127.99308776855469,4.573672771453857,25.165117263793945,101.50816345214844,52.73466873168945
2019-09-12,53.52022171020508,40.843162536621094,114.68970489501953,89.50430297851562,107.6747817993164,97.74626159667969,44.313995361328125,129.3095245361328,4.572184085845947,25.07767105102539,102.76371002197266,52.77132034301758
2019-09-13,52.479034423828125,41.86737060546875,116.45685577392578,89.56329345703125,107.9637451171875,99.66950225830078,43.94950485229492,129.1214599609375,4.514370441436768,24.828779220581055,102.21966552734375,53.255191802978516
2019-09-16,52.75492477416992,41.84391403198242,115.90840911865234,91.49462890625,106.9400634765625,98.78250122070312,43.70651626586914,128.1905517578125,4.471445083618164,24.774961471557617,100.2358627319336,54.054325103759766
2019-09-17,52.94683837890625,41.84391403198242,115.0553207397461,91.32508087158203,107.04739379882812,98.29340362548828,43.93331527709961,129.18727111816406,4.4927825927734375,24.552976608276367,101.41609954833984,53.64375305175781
2019-09-18,53.44344711303711,41.32008743286133,114.09778594970703,91.53884887695312,107.65829467773438,99.27987670898438,43.925209045410156,130.24978637695312,4.465737819671631,24.47225570678711,101.62535095214844,53.387168884277344
2019-09-19,53.00923156738281,41.35918426513672,113.2707748413086,91.15552520751953,107.41061401367188,98.96487426757812,44.16010665893555,132.6475830078125,4.390307903289795,24.559703826904297,102.03548431396484,53.027915954589844
2019-09-20,52.23432922363281,41.35136413574219,111.56456756591797,91.64204406738281,108.68193817138672,98.56694793701172,43.666011810302734,131.11492919921875,4.284855365753174,24.680788040161133,102.32007598876953,52.84462356567383
2019-09-23,52.471839904785156,41.67192077636719,111.79090118408203,92.06958770751953,108.75625610351562,98.55037689208984,43.852317810058594,130.83279418945312,4.338201999664307,24.37807846069336,103.1404037475586,52.88129806518555
2019-09-24,52.222347259521484,41.281002044677734,109.67555236816406,91.21448516845703,108.59940338134766,97.26546478271484,43.981910705566406,129.1779022216797,4.280884742736816,24.223356246948242,103.46682739257812,52.155487060546875
2019-09-25,53.0260124206543,41.3122673034668,110.21527862548828,91.04495239257812,108.13712310791016,97.82086944580078,43.87660217285156,131.03965759277344,4.422316074371338,24.149364471435547,102.9729995727539,52.309444427490234
2019-09-26,52.752525329589844,41.148094177246094,110.02377319335938,88.57552337646484,106.37044525146484,97.01673126220703,44.0548095703125,131.20887756347656,4.400232791900635,24.068641662597656,104.05278015136719,52.030853271484375
2019-09-27,52.49583053588867,39.26386260986328,110.19784545898438,87.42554473876953,106.16407775878906,97.58875274658203,43.990013122558594,129.50692749023438,4.26177978515625,24.364622116088867,104.27040100097656,52.40474319458008
2019-09-30,53.73133087158203,38.18492126464844,109.95413208007812,87.42554473876953,106.80799102783203,97.56387329101562,44.095298767089844,130.72933959960938,4.31909704208374,24.16954803466797,104.1113510131836,51.766929626464844
2019-10-01,53.88007736206055,36.9105224609375,106.52430725097656,85.516357421875,107.31156158447266,95.78985595703125,44.26540756225586,128.88641357421875,4.317359447479248,23.83320426940918,103.667724609375,50.54990768432617
2019-10-02,52.5294189453125,36.480525970458984,104.42639923095703,82.774169921875,108.97087860107422,93.88317108154297,42.99373245239258,126.61083984375,4.293539524078369,23.342144012451172,101.34911346435547,49.230262756347656
2019-10-03,52.97563934326172,37.231075286865234,104.49604034423828,83.40812683105469,108.30219268798828,93.74946594238281,43.609310150146484,128.1435089111328,4.498737812042236,23.846660614013672,101.90157318115234,49.8387565612793
2019-10-04,54.460628509521484,36.69160079956055,105.36653900146484,83.92411804199219,110.3412857055664,95.78005981445312,44.176300048828125,129.87371826171875,4.515115261077881,24.16954803466797,103.79329681396484,50.5645866394043
2019-10-07,54.47262954711914,35.88633346557617,104.67884826660156,83.48920440673828,109.92853546142578,95.5711441040039,43.63360595703125,128.9333953857422,4.573672771453857,24.10228157043457,102.82232666015625,49.86809158325195
2019-10-08,53.83449172973633,35.65959548950195,102.69407653808594,82.34663391113281,108.83878326416016,93.44027709960938,43.39871597290039,127.56995391845703,4.3975043296813965,23.83320426940918,101.22354888916016,48.90034484863281
2019-10-09,54.4654426574707,36.33197021484375,103.97372436523438,83.40074920654297,106.67591094970703,94.11711883544922,43.6012077331543,129.9865264892578,4.483851432800293,24.008106231689453,102.10245513916016,49.44287872314453
2019-10-10,55.19955062866211,36.36323928833008,106.8028793334961,84.4696044921875,106.54383087158203,95.43743133544922,43.4635124206543,130.79519653320312,4.541414737701416,24.07537269592285,102.06897735595703,50.03670883178711
2019-10-11,56.66775894165039,36.83234405517578,111.77349090576172,85.61954498291016,108.41775512695312,97.05020141601562,43.17192077636719,131.3405303955078,4.614861011505127,24.290632247924805,101.35749053955078,50.5719108581543
2019-10-14,56.5861930847168,36.355430603027344,111.75608825683594,85.64166259765625,107.91419982910156,97.30925750732422,43.17192077636719,131.21832275390625,4.628259658813477,24.418439865112305,100.48697662353516,50.718528747558594
2019-10-15,56.45424270629883,36.816715240478516,114.06290435791016,85.73749542236328,109.6643295288086,100.24231719970703,43.34201431274414,133.1177215576172,4.872413635253906,24.552976608276367,98.10139465332031,50.89448547363281
2019-10-16,56.226341247558594,36.59779357910156,113.33170318603516,84.85294342041016,111.58786010742188,100.00835418701172,43.32582473754883,132.02699279785156,4.818818092346191,24.44534683227539,98.37760162353516,50.02206039428711
2019-10-17,56.44464874267578,37.3718147277832,114.96829986572266,85.02981567382812,112.41337585449219,100.56820678710938,43.56882095336914,131.3499755859375,4.820803642272949,24.52606964111328,98.2479019165039,49.95606994628906
2019-10-18,56.71574401855469,37.833099365234375,114.67878723144531,84.58018493652344,105.42109680175781,100.74370574951172,44.370697021484375,129.2061004638672,4.726515769958496,24.52606964111328,98.95549774169922,49.56749725341797
2019-10-21,57.699337005615234,38.38039016723633,116.01229858398438,85.95864868164062,105.68527221679688,103.24222564697266,43.925209045410156,130.16517639160156,4.863480091094971,24.52606964111328,100.31175231933594,50.395957946777344
2019-10-22,57.56740188598633,38.388206481933594,117.29325866699219,86.83584594726562,106.65938568115234,104.2784194946289,43.61741256713867,128.2281494140625,4.853556156158447,24.505884170532227,102.92317199707031,50.65253829956055
2019-10-23,58.33988952636719,40.272422790527344,118.74089813232422,86.9685287475586,107.23725891113281,104.5541763305664,44.257301330566406,129.04627990722656,4.840654373168945,24.734601974487305,103.61389923095703,51.13642120361328
2019-10-24,58.43585205078125,40.69461441040039,117.43363189697266,86.67369079589844,105.25597381591797,104.47895812988281,44.233001708984375,131.5850372314453,4.884571552276611,24.47898292541504,105.12179565429688,50.65253829956055
2019-10-25,59.15556716918945,41.327911376953125,122.59248352050781,87.47716522216797,105.95769500732422,105.31459045410156,43.536415100097656,132.3278350830078,5.075131416320801,24.734601974487305,103.82450103759766,50.769859313964844
2019-10-28,59.74812698364258,41.273170471191406,122.88200378417969,87.33711242675781,106.64287567138672,105.71569061279297,43.390625,135.58123779296875,5.130958557128906,25.07767105102539,104.01828002929688,50.322635650634766
2019-10-29,58.366275787353516,41.39828109741211,123.99626159667969,87.0791015625,106.59335327148438,105.64884948730469,43.26102828979492,134.30250549316406,5.034934043884277,25.703264236450195,104.11935424804688,50.176021575927734
2019-10-30,58.35908508300781,41.41390609741211,123.1276626586914,85.77435302734375,109.6643295288086,105.06391906738281,43.6903190612793,135.97622680664062,5.036918640136719,25.884891510009766,105.2481460571289,49.648155212402344
2019-10-31,59.678550720214844,41.562461853027344,120.89916229248047,85.61219787597656,109.00390625,104.3870620727539,44.08721160888672,134.81024169921875,4.987790584564209,25.810897827148438,104.88591766357422,49.53818130493164
2019-11-01,61.37227249145508,42.34367752075195,126.76868438720703,85.66378021240234,108.31045532226562,106.79367065429688,43.657920837402344,135.13934326171875,5.02674674987793,25.82434844970703,104.34679412841797,51.026451110839844
2019-11-04,61.77531814575195,41.949127197265625,128.900634765625,89.61489868164062,107.50968933105469,107.64599609375,43.04232406616211,135.91983032226562,5.223012447357178,25.582183837890625,100.30332946777344,52.544036865234375
2019-11-05,61.686561584472656,41.657142639160156,128.41810607910156,89.88764190673828,107.66653442382812,107.8800048828125,42.459136962890625,135.8351593017578,5.200928688049316,25.212207794189453,100.16008758544922,53.58510208129883
2019-11-06,61.71294403076172,41.065311431884766,127.6460189819336,88.38385009765625,108.11236572265625,108.0471420288086,42.766937255859375,135.45901489257812,5.151800632476807,25.29965591430664,101.3563003540039,52.41209411621094
2019-11-07,62.42517852783203,40.56028747558594,128.9795684814453,89.85076904296875,108.50031280517578,108.63204956054688,42.353843688964844,135.64712524414062,5.169419288635254,25.068735122680664,100.76663970947266,53.52645492553711
2019-11-08,62.596038818359375,40.662864685058594,129.98854064941406,89.14311981201172,109.79641723632812,108.9496078491211,42.28904724121094,137.24562072753906,5.15552282333374,25.163820266723633,100.83402252197266,52.509944915771484
2019-11-11,63.09172058105469,40.96271896362305,129.8481903076172,89.0546646118164,108.95437622070312,108.5652084350586,41.989356994628906,137.38662719726562,5.165446758270264,25.082321166992188,100.5223388671875,52.19089126586914
2019-11-12,63.033973693847656,41.0021858215332,128.39178466796875,89.16523742675781,108.43431091308594,107.93013763427734,41.884063720703125,138.28929138183594,5.200928688049316,25.10948944091797,100.47179412841797,51.47117614746094
2019-11-13,63.637935638427734,41.365177154541016,126.76868438720703,90.13825988769531,108.36827087402344,107.36189270019531,42.451045989990234,138.51495361328125,5.175124168395996,24.858186721801758,101.63430786132812,51.04823684692383
2019-11-14,63.19760513305664,41.53089904785156,125.84742736816406,89.9023666381836,108.11236572265625,107.46218872070312,42.629234313964844,139.22023010253906,5.2053961753845215,24.8242244720459,101.50794982910156,50.82564163208008
2019-11-15,63.94835662841797,41.444091796875,127.48809814453125,89.80559539794922,111.39798736572266,108.23931121826172,42.66163635253906,141.01617431640625,5.066446781158447,25.320035934448242,101.54165649414062,51.33761215209961
2019-11-18,64.27079010009766,41.317832946777344,125.97903442382812,88.24978637695312,111.30714416503906,109.15015411376953,42.95323181152344,141.36410522460938,5.2671799659729,25.279277801513672,102.67886352539062,50.84048843383789
2019-11-19,64.07586669921875,41.01007843017578,125.61930084228516,86.68653106689453,111.29888153076172,109.11670684814453,42.99373245239258,141.4111328125,5.160732269287109,25.5781192779541,102.28292846679688,50.321102142333984
2019-11-20,63.32992935180664,40.73389434814453,124.16291046142578,87.34906005859375,112.22349548339844,108.32286834716797,43.10713577270508,141.16580200195312,5.2398858070373535,25.163820266723633,103.01581573486328,50.47692108154297
2019-11-21,63.04600524902344,40.76545715332031,125.77725219726562,88.41356658935547,112.63629150390625,108.57356262207031,42.896541595458984,141.03372192382812,5.2150726318359375,25.63245964050293,101.37313842773438,51.693763732910156
2019-11-22,62.990665435791016,40.44981002807617,126.23348236083984,88.30934143066406,113.98187255859375,109.29218292236328,42.95323181152344,141.1375274658203,5.232690334320068,26.033178329467773,101.3310546875,51.47117614746094
2019-11-25,64.09513854980469,41.40462875366211,128.46192932128906,88.12324523925781,114.03176879882812,109.87714385986328,43.10713577270508,142.6848602294922,5.4887542724609375,26.27089500427246,101.5163803100586,51.12986373901367
2019-11-26,63.59461975097656,42.106937408447266,128.1724090576172,87.68402862548828,114.02347564697266,110.0275650024414,43.657920837402344,143.4396209716797,5.3842926025390625,26.006011962890625,102.99055480957031,51.003719329833984
2019-11-27,64.4488296508789,42.801353454589844,127.82147216796875,87.89246368408203,114.5055923461914,110.35346221923828,43.69841384887695,143.71322631835938,5.419056415557861,26.236928939819336,102.56937408447266,50.97404098510742
2019-11-29,64.30686950683594,42.78557586669922,126.97920989990234,87.19271850585938,114.28949737548828,110.10275268554688,43.576011657714844,142.826416015625,5.381809711456299,26.16221809387207,102.82205963134766,50.55112075805664
2019-12-02,63.563358306884766,41.74395751953125,125.42633819580078,86.94705200195312,114.18141174316406,109.86045837402344,43.86161804199219,141.09976196289062,5.195827007293701,26.006011962890625,103.3780517578125,50.76628112792969
2019-12-03,62.43000793457031,41.8228645324707,122.88200378417969,86.2696533203125,114.01517486572266,108.44821166992188,43.90242385864258,140.87332153320312,5.15634822845459,25.84300422668457,103.57179260253906,50.36561584472656
2019-12-04,62.98101806640625,41.90177536010742,122.93460845947266,87.05128479003906,115.86054992675781,110.58743286132812,44.302276611328125,141.3828125,5.20004940032959,25.904130935668945,104.90277862548828,50.93694305419922
2019-12-05,63.9050407409668,42.23320007324219,123.75057220458984,86.59719848632812,116.01017761230469,111.1890869140625,44.22066879272461,141.4582977294922,5.183164119720459,25.829421997070312,104.97856903076172,50.75886535644531
2019-12-06,65.13944244384766,42.548851013183594,125.21575927734375,87.84781646728516,116.69181823730469,112.84361267089844,44.40837478637695,143.17550659179688,5.268333911895752,26.006011962890625,104.6163558959961,51.57504653930664
2019-12-09,64.22746276855469,42.722450256347656,125.31224822998047,87.31928253173828,116.79154205322266,112.31720733642578,44.12275314331055,142.8074951171875,5.268333911895752,26.026386260986328,105.18919372558594,51.68635177612305
2019-12-10,64.60283660888672,42.93550491333008,125.34737396240234,87.75846862792969,116.36762237548828,112.39238739013672,43.87793731689453,142.5904998779297,5.313277244567871,26.135051727294922,104.68376922607422,51.241146087646484
2019-12-11,65.15386199951172,43.33795166015625,126.33876037597656,86.52277374267578,117.1905746459961,112.1249771118164,44.02482223510742,143.1282958984375,5.396706581115723,25.958465576171875,105.01226043701172,51.16695022583008
2019-12-12,65.31990051269531,42.746124267578125,128.77783203125,88.4433364868164,117.48979949951172,115.33379364013672,44.17987823486328,144.5812530517578,5.563819408416748,26.175804138183594,104.93648529052734,52.19089126586914
2019-12-13,66.20780181884766,42.32000732421875,127.68107604980469,87.81058502197266,117.52305603027344,114.32271575927734,44.40837478637695,145.7983856201172,5.561832427978516,26.033178329467773,105.69461059570312,51.36729049682617
2019-12-16,67.34114837646484,43.03019714355469,127.53192138671875,88.85276794433594,117.8638687133789,114.76557922363281,44.40837478637695,146.74188232421875,5.590636253356934,26.583316802978516,105.77042388916016,51.9386100769043
2019-12-17,67.47349548339844,43.06964874267578,128.41810607910156,88.28699493408203,119.3351821899414,115.46751403808594,44.40837478637695,145.94935607910156,5.668604850769043,26.42031478881836,105.5598373413086,51.70118713378906
2019-12-18,67.31227111816406,43.10121536254883,129.07611083984375,88.24978637695312,119.02762603759766,115.35050964355469,43.9921875,145.64739990234375,5.698898792266846,26.41351890563965,104.46472930908203,51.8421516418457
2019-12-19,67.379638671875,43.992919921875,127.23365783691406,87.93714141845703,120.82315826416016,114.77396392822266,44.32675552368164,146.91171264648438,5.846641540527344,26.467851638793945,105.2313003540039,51.48601150512695
2019-12-20,67.24008178710938,44.03237533569336,129.4709014892578,89.09098052978516,121.41336822509766,114.68202209472656,44.857177734375,148.51564025878906,5.943728923797607,26.644447326660156,105.6019515991211,51.894107818603516
2019-12-23,68.33732604980469,43.62992477416992,130.28683471679688,89.57485961914062,121.72918701171875,114.64859008789062,44.8082275390625,148.51564025878906,5.930073261260986,26.7055721282959,105.2144546508789,52.15378189086914
2019-12-24,68.40230560302734,43.716732025146484,129.39198303222656,89.582275390625,121.30523681640625,114.96612548828125,44.64501190185547,148.48736572265625,5.925105571746826,26.685197830200195,105.48402404785156,51.95344924926758
2019-12-26,69.7594223022461,44.42692565917969,130.04115295410156,89.77582550048828,121.22216796875,116.18614959716797,44.89798355102539,149.7044219970703,5.939260482788086,26.746328353881836,105.48402404785156,52.03506851196289
2019-12-27,69.73295593261719,44.30067825317383,130.09381103515625,89.5525131225586,121.15569305419922,116.26972961425781,45.16727066040039,149.9781036376953,5.881651878356934,26.7055721282959,106.21691131591797,51.85700225830078
2019-12-30,70.14682006835938,44.1901969909668,129.42703247070312,89.21751403808594,120.78156280517578,115.84355926513672,45.10198211669922,148.68548583984375,5.768673419952393,26.42709732055664,104.85224151611328,51.55279541015625
2019-12-31,70.65937042236328,44.142845153808594,129.5674285888672,89.70882415771484,121.25541687011719,116.48698425292969,45.16727066040039,148.7892303466797,5.842668533325195,26.610483169555664,105.2144546508789,51.775390625
2020-01-02,72.27153015136719,44.03237533569336,132.06788635253906,90.39368438720703,121.33850860595703,117.89920043945312,44.873504638671875,151.5442657470703,5.957137584686279,26.583316802978516,103.95929718017578,52.60639572143555
2020-01-03,71.56891632080078,44.1901969909668,130.2342071533203,90.08103942871094,119.93374633789062,116.34336853027344,44.62869644165039,149.6573028564453,5.861787796020508,26.440696716308594,103.26012420654297,52.1834716796875
2020-01-06,72.13919067382812,44.111289978027344,130.14645385742188,89.77582550048828,119.7840805053711,116.25084686279297,44.61237335205078,150.0441131591797,5.886369228363037,26.40673065185547,103.4033203125,52.584136962890625
2020-01-07,71.79993438720703,44.111289978027344,128.42684936523438,88.62944793701172,120.51558685302734,114.27450561523438,44.26963806152344,148.67604064941406,5.957634925842285,26.318429946899414,102.76310729980469,52.15378189086914
2020-01-08,72.95492553710938,44.774139404296875,129.5674285888672,87.6170425415039,120.49896240234375,115.16598510742188,44.35124206542969,151.04420471191406,5.968808650970459,26.52898406982422,103.20114135742188,51.36729049682617
2020-01-09,74.5045394897461,45.650054931640625,129.24281311035156,87.47559356689453,120.85640716552734,115.58645629882812,45.15910720825195,152.9311981201172,6.034361839294434,26.41351890563965,104.32994079589844,51.76055145263672
2020-01-10,74.6729507446289,45.54747009277344,128.2075653076172,86.6790771484375,120.58206939697266,114.4343032836914,45.31415557861328,152.22360229492188,6.066641330718994,26.82103157043457,104.4310302734375,51.300506591796875
2020-01-13,76.268310546875,46.10771560668945,128.81292724609375,86.84285736083984,121.11410522460938,115.38461303710938,45.803775787353516,154.05397033691406,6.256844520568848,26.766693115234375,105.19759368896484,51.79022216796875
2020-01-14,75.23845672607422,45.8552131652832,128.69007873535156,86.57486724853516,121.79574584960938,116.730224609375,45.69769287109375,152.96897888183594,6.140140533447266,27.214963912963867,105.03755187988281,51.34502410888672
2020-01-15,74.91600036621094,45.949920654296875,127.71619415283203,86.44831848144531,122.20301818847656,114.98095703125,46.2689094543457,153.95957946777344,6.097679138183594,27.622472763061523,106.1073989868164,51.263397216796875
2020-01-16,75.85442352294922,47.46500015258789,129.73411560058594,87.0140609741211,123.19225311279297,115.4266586303711,46.3668212890625,156.78065490722656,6.18110990524292,27.581716537475586,106.2000732421875,51.06307601928711
2020-01-17,76.6941909790039,47.94636154174805,130.56455993652344,86.03887176513672,123.99858093261719,116.22562408447266,46.464744567871094,157.6581573486328,6.18980073928833,27.51380157470703,106.48646545410156,50.87016677856445
2020-01-21,76.17447662353516,48.2698974609375,128.85946655273438,84.34907531738281,124.08167266845703,115.08187103271484,46.6524543762207,157.0919952392578,6.156528949737549,27.398344039916992,106.21691131591797,50.14301681518555
2020-01-22,76.44638061523438,49.61137771606445,126.01454162597656,84.04387664794922,123.23377227783203,114.94730377197266,47.01149368286133,156.33718872070312,6.210410118103027,27.29646110534668,106.4022445678711,49.85365676879883
2020-01-23,76.81450653076172,50.2900276184082,126.12055969238281,84.1927490234375,123.46656036376953,114.8295669555664,47.19103240966797,157.29959106445312,6.2786946296691895,27.649635314941406,105.91584014892578,49.54201126098633
2020-01-24,76.59317016601562,49.09056854248047,124.02666473388672,83.26224517822266,123.29199981689453,111.97858428955078,47.0686149597168,155.71450805664062,6.219598293304443,27.0451602935791,106.04293060302734,49.208126068115234
2020-01-27,74.34092712402344,48.285675048828125,119.91837310791016,82.1754150390625,123.6494140625,111.03668212890625,46.90541076660156,153.1104736328125,5.964338779449463,27.27608299255371,106.5090103149414,48.03579330444336
2020-01-28,76.44395446777344,48.62499237060547,120.81067657470703,82.71883392333984,124.27286529541016,113.05506134033203,46.52187728881836,156.11077880859375,6.15727424621582,25.904130935668945,106.79710388183594,47.969024658203125
2020-01-29,78.04411315917969,49.43778610229492,119.96247863769531,82.1605224609375,125.13736724853516,112.88685607910156,46.52187728881836,158.5449981689453,6.096935272216797,25.523788452148438,105.97514343261719,47.56835174560547
2020-01-30,77.93103790283203,48.22254943847656,119.60025787353516,82.9272689819336,124.98776245117188,114.2829360961914,48.03153610229492,163.01715087890625,6.103639125823975,25.434589385986328,106.72930908203125,48.07290267944336
2020-01-31,74.47566223144531,48.19098663330078,116.04859161376953,79.75607299804688,123.74919891357422,111.31420135498047,47.656150817871094,160.6112518310547,5.8707275390625,25.55123519897461,105.6022720336914,46.091819763183594
2020-02-03,74.27113342285156,47.75697708129883,114.65266418457031,79.1158676147461,124.8298110961914,112.16361236572266,47.803043365478516,164.52676391601562,5.967567443847656,25.736482620239258,106.01750183105469,45.06045913696289
2020-02-04,76.72310638427734,49.927024841308594,117.95695495605469,79.54017639160156,126.01852416992188,113.7783203125,48.015220642089844,169.94244384765625,6.136414051055908,25.859989166259766,106.48358917236328,44.496559143066406
2020-02-05,77.34872436523438,50.2900276184082,121.42916870117188,82.093505859375,128.00523376464844,115.71260070800781,48.02337646484375,169.73484802246094,6.226551055908203,26.189329147338867,107.45806121826172,46.5444221496582
2020-02-06,78.25346374511719,50.668800354003906,121.26126861572266,81.50542449951172,127.62281799316406,115.72945404052734,48.13762283325195,173.2541046142578,6.3132100105285645,26.251073837280273,107.73773956298828,45.91373825073242
2020-02-07,77.1897964477539,49.99958801269531,117.833251953125,81.09600067138672,126.25957489013672,115.3593978881836,48.30082321166992,173.49940490722656,6.247160911560059,26.106990814208984,106.83949279785156,45.60952377319336
2020-02-10,77.55640411376953,51.07509994506836,118.6726303100586,81.72875213623047,126.23463439941406,115.83873748779297,48.75780487060547,178.03765869140625,6.529735088348389,25.942317962646484,106.91575622558594,45.12783432006836
2020-02-11,77.08848571777344,51.314109802246094,120.32475280761719,82.78581237792969,126.34268951416016,116.05741882324219,48.62724304199219,174.01834106445312,6.651902675628662,26.134435653686523,105.2125015258789,45.55683135986328
2020-02-12,78.91915893554688,50.0712776184082,123.32869720458984,83.4036865234375,125.59457397460938,116.05741882324219,48.480350494384766,174.27310180664062,6.767363548278809,25.89429473876953,104.61082458496094,46.11378479003906
2020-02-13,78.357177734375,50.14297866821289,123.44356536865234,83.12081146240234,124.76329803466797,115.95650482177734,48.6435546875,173.32958984375,6.723661422729492,25.33853530883789,105.8904037475586,45.85788345336914
2020-02-14,78.37647247314453,50.15095520019531,121.91506958007812,82.90240478515625,124.79657745361328,115.60328674316406,48.921016693115234,174.87692260742188,7.1956939697265625,25.05036163330078,106.89032745361328,45.64715576171875
2020-02-18,76.94136047363281,49.370216369628906,120.66934967041016,83.02288055419922,123.97359466552734,114.0726547241211,48.578269958496094,176.65069580078125,7.364047527313232,24.919998168945312,105.81414794921875,45.06764221191406
2020-02-19,78.05567932128906,49.99958801269531,120.91671752929688,83.39942169189453,123.80733489990234,115.6285400390625,48.77412414550781,177.1804962158203,7.814226150512695,24.858243942260742,106.29713439941406,45.41384506225586
2020-02-20,77.2549057006836,49.75260543823242,120.97854614257812,82.69905853271484,123.33354949951172,115.6285400390625,48.73331832885742,174.47476196289062,7.665241241455078,24.59752082824707,107.26319122314453,45.052574157714844
2020-02-21,75.5062484741211,48.79660415649414,121.22591400146484,82.09657287597656,124.63026428222656,114.21566009521484,49.067901611328125,168.95912170410156,7.301968574523926,24.50832748413086,107.36488342285156,44.50315475463867
2020-02-24,71.91967010498047,46.653526306152344,116.77305603027344,78.85818481445312,122.06208801269531,111.1460189819336,47.86016845703125,161.67434692382812,6.785737991333008,23.78788948059082,104.48372650146484,42.41836929321289
2020-02-25,69.48360443115234,44.988468170166016,113.97235870361328,75.84577178955078,121.00799560546875,106.18412780761719,47.182861328125,159.0064697265625,6.506889343261719,23.28016471862793,102.89910125732422,40.79267501831055
2020-02-26,70.58586120605469,44.6140251159668,113.3097152709961,73.83494567871094,120.1965560913086,106.50370788574219,47.00333786010742,160.99317932128906,6.645941734313965,23.822202682495117,101.82291412353516,39.89704132080078
2020-02-27,65.97176361083984,42.45503234863281,108.90985107421875,70.89028930664062,116.38184356689453,102.07166290283203,44.82453536987305,149.64976501464844,6.2759928703308105,23.396800994873047,96.17925262451172,37.49614715576172
2020-02-28,65.93319702148438,42.89319610595703,109.76685333251953,70.29532623291016,112.50022888183594,97.64803314208984,43.649452209472656,153.273193359375,6.710044860839844,22.93024253845215,95.950439453125,38.71540451049805
2020-03-02,72.0716323852539,44.6379280090332,112.73543548583984,72.7429428100586,117.13475036621094,102.19782257080078,45.63240051269531,163.47190856933594,6.8680620193481445,23.93198585510254,101.31446075439453,40.551841735839844
2020-03-03,69.78268432617188,44.685726165771484,109.89054107666016,71.08610534667969,113.42877960205078,98.36286926269531,45.746646881103516,155.638427734375,6.606189727783203,23.534027099609375,100.13658905029297,38.610050201416016
2020-03-04,73.01952362060547,46.287052154541016,112.55874633789062,74.20396423339844,120.02925109863281,100.7933349609375,48.08048629760742,161.35267639160156,7.068813800811768,24.974889755249023,105.50060272216797,39.45299530029297
2020-03-05,70.65098571777344,46.04009246826172,107.76130676269531,73.19481658935547,118.79949188232422,95.8482894897461,46.301551818847656,157.303466796875,6.790046215057373,24.329933166503906,103.06858825683594,37.714412689208984
2020-03-06,69.71273803710938,43.06847381591797,107.26654815673828,71.78648376464844,118.81622314453125,90.89482879638672,45.09381866455078,152.8569793701172,6.609915256500244,24.028043746948242,103.09400177001953,35.89304733276367
2020-03-09,64.19901275634766,37.427974700927734,91.94652557373047,60.75342559814453,114.13988494873047,78.58263397216797,42.31931686401367,142.49749755859375,6.098097801208496,23.163524627685547,98.34857177734375,31.50518798828125
2020-03-10,68.82272338867188,40.34383010864258,94.08460998535156,63.99933624267578,118.48995971679688,84.68828582763672,43.78817367553711,152.24197387695312,6.4866814613342285,23.733007431030273,102.15340423583984,32.67177200317383
2020-03-11,66.43245697021484,37.722755432128906,88.96028137207031,62.530757904052734,110.25826263427734,80.70195770263672,42.60493469238281,145.34512329101562,6.123688220977783,22.072587966918945,94.56072235107422,31.59551239013672
2020-03-12,59.871952056884766,31.91497039794922,81.51233673095703,57.432193756103516,104.91266632080078,74.04967498779297,38.483978271484375,131.5608367919922,5.374345779418945,20.597427368164062,86.29862976074219,27.982872009277344
2020-03-13,67.04510498046875,37.22084426879883,88.0325927734375,62.82447052001953,112.34127044677734,87.38786315917969,39.89986801147461,150.26470947265625,5.983807563781738,22.443096160888672,96.66226959228516,28.690345764160156
2020-03-16,58.41995620727539,32.289398193359375,82.52835845947266,52.49179458618164,106.35150146484375,74.31037902832031,37.25743865966797,128.11715698242188,4.879670143127441,20.707202911376953,91.94229888916016,25.958295822143555
2020-03-17,60.988677978515625,33.01438903808594,88.5273666381836,53.23737716674805,114.26535034179688,78.8517837524414,38.83795928955078,138.6658935546875,5.398197174072266,22.065725326538086,100.19590759277344,27.70440673828125
2020-03-18,59.495697021484375,32.47264099121094,88.45668029785156,41.458736419677734,112.90176391601562,70.55113983154297,36.919921875,132.8285675048828,5.039178848266602,22.20294761657715,99.52648162841797,24.927188873291016
2020-03-19,59.039825439453125,33.45256805419922,91.01001739501953,43.221012115478516,106.28460693359375,71.73694610595703,34.43390655517578,135.01402282714844,5.291362285614014,20.871868133544922,93.9167251586914,25.91313934326172
2020-03-20,55.29165267944336,30.010902404785156,84.3748779296875,44.727230072021484,100.29486846923828,70.22317504882812,31.528057098388672,129.9430694580078,5.111975193023682,19.90443992614746,86.79862213134766,24.64118194580078
2020-03-23,54.11703109741211,28.71231460571289,81.15010070800781,40.83365249633789,92.97496795654297,66.46389770507812,30.918901443481445,128.64697265625,5.2844038009643555,19.547657012939453,82.79042053222656,23.670291900634766
2020-03-24,59.54634475708008,31.803436279296875,89.53455352783203,50.119503021240234,99.70089721679688,74.36925506591797,32.4747200012207,140.34043884277344,6.191018581390381,20.37786293029785,87.51040649414062,26.67329216003418
2020-03-25,59.21832275390625,34.113807678222656,92.47663879394531,52.16796875,99.88492584228516,77.14453125,34.25279998779297,138.99697875976562,6.102569103240967,20.41217041015625,85.51905059814453,28.06566047668457
2020-03-26,62.33454895019531,38.240596771240234,97.62747192382812,57.52257537841797,105.88304138183594,82.51851654052734,36.458946228027344,147.69140625,6.391274452209473,21.7844181060791,90.99319458007812,29.217191696166992
2020-03-27,59.75377655029297,36.71894454956055,93.15694427490234,51.79893112182617,103.0303955078125,76.63996887207031,35.240623474121094,141.6270751953125,6.279222011566162,21.201208114624023,93.35742950439453,27.80976676940918
2020-03-30,61.459022521972656,37.6669921875,98.696533203125,54.18629837036133,111.27049255371094,78.63311767578125,37.04340744018555,151.58920288085938,6.59873628616333,22.4156494140625,97.4503402709961,28.223716735839844
2020-03-31,61.33359909057617,36.30467224121094,102.52210235595703,54.57038879394531,109.69776153564453,75.71485137939453,36.42600631713867,149.20510864257812,6.549291610717773,22.395065307617188,93.21338653564453,28.577455520629883
2020-04-01,58.106407165527344,32.5045051574707,98.37844848632812,51.63325119018555,107.75694274902344,70.9464111328125,34.67262649536133,143.90708923339844,6.039211750030518,21.7844181060791,92.64563751220703,28.246288299560547
2020-04-02,59.07600784301758,32.81521224975586,103.14056396484375,57.32677459716797,111.38760375976562,73.59554290771484,36.17905807495117,146.8872528076172,6.347299098968506,22.552875518798828,96.94194030761719,30.406360626220703
2020-04-03,58.22700500488281,33.25338363647461,101.31170654296875,56.56613540649414,112.24088287353516,71.42023468017578,36.08028030395508,145.53439331054688,6.060082912445068,23.081188201904297,97.51815795898438,29.51071548461914
2020-04-06,63.30659484863281,37.101348876953125,106.40071105957031,60.54254913330078,116.91722106933594,76.01728057861328,38.41813278198242,156.35743713378906,6.668552398681641,23.719284057617188,99.83150482177734,30.459028244018555
2020-04-07,62.573333740234375,36.35247039794922,107.71713256835938,60.94169998168945,115.00988006591797,77.01998138427734,38.28641891479492,154.67343139648438,6.435748100280762,23.06060791015625,95.5606689453125,31.038562774658203
2020-04-08,64.17488098144531,37.42002487182617,112.55874633789062,64.75244140625,119.8451919555664,80.13002014160156,39.36479568481445,156.22500610351562,6.632524490356445,23.739866256713867,97.53510284423828,33.002933502197266
2020-04-09,64.637939453125,39.17270278930664,110.46482849121094,63.49474334716797,118.14696502685547,87.31875610351562,40.33615493774414,156.23440551757812,6.533142566680908,24.281906127929688,97.16224670410156,32.46104431152344
2020-04-13,65.90666198730469,37.9059944152832,100.84345245361328,63.94662857055664,116.9256362915039,83.43549346923828,38.63215637207031,156.58447265625,6.704578876495361,24.11037254333496,98.25537872314453,32.182559967041016
2020-04-14,69.23514556884766,38.20873260498047,102.91085052490234,63.7206916809082,122.16246032714844,81.14968872070312,40.270294189453125,164.33285522460938,7.0548996925354,25.002336502075195,102.50084686279297,31.934192657470703
2020-04-15,68.60322570800781,36.2489013671875,98.53748321533203,62.124080657958984,123.52605438232422,77.14742279052734,39.191917419433594,162.61093139648438,6.977628707885742,24.679855346679688,102.7211685180664,30.466562271118164
2020-04-16,69.14832305908203,38.20873260498047,100.03062438964844,60.24130630493164,125.20750427246094,74.20734405517578,38.77210235595703,167.4927215576172,7.321990966796875,24.61810302734375,102.95841979980469,29.46556282043457
2020-04-17,68.21009063720703,39.84193420410156,103.69517517089844,65.64862060546875,127.17340850830078,80.87779235839844,39.562355041503906,168.96859741210938,7.262857437133789,25.324811935424805,105.66160583496094,32.528770446777344
2020-04-20,66.79424285888672,38.384002685546875,102.17943572998047,62.937435150146484,126.88065338134766,77.92919921875,38.30288314819336,165.61949157714844,7.131921291351318,24.755327224731445,102.19576263427734,30.993406295776367
2020-04-21,64.72962951660156,36.2489013671875,97.9442367553711,61.483943939208984,125.21588897705078,75.66890716552734,37.356224060058594,158.76991271972656,6.69612979888916,24.43971061706543,101.41616821289062,30.827823638916016
2020-04-22,66.59407806396484,36.91014862060547,98.64860534667969,63.592647552490234,127.9848861694336,75.91531372070312,37.6031608581543,164.1625518798828,7.109560012817383,24.871965408325195,101.17888641357422,31.708404541015625
2020-04-23,66.33601379394531,38.583168029785156,100.67257690429688,65.36997985839844,130.09300231933594,75.95780181884766,37.10102844238281,162.17578125,7.056390762329102,25.173864364624023,101.85365295410156,32.701881408691406
2020-04-24,68.25109100341797,38.583168029785156,101.68011474609375,65.52812957763672,129.54925537109375,77.07945251464844,37.397377014160156,165.13697814941406,7.195028781890869,25.647289276123047,101.32476043701172,32.912620544433594
2020-04-27,68.29933166503906,40.94133758544922,102.71439361572266,67.5615463256836,129.0724334716797,80.40193939208984,38.508670806884766,164.66395568847656,7.381123065948486,26.299108505249023,100.19021606445312,33.07067108154297
2020-04-28,67.19223022460938,40.94930648803711,102.94622039794922,67.71217346191406,126.64641571044922,80.97124481201172,38.47575378417969,160.65257263183594,7.239005088806152,26.010934829711914,99.71251678466797,33.845882415771484
2020-04-29,69.39917755126953,43.116275787353516,107.04765319824219,71.25930786132812,125.68435668945312,83.1550521850586,38.78855514526367,167.8616943359375,7.415410041809082,26.1550235748291,99.87457275390625,35.719940185546875
2020-04-30,70.86323547363281,41.61851501464844,103.76649475097656,69.2861557006836,125.5170669555664,81.37063598632812,37.77603530883789,169.54568481445312,7.2618632316589355,26.319692611694336,100.5484848022461,34.974830627441406
2020-05-01,69.72238159179688,40.470699310302734,98.86258697509766,67.35820007324219,124.05309295654297,79.23780059814453,37.53731918334961,165.1558837890625,7.025829792022705,25.8256778717041,99.65277862548828,32.46855545043945
2020-05-04,70.70886993408203,39.69210433959961,96.04508209228516,68.86441802978516,124.03630828857422,78.2945785522461,37.15864562988281,169.1956024169922,7.237267017364502,25.81195640563965,98.75708770751953,33.77814483642578
2020-05-05,71.77012634277344,40.6633415222168,97.10610961914062,69.95643615722656,125.0653076171875,78.17562866210938,37.3726806640625,171.01206970214844,7.298137187957764,26.4226131439209,98.96182250976562,33.740516662597656
2020-05-06,72.5105972290039,41.0887565612793,96.00050354003906,67.81759643554688,123.87738800048828,76.70557403564453,36.837608337402344,172.6960906982422,7.398763179779053,26.4226131439209,96.4794692993164,33.108306884765625
2020-05-07,73.26071166992188,42.37303161621094,95.66167449951172,69.76815795898438,123.46746826171875,77.50431823730469,36.71412658691406,173.69894409179688,7.574668884277344,25.611846923828125,95.6861343383789,33.29646301269531
2020-05-08,75.00445556640625,42.4372444152832,99.95929718017578,71.89946746826172,124.39604187011719,78.77042388916016,37.95714569091797,174.720703125,7.764241695404053,25.792009353637695,98.91064453125,34.75657272338867
2020-05-11,76.18466186523438,42.67001724243164,96.8386459350586,70.31793975830078,124.73905944824219,76.4506607055664,37.48792266845703,176.6696014404297,8.015681266784668,26.40182113647461,98.36468505859375,34.42539978027344
2020-05-12,75.31403350830078,42.116172790527344,93.619873046875,68.60836029052734,123.09099578857422,73.95242309570312,36.895233154296875,172.667724609375,7.754302501678467,25.8890323638916,97.71636962890625,33.84999465942383
2020-05-13,74.40465545654297,40.22989273071289,93.15623474121094,66.8008804321289,123.08265686035156,71.40323638916016,36.17082977294922,170.05657958984375,7.731940746307373,25.674213409423828,97.178955078125,32.16976547241211
2020-05-14,74.86174011230469,40.615177154541016,94.6809310913086,67.81759643554688,123.50930786132812,74.3687973022461,35.9732551574707,170.79449462890625,7.980894565582275,26.27709197998047,97.08512878417969,32.45363998413086
2020-05-15,74.419189453125,40.992435455322266,96.22340393066406,67.14733123779297,125.85169982910156,72.99223327636719,35.61106872558594,173.28269958496094,8.438301086425781,26.166215896606445,97.76757049560547,32.22346496582031
2020-05-18,76.17256164550781,42.99911880493164,102.55389404296875,70.72362518310547,125.91860961914062,76.85852813720703,37.01871109008789,174.93826293945312,8.696196556091309,26.38102912902832,99.1324234008789,34.78600311279297
2020-05-19,75.7323989868164,42.42921447753906,99.93254089355469,68.484619140625,124.66376495361328,75.34598541259766,36.66472625732422,173.72732543945312,8.75110912322998,26.110780715942383,95.91647338867188,33.71188735961914
2020-05-20,77.20525360107422,43.552955627441406,103.1512680053711,71.06751251220703,123.54276275634766,77.60628509521484,37.77603530883789,176.13705444335938,8.914590835571289,26.076133728027344,96.63300323486328,34.80902099609375
2020-05-21,76.6296615600586,43.031219482421875,101.69795227050781,70.33390808105469,122.73129272460938,76.62061309814453,37.183349609375,174.02145385742188,8.721043586730957,25.819730758666992,95.21696472167969,34.187564849853516
2020-05-22,77.12305450439453,43.30413055419922,100.28026580810547,68.98896026611328,121.61097717285156,76.0257797241211,37.06809616088867,174.09730529785156,8.970492362976074,25.986042022705078,96.05294799804688,34.2182502746582
2020-05-26,76.60063934326172,45.118167877197266,104.68486785888672,71.2967758178711,121.77102661132812,81.4216079711914,37.940677642822266,172.2568359375,8.663894653320312,25.979108810424805,95.56668090820312,35.223323822021484
2020-05-27,76.93440246582031,45.31884002685547,109.15185546875,71.75526428222656,122.04903411865234,86.13761901855469,38.467525482177734,172.4844970703125,8.472591400146484,25.92367935180664,97.15336608886719,35.47650146484375
2020-05-28,76.96824645996094,45.4793701171875,107.65394592285156,69.4398422241211,123.80108642578125,84.85452270507812,38.76387023925781,172.09555053710938,8.434574127197266,26.457256317138672,99.00447845458984,34.55583190917969
2020-05-29,76.89328002929688,45.591739654541016,107.11005401611328,70.07408905029297,125.30048370361328,82.68769073486328,38.426361083984375,173.8506317138672,8.820672988891602,26.464187622070312,98.88505554199219,34.885746002197266
2020-06-01,77.83892059326172,45.92084884643555,107.4399642944336,70.90703582763672,123.9864501953125,83.78388214111328,38.681549072265625,173.4521942138672,8.751852035522461,24.572402954101562,100.01959228515625,35.5071907043457
2020-06-02,78.19926452636719,46.4265251159668,109.95431518554688,72.35894012451172,124.87930297851562,84.06429290771484,38.60746383666992,175.4254913330078,8.770733833312988,25.057476043701172,100.71055603027344,36.29743576049805
2020-06-03,78.62974548339844,47.518150329589844,113.31572723388672,74.26173400878906,125.21627807617188,88.60188293457031,39.43064498901367,175.85244750976562,8.71533203125,25.057476043701172,101.11149597167969,37.77818298339844
2020-06-04,77.95257568359375,46.94824981689453,114.98306274414062,73.5739517211914,123.59896087646484,90.44580078125,39.447113037109375,173.53756713867188,8.716325759887695,24.953533172607422,98.99595642089844,37.6707649230957
2020-06-05,80.17273712158203,47.3174934387207,120.47538757324219,77.03565979003906,124.07910919189453,94.51602172851562,40.41024398803711,177.59803771972656,8.868946075439453,24.939674377441406,100.94087982177734,40.72433090209961
2020-06-08,80.64677429199219,47.71882629394531,122.79367065429688,78.89256286621094,123.6326675415039,96.40242004394531,41.03586959838867,178.69857788085938,8.754602432250977,25.355443954467773,101.55506896972656,41.9979248046875
2020-06-09,83.19342803955078,46.83589172363281,119.64620208740234,77.58583068847656,122.95032501220703,93.9297103881836,40.33615493774414,180.06471252441406,8.99422550201416,25.092126846313477,100.94940948486328,41.06190490722656
2020-06-10,85.33379364013672,46.811805725097656,118.08587646484375,74.56739044189453,124.50025939941406,90.12291717529297,40.02333068847656,186.7435760498047,9.31313705444336,24.891159057617188,101.7086410522461,38.85996627807617
2020-06-11,81.23687744140625,44.146934509277344,108.37616729736328,68.2935791015625,118.66268920898438,82.60272979736328,37.48792266845703,176.7157440185547,8.745903968811035,23.07560157775879,99.17510223388672,35.43047332763672
2020-06-12,81.93824005126953,44.732887268066406,109.8027572631836,70.60137176513672,119.74095153808594,84.86302947998047,37.87834548950195,178.11038208007812,8.881372451782227,23.387441635131836,98.62914276123047,36.19002151489258
2020-06-15,82.95159149169922,45.47134780883789,110.212890625,69.71495056152344,118.98283386230469,86.03565216064453,38.459808349609375,179.24884033203125,9.121243476867676,23.117183685302734,99.5418930053711,36.16701126098633
2020-06-16,85.14996337890625,46.15361022949219,116.0083999633789,71.85459899902344,121.68680572509766,86.72394561767578,38.8502197265625,183.64129638671875,9.016595840454102,23.144906997680664,100.77027130126953,36.98027420043945
2020-06-17,85.03147888183594,45.82451629638672,114.3321762084961,69.95182037353516,121.31612396240234,84.5316162109375,38.6923942565918,184.27696228027344,9.183137893676758,23.255775451660156,100.59967803955078,35.77572250366211
2020-06-18,85.06534576416016,46.274017333984375,113.76153564453125,70.25749206542969,120.80229187011719,84.0727767944336,39.03296661376953,186.25030517578125,9.165238380432129,23.03403091430664,101.75129699707031,35.99822235107422
2020-06-19,84.5792236328125,47.35762023925781,113.64562225341797,69.25643157958984,121.15608978271484,83.11256408691406,38.22721481323242,185.1402587890625,9.208243370056152,23.15876007080078,101.4441909790039,35.277015686035156
2020-06-22,86.79215240478516,45.599769592285156,112.15662384033203,69.9900131225586,120.78548431396484,82.21185302734375,37.99463653564453,190.2823028564453,9.472220420837402,22.943944931030273,100.44613647460938,35.61460494995117
2020-06-23,88.64466857910156,45.80846405029297,112.5667724609375,69.87540435791016,120.33902740478516,83.21456146240234,37.91156768798828,191.55357360839844,9.39591121673584,22.70833969116211,100.4290542602539,35.82942199707031
2020-06-24,87.0799331665039,44.299442291259766,108.83087921142578,66.97157287597656,117.77822875976562,80.43592834472656,37.08921813964844,187.6923370361328,9.18264102935791,22.306421279907227,99.31156921386719,34.14152526855469
2020-06-25,88.23597717285156,45.936885833740234,111.19369506835938,68.17130279541016,117.65191650390625,83.24005126953125,37.32180404663086,190.06405639648438,9.435683250427246,22.39650535583496,100.5655517578125,34.65557098388672
2020-06-26,85.52484893798828,43.62519073486328,109.12512969970703,66.06986999511719,116.0851058959961,78.67695617675781,36.19208908081055,186.25973510742188,9.102601051330566,22.20247459411621,98.29644775390625,33.466373443603516
2020-06-29,87.49591064453125,44.79710388183594,111.67516326904297,66.99447631835938,117.12123107910156,79.02534484863281,36.84831619262695,188.26153564453125,9.14734172821045,22.618253707885742,100.36937713623047,34.0034294128418
2020-06-30,88.2262954711914,45.4793701171875,112.78966522216797,68.18660736083984,118.46058654785156,79.92607116699219,37.11412048339844,193.07144165039062,9.443389892578125,22.659828186035156,101.99866485595703,34.310325622558594
2020-07-01,88.0594253540039,45.06198501586914,112.39732360839844,66.9562759399414,118.25,79.24626922607422,37.23041915893555,194.20040893554688,9.475456237792969,23.380510330200195,102.3484115600586,33.53542709350586
2020-07-02,88.0594253540039,44.45997619628906,113.87744903564453,67.48355102539062,118.7469711303711,79.50367736816406,37.28025436401367,195.68038940429688,9.557234764099121,23.914091110229492,103.11616516113281,33.81930160522461
2020-07-06,90.41502380371094,44.43589782714844,115.4021224975586,67.6822280883789,120.44010162353516,81.51142120361328,37.57099533081055,199.89268493652344,9.78293228149414,23.914091110229492,103.75592803955078,34.05713653564453
2020-07-07,90.13446807861328,43.023189544677734,113.4137954711914,65.95523071289062,120.33060455322266,79.21195220947266,37.55437088012695,197.56834411621094,9.8152494430542,23.581470489501953,104.25922393798828,33.17483901977539
2020-07-08,92.2337417602539,43.721519470214844,114.24301147460938,65.98579406738281,120.68439483642578,80.05281066894531,37.438087463378906,201.91339111328125,10.157526016235352,23.387441635131836,104.83077239990234,33.09811019897461
2020-07-09,92.6303482055664,42.83857345581055,112.1031265258789,63.227149963378906,120.02734375,78.31962585449219,36.47452163696289,203.32699584960938,10.448850631713867,23.18648338317871,104.48103332519531,31.732446670532227
2020-07-10,92.79238891601562,43.12753677368164,114.13602447509766,65.12992858886719,119.92626953125,82.60111236572266,37.504539489746094,202.71034240722656,10.419273376464844,23.442874908447266,105.6838150024414,32.72216033935547
2020-07-13,92.36433410644531,42.958984375,116.41857147216797,65.25982666015625,122.3185806274414,83.78518676757812,37.587608337402344,196.4488525390625,9.994715690612793,24.39916229248047,105.8203125,32.72984313964844
2020-07-14,93.8927993774414,43.76968002319336,122.04467010498047,67.51414489746094,124.60136413574219,84.26567077636719,38.10260772705078,197.66323852539062,10.317605972290039,24.413022994995117,106.70748138427734,33.8116340637207
2020-07-15,94.53851318359375,44.95763397216797,123.3642578125,67.92678833007812,124.88773345947266,85.56985473632812,38.54286575317383,197.36911010742188,10.168712615966797,24.752574920654297,106.20417785644531,34.24128341674805
2020-07-16,93.3752670288086,44.46800231933594,123.54255676269531,67.52176666259766,125.72168731689453,85.81009674072266,38.33519744873047,193.46043395996094,10.076744079589844,24.669424057006836,106.42597961425781,33.97273254394531
2020-07-17,93.18659210205078,44.9255256652832,122.97664642333984,66.62770080566406,125.80593872070312,84.22278594970703,38.891746520996094,192.47378540039062,10.143107414245605,25.119836807250977,107.16812896728516,33.3896484375
2020-07-20,95.15042877197266,45.06198501586914,120.93753814697266,65.1604995727539,126.01655578613281,83.48489379882812,38.310279846191406,200.74652099609375,10.450589179992676,25.293087005615234,106.83544158935547,32.607078552246094
2020-07-21,93.8371810913086,46.24991989135742,122.05138397216797,69.83719635009766,126.13445281982422,85.2952880859375,39.2074089050293,198.0426788330078,10.269384384155273,25.424739837646484,106.69039916992188,34.25661849975586
2020-07-22,94.1008071899414,46.5549430847168,123.04853820800781,69.56975555419922,126.36186218261719,84.67752075195312,40.270652770996094,200.88882446289062,10.37900447845459,26.7205753326416,107.60317993164062,33.45869827270508
2020-07-23,89.81764221191406,45.48739242553711,122.70714569091797,69.54682159423828,126.02490997314453,84.92634582519531,40.104522705078125,192.15122985839844,10.071772575378418,26.61663818359375,108.29937744140625,33.52775573730469
2020-07-24,89.59516143798828,44.708805084228516,123.58747100830078,68.87434387207031,124.76980590820312,84.32571411132812,40.27896499633789,190.97482299804688,10.136151313781738,26.096914291381836,108.12767791748047,33.32060241699219
2020-07-27,91.71857452392578,44.34760284423828,125.66255950927734,69.56975555419922,123.97796630859375,83.14167022705078,40.270652770996094,193.39402770996094,10.36185073852539,26.013755798339844,108.43671417236328,33.8116340637207
2020-07-28,90.21186828613281,43.46466827392578,123.99172973632812,68.09489440917969,123.68318176269531,83.50202941894531,40.02145767211914,191.65794372558594,10.15703010559082,27.03934669494629,109.77586364746094,33.41265869140625
2020-07-29,91.94110107421875,44.259315490722656,126.23746490478516,68.8284912109375,123.43891143798828,85.52693939208984,39.88854217529297,193.59329223632812,10.405595779418945,27.205656051635742,110.1449966430664,33.78093338012695
2020-07-30,93.05360412597656,43.882041931152344,122.82394409179688,65.92466735839844,123.69159698486328,83.24462127685547,39.61442947387695,193.44142150878906,10.553253173828125,27.107694625854492,112.81470489501953,32.12372970581055
2020-07-31,102.79523468017578,43.05774688720703,119.36553192138672,64.1441650390625,122.78185272216797,82.91857147216797,39.24062728881836,194.49452209472656,10.553997039794922,26.925762176513672,112.55717468261719,32.28485107421875
2020-08-03,105.38542175292969,42.87995910644531,118.37740325927734,64.80897521972656,124.12118530273438,82.45526123046875,38.459808349609375,205.43312072753906,10.947232246398926,26.834800720214844,112.70310974121094,32.415283203125
2020-08-04,106.08922576904297,42.152626037597656,118.14383697509766,66.09276580810547,124.01167297363281,81.98334503173828,38.78377151489258,202.34983825683594,11.163485527038574,26.86277961730957,114.84915161132812,33.35129928588867
2020-08-05,106.47374725341797,42.78297424316406,121.24293518066406,66.63534545898438,125.00565338134766,83.40765380859375,39.22401428222656,202.0177764892578,11.222149848937988,26.90476417541504,114.54874420166016,33.64283752441406
2020-08-06,110.18854522705078,42.83147048950195,120.721923828125,66.8416519165039,124.28966522216797,83.43341064453125,39.43998336791992,205.25291442871094,11.270618438720703,26.7788143157959,113.92205810546875,33.48170852661133
2020-08-07,107.68333435058594,42.443565368652344,121.19804382324219,66.32967376708984,125.17414855957031,85.26954650878906,39.705814361572266,201.5813446044922,11.135396957397461,26.90476417541504,114.64315795898438,33.32827377319336
2020-08-10,109.24849700927734,42.29001235961914,127.57591247558594,68.56868743896484,124.69403076171875,86.35065460205078,39.63935089111328,197.56834411621094,11.101095199584961,26.86277961730957,115.11528778076172,34.14920425415039
2020-08-11,105.99945068359375,42.43547821044922,128.03407287597656,68.484619140625,123.80108642578125,89.07913970947266,39.813785552978516,192.94815063476562,10.787898063659668,26.442941665649414,114.36844635009766,34.502132415771484
2020-08-12,109.52227783203125,42.71833038330078,128.07000732421875,69.32520294189453,126.06707000732422,88.32408142089844,40.229122161865234,198.46017456054688,11.374773025512695,26.820802688598633,116.28274536132812,34.49430847167969
2020-08-13,111.46053314208984,42.976932525634766,126.36326599121094,68.637451171875,124.66875457763672,87.83502197265625,40.187583923339844,197.99525451660156,11.377504348754883,26.708845138549805,116.55746459960938,33.649356842041016
2020-08-14,111.36119842529297,42.6213493347168,125.72545623779297,69.04248046875,124.87091064453125,87.86932373046875,40.24573516845703,198.1849822998047,11.497811317443848,26.631877899169922,115.97373962402344,33.798004150390625
2020-08-17,111.07046508789062,43.1385612487793,124.6115493774414,69.36341857910156,125.502685546875,85.55269622802734,40.04637145996094,199.4942169189453,12.266386985778809,26.834800720214844,116.31707763671875,33.3598747253418
2020-08-18,111.99598693847656,43.284034729003906,124.2971420288086,67.92931365966797,126.42924499511719,84.36004638671875,40.22081756591797,200.64215087890625,12.19057559967041,26.841794967651367,117.1841049194336,33.195587158203125
2020-08-19,112.13651275634766,43.631534576416016,123.98274993896484,66.96810150146484,126.68196105957031,84.55738067626953,39.34861373901367,199.4248809814453,12.069023132324219,26.771820068359375,116.54889678955078,32.827877044677734
2020-08-20,114.6247787475586,42.41931915283203,123.49765014648438,65.74330139160156,127.54957580566406,83.5449447631836,39.332000732421875,204.06578063964844,12.071510314941406,27.09370231628418,117.47598266601562,32.327171325683594
2020-08-21,120.53168487548828,42.80723571777344,124.35105895996094,65.95260620117188,128.67835998535156,83.50202941894531,39.27385711669922,202.5821990966797,12.610906600952148,27.20566177368164,117.98243713378906,32.084625244140625
2020-08-24,121.97327423095703,43.073909759521484,127.2705307006836,67.59599304199219,129.0175323486328,85.85301208496094,39.847023010253906,203.21937561035156,12.647442817687988,27.177661895751953,118.90095520019531,33.031288146972656
2020-08-25,120.97261047363281,42.855716705322266,126.7944107055664,66.76655578613281,128.94126892089844,86.23050689697266,39.79718017578125,205.8631591796875,12.677021026611328,26.87677574157715,119.37307739257812,31.982927322387695
2020-08-26,122.61773681640625,43.70426940917969,127.40522766113281,65.72004699707031,129.1447296142578,85.02072143554688,40.004852294921875,210.3138427734375,12.699889183044434,26.624876022338867,118.7979507446289,31.302263259887695
2020-08-27,121.15191650390625,43.267860412597656,128.78863525390625,65.82083892822266,129.72134399414062,87.81785583496094,40.06299591064453,215.47776794433594,12.555971145629883,26.491928100585938,118.6434326171875,31.091041564941406
2020-08-28,120.95565795898438,42.79106140136719,129.0221710205078,66.37896728515625,130.28102111816406,88.17821502685547,41.39205551147461,217.69358825683594,13.072498321533203,26.526914596557617,119.1241683959961,31.83428192138672
2020-08-31,125.05753326416016,42.79106140136719,127.8364486694336,65.06114196777344,130.08596801757812,85.96453857421875,41.142852783203125,214.47921752929688,13.29794979095459,26.442941665649414,118.74645233154297,31.247501373291016
2020-09-01,130.0389404296875,43.413326263427734,131.19606018066406,64.40226745605469,128.48333740234375,85.92161560058594,40.80229187011719,216.13397216796875,13.746006965637207,25.80618667602539,118.61768341064453,30.848506927490234
2020-09-02,127.34471130371094,44.011348724365234,134.088623046875,64.48751068115234,130.442138671875,87.21725463867188,42.52175521850586,220.29930114746094,14.26865291595459,26.03010368347168,120.61781311035156,30.660741806030273
2020-09-03,117.14937591552734,43.52647399902344,131.83389282226562,63.78209686279297,126.81282806396484,86.94267272949219,41.93198776245117,206.65249633789062,12.944875717163086,25.470312118530273,118.68638610839844,30.59815216064453
2020-09-04,117.22689819335938,42.82337951660156,133.10939025878906,63.51078796386719,125.998779296875,88.82172393798828,42.39715576171875,203.75193786621094,12.554006576538086,25.442325592041016,118.4288330078125,30.57468605041504
2020-09-08,109.33812713623047,41.32832336425781,133.41485595703125,61.21623992919922,124.87100219726562,85.73287963867188,41.37544631958008,192.72982788085938,11.848359107971191,25.141441345214844,116.69478607177734,29.87055206298828
2020-09-09,113.69924926757812,41.70815658569336,137.1607666015625,62.03792953491211,126.94001770019531,86.54798889160156,41.69110107421875,200.93692016601562,12.646004676818848,25.316373825073242,118.5919418334961,29.69061279296875
2020-09-10,109.98745727539062,41.56268310546875,134.6185760498047,60.58059310913086,124.57420349121094,85.65567016601562,41.533260345458984,195.3070831298828,12.24494457244873,24.945512771606445,117.34720611572266,28.94736671447754
2020-09-11,108.54344940185547,41.59502029418945,138.18475341796875,60.22400665283203,125.31192779541016,86.71958923339844,42.41377639770508,194.03271484375,12.098493576049805,25.239402770996094,118.58334350585938,28.869129180908203
2020-09-14,111.79973602294922,42.56476974487305,137.89730834960938,59.91392135620117,125.7953109741211,87.92080688476562,42.46401596069336,195.3450927734375,12.802401542663574,25.89715576171875,119.00399017333984,28.681354522705078
2020-09-15,111.97418212890625,42.99309539794922,133.4866943359375,59.185237884521484,126.25318145751953,85.18373107910156,42.74873352050781,198.54995727539062,12.920506477355957,25.862165451049805,119.00399017333984,28.37624168395996
2020-09-16,108.66943359375,43.25978088378906,135.74143981933594,60.89841079711914,125.8376693725586,85.54410552978516,42.53101348876953,195.0027618408203,12.446593284606934,25.73621368408203,118.20562744140625,29.58108139038086
2020-09-17,106.93466186523438,42.184967041015625,138.22073364257812,61.07670211791992,124.79467010498047,84.56596374511719,42.33003234863281,192.96754455566406,12.395873069763184,25.764204025268555,118.05113983154297,29.573251724243164
2020-09-18,103.54267883300781,42.58903121948242,136.89126586914062,60.6270866394043,126.49907684326172,84.38579559326172,42.24629211425781,190.571044921875,12.123109817504883,25.631250381469727,117.9223403930664,29.096010208129883
2020-09-21,106.68268585205078,41.80512237548828,130.5492706298828,59.14647674560547,123.0394058227539,81.77742767333984,41.10744857788086,192.6157684326172,12.44933032989502,25.204410552978516,117.35578918457031,28.50141716003418
2020-09-22,108.35929107666016,41.45762252807617,132.18423461914062,58.54961013793945,122.28474426269531,80.88508605957031,41.58476257324219,197.2566375732422,12.569173812866211,25.3653507232666,118.4288330078125,27.79729461669922
2020-09-23,103.81404876708984,41.04548263549805,129.69590759277344,55.774436950683594,122.47974395751953,79.57231903076172,40.370540618896484,190.76126098632812,12.057964324951172,25.190420150756836,117.01239013671875,26.905399322509766
2020-09-24,104.88009643554688,40.36664581298828,130.3786163330078,55.65816116333008,122.67479705810547,79.50367736816406,40.78086471557617,193.23385620117188,12.280997276306152,25.02248764038086,117.53606414794922,26.850637435913086
2020-09-25,108.81478118896484,41.33640670776367,131.07028198242188,55.68142318725586,123.51424407958984,80.19869995117188,40.797611236572266,197.63697814941406,12.80389404296875,25.22540855407715,118.13699340820312,27.100994110107422
2020-09-28,111.41207885742188,42.556705474853516,132.6602783203125,57.3093147277832,124.74382019042969,82.5067367553711,41.26654815673828,199.17758178710938,12.96427059173584,25.463315963745117,118.47174835205078,27.625173568725586
2020-09-29,110.56893157958984,42.597110748291016,132.4177703857422,55.735687255859375,124.701416015625,81.81175994873047,40.965084075927734,197.10440063476562,13.153984069824219,25.309377670288086,117.82789611816406,26.8193416595459
2020-09-30,112.23585510253906,42.184967041015625,133.9807891845703,55.81321334838867,126.24470520019531,82.60111236572266,41.3419075012207,200.02398681640625,13.45708179473877,25.68023109436035,119.31299591064453,26.85846519470215
2020-10-01,113.18562316894531,43.243621826171875,131.78895568847656,54.58842086791992,124.92188262939453,83.20172882080078,41.18281555175781,202.04965209960938,13.54062557220459,25.44931983947754,119.5276107788086,25.919626235961914
2020-10-02,109.53193664550781,43.381011962890625,134.6904296875,55.185325622558594,124.00607299804688,83.99112701416016,41.33354949951172,196.0868682861328,12.991372108459473,25.456317901611328,118.56613159179688,25.802274703979492
2020-10-05,112.90455627441406,43.873966217041016,137.87939453125,56.35584259033203,125.69351196289062,85.766357421875,41.35029983520508,200.07156372070312,13.568473815917969,25.715225219726562,119.65638732910156,26.396869659423828
2020-10-06,109.66764068603516,43.671939849853516,136.1186981201172,56.04575729370117,124.02304077148438,84.88306427001953,40.981834411621094,195.82061767578125,13.66196346282959,25.309377670288086,119.84522247314453,26.123044967651367
2020-10-07,111.52837371826172,44.011348724365234,139.02920532226562,57.193031311035156,125.39675903320312,86.36389923095703,41.50102615356445,199.54849243164062,13.888229370117188,25.5192928314209,120.78091430664062,26.20909881591797
2020-10-08,111.4217758178711,44.52048110961914,140.7270050048828,58.30931091308594,126.25318145751953,88.13912200927734,42.254669189453125,200.2617645263672,13.76365852355957,25.81318473815918,121.59640502929688,27.586057662963867
2020-10-09,113.36004638671875,44.221473693847656,142.77508544921875,57.36357879638672,128.0169219970703,87.63688659667969,42.54775619506836,205.23548889160156,13.68807315826416,25.74321174621582,122.68661499023438,27.179229736328125
2020-10-12,120.56072998046875,44.42350769042969,146.07180786132812,57.758914947509766,128.7546844482422,88.71068572998047,42.782230377197266,210.5515594482422,14.148809432983398,25.764204025268555,124.03436279296875,27.093172073364258
2020-10-13,117.36259460449219,44.738677978515625,145.63165283203125,56.898468017578125,125.80377960205078,87.27315521240234,42.05370330810547,211.94007873535156,14.170936584472656,25.820178985595703,123.79399871826172,26.772401809692383
2020-10-14,117.44983673095703,44.528568267822266,146.9700927734375,56.54963684082031,125.58329772949219,86.78821563720703,41.9699592590332,210.0380401611328,14.018768310546875,25.792194366455078,123.64806365966797,26.71763801574707
2020-10-15,116.984619140625,44.77100372314453,148.25469970703125,56.983734130859375,124.8116455078125,88.0871810913086,41.861106872558594,208.8968505859375,13.894196510314941,25.57526969909668,123.46781158447266,26.952341079711914
2020-10-16,115.3468017578125,45.07810592651367,151.58737182617188,56.50313186645508,125.58329772949219,87.90532684326172,41.89459228515625,208.8968505859375,13.736557006835938,26.554903030395508,123.94853210449219,26.678516387939453
2020-10-19,112.40061950683594,44.375,150.49142456054688,55.255062103271484,122.3780288696289,86.42452239990234,41.551265716552734,203.7234344482422,13.424508094787598,26.4499454498291,121.81961822509766,26.14651107788086
2020-10-20,113.8833999633789,44.181068420410156,151.802978515625,55.56515884399414,122.5730209350586,86.91809844970703,42.07882308959961,204.13233947753906,13.571456909179688,26.233030319213867,122.30891418457031,26.365571975708008
2020-10-21,113.26314544677734,43.99519348144531,150.37466430664062,54.937255859375,122.04730224609375,86.0521469116211,41.861106872558594,204.2749786376953,13.451361656188965,25.94614028930664,122.96990966796875,25.943098068237305
2020-10-22,112.1777114868164,44.26188278198242,152.4048309326172,56.898468017578125,123.02245330810547,89.09170532226562,42.43889236450195,204.360595703125,13.28850269317627,26.1910400390625,122.09893798828125,27.27311134338379
2020-10-23,111.4896240234375,44.15681838989258,152.3686981201172,56.25505828857422,123.15812683105469,89.89707946777344,42.304901123046875,205.6348876953125,13.516509056091309,26.715843200683594,122.9017105102539,26.725461959838867
2020-10-26,111.49930572509766,42.70216369628906,147.49729919433594,54.99151611328125,122.08121490478516,87.6715087890625,41.70198440551758,199.78628540039062,13.069942474365234,26.533910751342773,121.96949005126953,26.091745376586914
2020-10-27,113.00147247314453,41.918270111083984,142.7162322998047,53.882999420166016,121.38581848144531,86.0174789428711,41.785728454589844,202.8009033203125,13.32405948638916,26.1910400390625,122.88446044921875,25.677093505859375
2020-10-28,107.76813507080078,40.64141082763672,136.61575317382812,51.844261169433594,117.3241195678711,83.6014175415039,40.161197662353516,192.74884033203125,12.558484077453613,24.80556869506836,118.82743072509766,24.699146270751953
2020-10-29,111.76097106933594,41.20710754394531,139.7880096435547,53.3326301574707,116.33204650878906,84.1469955444336,40.211429595947266,194.68890380859375,12.953330993652344,24.686609268188477,118.7497329711914,25.79444694519043
2020-10-30,105.50032806396484,40.74646759033203,141.93905639648438,53.8752555847168,116.26417541503906,84.9003677368164,40.244937896728516,192.54917907714844,12.465989112854004,24.82655906677246,118.34405517578125,25.520620346069336
2020-11-02,105.41313171386719,41.481876373291016,147.56057739257812,55.929481506347656,117.60399627685547,86.81419372558594,40.7138671875,192.41600036621094,12.512486457824707,25.351362228393555,119.55252838134766,26.592458724975586
2020-11-03,107.03157806396484,42.00716781616211,151.55523681640625,55.611663818359375,117.4428482055664,89.55066680908203,41.325164794921875,196.3151092529297,12.948853492736816,25.323373794555664,121.90042877197266,26.138687133789062
2020-11-04,111.40238189697266,44.40733337402344,140.29412841796875,55.634910583496094,118.20600891113281,86.81419372558594,41.17442321777344,205.7870330810547,13.719400405883789,26.12107276916504,121.3997573852539,25.997859954833984
2020-11-05,115.3564682006836,46.42769241333008,147.39784240722656,55.921722412109375,118.51127624511719,90.36469268798828,41.40053939819336,212.34898376464844,14.083166122436523,25.725183486938477,122.9017105102539,25.950918197631836
2020-11-06,115.22541046142578,45.432411193847656,145.77101135253906,55.154300689697266,120.62271118164062,89.16098022460938,41.408905029296875,212.75790405273438,14.482985496520996,25.732255935668945,123.63540649414062,25.645795822143555
2020-11-09,112.92459869384766,45.71794509887695,154.38414001464844,61.549537658691406,123.87039184570312,101.23271179199219,44.02156066894531,207.6890869140625,13.556787490844727,27.711660385131836,119.1122817993164,28.892593383789062
2020-11-10,112.58482360839844,46.590858459472656,155.72174072265625,64.39449310302734,125.73589324951172,100.90364074707031,45.2022819519043,200.6707000732422,12.70070743560791,27.344057083129883,121.07174682617188,29.533592224121094
2020-11-11,116.00208282470703,45.155033111572266,153.15496826171875,63.92161560058594,125.32889556884766,99.39683532714844,44.8673210144043,205.9392547607422,13.345191955566406,27.216808319091797,122.63414764404297,29.2291202545166
2020-11-12,115.73023986816406,44.820552825927734,152.85671997070312,62.53404235839844,125.75288391113281,98.17581176757812,44.39000701904297,204.8836212158203,13.3837308883667,26.545225143432617,122.70321655273438,28.227569580078125
2020-11-13,115.77877807617188,45.81583786010742,155.18846130371094,64.36349487304688,127.10963439941406,98.7906494140625,44.75846481323242,205.9011688232422,13.22485065460205,27.301633834838867,124.54180145263672,28.908634185791016
2020-11-16,116.78842163085938,46.57454299926758,156.5260772705078,68.96031188964844,127.91522216796875,101.57911682128906,45.09340286254883,206.5859375,13.441914558410645,26.389707565307617,122.94486999511719,30.5751953125
2020-11-17,115.90499114990234,47.06402587890625,155.3692626953125,68.46478271484375,126.64324188232422,100.548583984375,44.95105743408203,203.95166015625,13.349419593811035,26.853559494018555,122.47010040283203,30.983816146850586
2020-11-18,114.58468627929688,47.161922454833984,156.11936950683594,66.29377746582031,124.96428680419922,99.80384826660156,44.055057525634766,201.26283264160156,13.355883598327637,27.062191009521484,120.58836364746094,29.81401824951172
2020-11-19,115.1768798828125,47.83904266357422,156.2639617919922,67.43433380126953,124.76921844482422,100.07228088378906,44.490501403808594,202.54046630859375,13.367321968078613,26.96532440185547,120.44161987304688,29.966259002685547
2020-11-20,113.91482543945312,47.84720230102539,155.6584014892578,67.4815444946289,124.10782623291016,99.2149887084961,44.10529708862305,200.60487365722656,13.016735076904297,27.345333099365234,120.24308013916016,29.597688674926758
2020-11-23,110.52670288085938,48.222476959228516,157.96310424804688,71.60324096679688,122.8440933227539,102.07271575927734,44.11367416381836,200.33792114257812,13.068703651428223,27.211206436157227,119.77694702148438,31.53667640686035
2020-11-24,111.80815887451172,48.80986404418945,159.87908935546875,75.21371459960938,122.8440933227539,106.79228210449219,44.56586456298828,203.91351318359375,12.88743782043457,27.27081298828125,119.38850402832031,33.635921478271484
2020-11-25,112.6430435180664,49.34014129638672,157.82749938964844,72.47637939453125,122.68189239501953,105.67517852783203,44.323020935058594,203.92303466796875,13.162938117980957,27.21866226196289,119.70789337158203,32.698482513427734
2020-11-27,113.18672943115234,49.38092803955078,158.2342071533203,71.82350158691406,122.95514678955078,104.97373962402344,44.130435943603516,205.21978759765625,13.189291954040527,27.740236282348633,119.64746856689453,32.20171356201172
2020-11-30,115.57491302490234,48.5814323425293,156.88758850097656,68.57489776611328,123.5357666015625,102.08136749267578,43.548091888427734,204.11375427246094,13.328782081604004,28.544946670532227,119.87190246582031,30.55116081237793
2020-12-01,119.13780212402344,49.29118728637695,156.58935546875,68.78726959228516,125.90097045898438,103.69208526611328,43.919429779052734,206.15423583984375,13.317343711853027,29.364566802978516,120.30351257324219,30.847612380981445
2020-12-02,119.48726654052734,50.25384521484375,157.140625,70.69082641601562,126.49004364013672,105.68384552001953,43.978511810302734,205.353271484375,13.4710054397583,30.400259017944336,119.43169403076172,32.00139236450195
2020-12-03,119.35135650634766,50.09067916870117,157.82749938964844,70.6357650756836,127.22437286376953,104.99105834960938,44.54396438598633,204.27584838867188,13.327247619628906,29.871232986450195,118.55120086669922,32.217735290527344
2020-12-04,118.68148040771484,50.6128044128418,164.67820739746094,73.37307739257812,128.308837890625,105.9436264038086,45.44699478149414,204.39024353027344,13.488663673400879,30.0575008392334,118.66344451904297,33.39555358886719
2020-12-07,120.1377182006836,50.5638427734375,161.51495361328125,71.39088439941406,127.19877624511719,105.54527282714844,44.72119140625,204.3235321044922,13.536914825439453,30.735559463500977,118.84471130371094,32.77058410644531
2020-12-08,120.74932098388672,50.94728088378906,161.63241577148438,72.0044174194336,129.40176391601562,105.6491928100586,44.88154602050781,205.96353149414062,13.281484603881836,31.711627960205078,119.16409301757812,33.8442497253418
2020-12-09,118.22520446777344,50.89833450317383,162.7440948486328,71.13917541503906,130.72520446777344,104.8265380859375,45.00813674926758,201.94932556152344,12.864384651184082,31.18260955810547,117.74844360351562,34.29293441772461
2020-12-10,119.64259338378906,51.27360153198242,161.6414794921875,73.42815399169922,129.99942016601562,104.15103912353516,44.771827697753906,200.72885131835938,12.905673027038574,31.09320068359375,116.9715576171875,35.26243591308594
2020-12-11,118.83683013916016,52.08124923706055,162.03909301757812,72.72020721435547,130.59715270996094,103.53621673583984,45.025020599365234,203.3413848876953,12.946464538574219,30.638689041137695,117.83477020263672,35.09417724609375
2020-12-14,118.22520446777344,51.485713958740234,160.91845703125,70.35256958007812,127.28421020507812,102.4450912475586,44.95749282836914,204.23768615722656,13.240446090698242,29.215543746948242,117.26506805419922,33.828224182128906
2020-12-15,124.14715576171875,53.141807556152344,164.25341796875,70.29752349853516,128.56495666503906,104.19435119628906,45.43854522705078,204.1709442138672,13.291930198669434,28.84298324584961,117.95559692382812,34.485225677490234
2020-12-16,124.07920837402344,52.97048568725586,162.22891235351562,69.76264953613281,127.7964859008789,104.49744415283203,44.780277252197266,209.08143615722656,13.174538612365723,28.194746017456055,118.49077606201172,35.01405715942383
2020-12-17,124.9432144165039,53.304962158203125,161.93069458007812,69.54241180419922,131.1692352294922,103.63146209716797,44.95749282836914,209.2149200439453,13.272778511047363,28.336315155029297,119.33673095703125,34.83778381347656
2020-12-18,122.96276092529297,52.701271057128906,163.54844665527344,68.582763671875,131.9291229248047,103.12053680419922,45.354156494140625,208.4235076904297,13.20388412475586,28.075531005859375,120.01864624023438,34.23684310913086
2020-12-21,124.48694610595703,52.578895568847656,162.825439453125,67.7175064086914,130.65692138671875,106.99146270751953,44.569278717041016,212.2374725341797,13.263824462890625,27.851993560791016,118.70663452148438,33.611881256103516
2020-12-22,128.0303955078125,52.89706802368164,159.58987426757812,66.35669708251953,130.40072631835938,105.36341857910156,44.52707290649414,213.52468872070312,13.210099220275879,27.37512969970703,117.8692855834961,33.04300308227539
2020-12-23,127.13725280761719,53.06838607788086,161.2528533935547,67.40288543701172,129.73477172851562,108.30773162841797,44.797142028808594,210.74049377441406,12.94248104095459,27.89670753479004,117.68800354003906,33.467655181884766
2020-12-24,128.1177520751953,53.0194206237793,162.2831573486328,67.11968994140625,130.187255859375,107.83143615722656,45.10097122192383,212.3900604248047,12.927061080932617,27.770038604736328,118.87925720214844,33.33144760131836
2020-12-28,132.699951171875,52.75837326049805,161.20765686035156,66.78147888183594,130.80203247070312,108.5415267944336,45.70861053466797,214.49722290039062,12.833791732788086,27.434738159179688,119.70789337158203,33.44361877441406
2020-12-29,130.93312072753906,52.652313232421875,159.65316772460938,66.55335998535156,131.6132354736328,108.25579071044922,45.68330383300781,213.72494506835938,12.87682056427002,27.606115341186523,119.48345947265625,33.067039489746094
2020-12-30,129.81668090820312,52.7828483581543,162.7169647216797,67.11968994140625,133.24411010742188,108.55888366699219,45.94491958618164,211.36981201171875,13.07828140258789,27.37512969970703,118.92239379882812,33.33144760131836
2020-12-31,128.8167266845703,52.872589111328125,164.5064697265625,66.42750549316406,134.37969970703125,110.03968811035156,46.282508850097656,212.07537841796875,12.987998962402344,27.427291870117188,120.10497283935547,33.026981353759766
2021-01-04,125.63249206542969,51.395973205566406,164.62396240234375,66.63202667236328,133.6283416748047,109.00052642822266,44.52707290649414,207.5653839111328,13.046198844909668,27.427291870117188,118.96554565429688,33.2513313293457
2021-01-05,127.185791015625,51.24097442626953,165.97061157226562,68.43331909179688,135.19937133789062,109.5936279296875,44.037593841552734,207.76559448242188,13.335954666137695,27.710430145263672,119.72516632080078,34.85380935668945
2021-01-06,122.90452575683594,50.30278778076172,175.20726013183594,70.6357650756836,136.47161865234375,114.73966979980469,42.63662338256836,202.37838745117188,12.549759864807129,27.47199249267578,120.98542785644531,35.74317932128906
2021-01-07,127.09844970703125,51.58361053466797,175.54164123535156,70.96612548828125,136.93272399902344,118.50762939453125,42.164005279541016,208.13746643066406,13.275513648986816,27.61356544494629,119.8546142578125,36.02360916137695
2021-01-08,128.19540405273438,51.314388275146484,175.56875610351562,71.6426010131836,136.65093994140625,118.63850402832031,43.10923385620117,209.4056396484375,13.208608627319336,27.665727615356445,119.8028335571289,36.424224853515625
2021-01-11,125.21502685546875,51.143070220947266,175.20726013183594,72.05162048339844,136.07888793945312,120.40906524658203,42.366554260253906,207.3747100830078,13.551590919494629,28.142581939697266,118.9914779663086,37.529930114746094
2021-01-12,125.0403060913086,51.05333709716797,178.53317260742188,73.42027282714844,135.02011108398438,122.30178833007812,42.29059600830078,204.93374633789062,13.415541648864746,27.70298194885254,118.30087280273438,38.36322021484375
2021-01-13,127.06929016113281,52.18730926513672,177.0419464111328,73.34950256347656,134.81517028808594,122.41517639160156,42.33279037475586,206.27816772460938,13.462305068969727,27.46454429626465,118.48213195800781,38.79588317871094
2021-01-14,125.1470947265625,51.803871154785156,178.40663146972656,75.11144256591797,137.1718292236328,123.13038635253906,41.54791259765625,203.1125946044922,13.132501602172852,27.382585525512695,117.22188568115234,40.310218811035156
2021-01-15,123.42876434326172,51.68150329589844,175.89410400390625,72.43704986572266,136.8730010986328,120.92369842529297,41.10062026977539,202.75982666015625,12.793503761291504,27.345333099365234,116.3414535522461,38.371238708496094
2021-01-19,124.09862518310547,52.546260833740234,176.3211669921875,74.34059143066406,138.9905242919922,120.40032958984375,40.94026565551758,206.37353515625,12.95839786529541,27.367685317993164,115.3228759765625,39.132408142089844
2021-01-20,128.17604064941406,53.20707321166992,174.7583770751953,75.0249252319336,138.64903259277344,118.59488677978516,41.083744049072266,213.9060821533203,13.29715347290039,27.196304321289062,113.88130187988281,39.68525695800781
2021-01-21,132.87477111816406,53.59050369262695,174.6221160888672,72.37411499023438,138.09400939941406,117.60057067871094,41.31161117553711,214.50680541992188,13.796326637268066,27.181413650512695,113.76932525634766,38.54750442504883
2021-01-22,135.0105438232422,53.05206298828125,174.39495849609375,72.15386962890625,139.6479949951172,116.69343566894531,40.92338943481445,215.4412078857422,13.642122268676758,27.233562469482422,112.89222717285156,38.00265884399414
2021-01-25,138.74813842773438,53.01127243041992,170.21543884277344,71.50100708007812,141.72286987304688,115.23684692382812,41.16814422607422,218.85470581054688,13.583179473876953,27.77748680114746,114.83744049072266,37.57801055908203
2021-01-26,138.98114013671875,52.946014404296875,170.0973358154297,70.28964233398438,145.56524658203125,114.7658462524414,41.59856033325195,221.52452087402344,13.366296768188477,27.799846649169922,115.57559204101562,36.752723693847656
2021-01-27,137.91322326660156,53.15811538696289,164.1188201904297,69.37722778320312,143.34519958496094,111.52122497558594,40.957149505615234,222.06796264648438,12.851452827453613,27.002580642700195,111.48542022705078,36.336090087890625
2021-01-28,133.08828735351562,54.69999694824219,167.4896697998047,70.02220916748047,144.43812561035156,113.48369598388672,41.480403900146484,227.81753540039062,12.984017372131348,27.01011085510254,113.20486450195312,36.90496826171875
2021-01-29,128.1080780029297,54.814208984375,166.12677001953125,67.01744842529297,139.28936767578125,112.22772979736328,40.63644790649414,221.17173767089844,12.923083305358887,27.04024314880371,111.33777618408203,35.927459716796875
2021-02-01,130.2244110107422,56.56003952026367,167.83493041992188,67.9692153930664,138.9307403564453,113.05632019042969,40.91495132446289,228.50401306152344,13.169063568115234,26.96491813659668,111.99777221679688,35.99156188964844
2021-02-02,131.04959106445312,57.91429138183594,174.9037628173828,68.48051452636719,137.6841278076172,116.53643035888672,41.32005310058594,228.3705291748047,13.487171173095703,26.354820251464844,111.84147644042969,36.56044387817383
2021-02-03,130.03030395507812,57.06584167480469,173.94973754882812,69.97501373291016,137.0437774658203,117.87092590332031,41.159706115722656,231.69821166992188,13.4610595703125,26.24183464050293,111.98039245605469,37.99464797973633
2021-02-04,133.37957763671875,57.91429138183594,174.1314239501953,70.0064697265625,138.3159942626953,120.58351135253906,41.362247467041016,230.7542724609375,13.594121932983398,26.279497146606445,112.04985809326172,38.72378158569336
2021-02-05,132.96633911132812,58.584144592285156,175.35806274414062,70.21098327636719,140.4164581298828,120.34803009033203,41.902381896972656,230.93545532226562,13.521244049072266,26.302099227905273,112.51882934570312,40.02178192138672
2021-02-08,133.11221313476562,58.34434127807617,179.40127563476562,71.95722961425781,140.81773376464844,122.23200225830078,42.13024139404297,231.19288635253906,14.364645957946777,26.226770401000977,112.17146301269531,41.74443435668945
2021-02-09,132.2371368408203,58.625492095947266,179.24685668945312,71.54821014404297,141.9705047607422,121.74352264404297,41.944583892822266,232.43238830566406,14.190046310424805,26.33975601196289,111.73725128173828,41.25552749633789
2021-02-10,131.6343536376953,58.60069274902344,179.64659118652344,72.77528381347656,142.4315948486328,121.81336212158203,41.86018371582031,231.526611328125,14.688475608825684,26.166519165039062,111.34647369384766,41.65481185913086
2021-02-11,131.38157653808594,58.435298919677734,180.2190399169922,72.3819580078125,141.79119873046875,121.47317504882812,42.45094680786133,233.11892700195312,15.172477722167969,25.93302345275879,111.4419937133789,40.61180877685547
2021-02-12,131.61492919921875,58.06313705444336,179.8919219970703,72.79888153076172,142.2351837158203,123.20018005371094,42.780094146728516,233.5956573486328,14.884465217590332,26.151453018188477,110.825439453125,41.1658935546875
2021-02-16,129.4954071044922,58.170658111572266,183.88063049316406,74.29058837890625,140.94586181640625,126.1656723022461,42.425636291503906,232.36566162109375,15.251571655273438,26.128856658935547,111.08596801757812,42.40446090698242
2021-02-17,127.21051025390625,57.790225982666016,183.80792236328125,76.51618957519531,141.44961547851562,126.55818176269531,42.30747985839844,233.37863159179688,14.829499244689941,26.279497146606445,111.55487060546875,43.06448745727539
2021-02-18,126.11192321777344,57.624839782714844,181.64549255371094,75.78231811523438,141.51795959472656,126.98554229736328,42.84760665893555,232.98683166503906,14.75289535522461,26.030941009521484,112.48407745361328,42.3881721496582
2021-02-19,126.26747131347656,57.86466979980469,190.72232055664062,76.42047882080078,139.1613006591797,129.1050567626953,42.29059600830078,230.29183959960938,14.849892616271973,25.940549850463867,110.39122009277344,42.67336654663086
2021-02-22,122.50481414794922,57.49252700805664,198.12730407714844,78.48653411865234,139.07540893554688,130.31744384765625,42.72945785522461,224.11810302734375,14.282071113586426,25.804975509643555,109.92229461669922,44.246009826660156
2021-02-23,122.36869812011719,57.31058883666992,200.05352783203125,79.47569274902344,137.84677124023438,131.3640899658203,42.65349578857422,222.93301391601562,14.06942081451416,25.54135513305664,110.73857879638672,44.85713577270508
2021-02-24,121.87286376953125,57.773704528808594,202.13424682617188,82.41128540039062,139.6940155029297,133.67543029785156,42.79697036743164,224.1562957763672,14.42458724975586,25.420833587646484,110.86016845703125,46.20163345336914
2021-02-25,117.63380432128906,56.574562072753906,201.54368591308594,81.64546966552734,139.8400421142578,131.86123657226562,42.34123229980469,218.84271240234375,13.239202499389648,25.473567962646484,109.92229461669922,45.43567657470703
2021-02-26,117.89630126953125,57.2526969909668,196.14662170410156,79.77088165283203,136.1455841064453,128.36366271972656,41.345375061035156,222.0824737548828,13.644110679626465,25.225004196166992,107.27367401123047,44.30303955078125
2021-03-01,124.24517822265625,58.4931755065918,199.67193603515625,81.4061508178711,136.8844757080078,131.2681427001953,42.113372802734375,226.44039916992188,13.770709991455078,25.37564468383789,107.93364715576172,45.957183837890625
2021-03-02,121.64925384521484,57.85639572143555,196.0921173095703,81.71724700927734,136.62672424316406,130.84075927734375,42.28215026855469,223.5064239501953,13.337448120117188,25.240066528320312,107.59497833251953,45.68828201293945
2021-03-03,118.67411041259766,57.550411224365234,195.2653045654297,82.63461303710938,134.2210693359375,133.3701934814453,42.180885314941406,217.47605895996094,12.739032745361328,25.902894973754883,106.95234680175781,46.054969787597656
2021-03-04,116.79766082763672,55.47465896606445,193.3209228515625,83.36054229736328,131.51461791992188,131.3204345703125,42.147132873535156,216.68283081054688,12.306760787963867,25.759782791137695,106.07527923583984,47.83946990966797
2021-03-05,118.05187225341797,54.598045349121094,200.0353546142578,86.95023345947266,134.11793518066406,131.62571716308594,42.86449432373047,221.3370819091797,12.397542953491211,25.902894973754883,109.4012680053711,49.64842224121094
2021-03-08,113.13224029541016,55.846805572509766,201.3256072998047,87.54851531982422,135.23484802246094,133.3701934814453,43.58184814453125,217.31362915039062,11.533748626708984,25.87276840209961,110.55622100830078,49.599525451660156
2021-03-09,117.73101043701172,57.351932525634766,196.98251342773438,87.3490982055664,135.49256896972656,132.42820739746094,42.923561096191406,223.42044067382812,12.460290908813477,25.948083877563477,109.5749282836914,48.83357620239258
2021-03-10,116.65180969238281,58.51798629760742,200.8530731201172,88.8407974243164,136.73838806152344,135.3065185546875,43.413063049316406,222.12069702148438,12.408539772033691,26.30963134765625,110.5822982788086,50.332889556884766
2021-03-11,118.57688903808594,61.20571517944336,199.67193603515625,88.69721221923828,136.72984313964844,134.60000610351562,42.940452575683594,226.62200927734375,12.931276321411133,26.14392852783203,110.20886993408203,49.95806121826172
2021-03-12,117.67268371582031,61.89212417602539,208.0673065185547,88.99236297607422,137.1250457763672,136.19613647460938,42.855350494384766,225.30316162109375,12.794435501098633,26.317163467407227,111.2770004272461,50.4958610534668
2021-03-15,120.55059051513672,61.96654510498047,209.64828491210938,87.94735717773438,137.82958984375,135.51583862304688,43.42549133300781,224.4048309326172,13.128077507019043,26.671167373657227,111.6417236328125,49.208404541015625
2021-03-16,122.08675384521484,61.91693878173828,205.75949096679688,85.86534118652344,138.6457977294922,133.8935089111328,43.587188720703125,227.1763153076172,13.2275972366333,26.987518310546875,111.97169494628906,48.165401458740234
2021-03-17,121.29920959472656,62.925880432128906,212.2741241455078,86.17644500732422,138.13027954101562,135.2715606689453,43.60420608520508,226.5360107421875,13.277361869812012,26.957382202148438,111.52014923095703,48.377262115478516
2021-03-18,117.18656158447266,60.395263671875,209.59375,83.05740356445312,137.87252807617188,137.50442504882812,43.03404998779297,220.4960174560547,12.661571502685547,26.942317962646484,111.76329040527344,46.2912712097168
2021-03-19,116.66152954101562,59.93215560913086,204.69644165039062,82.46708679199219,137.50308227539062,135.31520080566406,43.2382926940918,220.14247131347656,12.784232139587402,26.761552810668945,111.16410827636719,46.030517578125
2021-03-22,119.96722412109375,60.82529067993164,205.35977172851562,81.79702758789062,137.8983154296875,131.67808532714844,43.39997482299805,225.5325164794922,13.123101234436035,27.115562438964844,113.04853057861328,45.55791091918945
2021-03-23,119.14080810546875,60.527584075927734,198.2999725341797,81.34233856201172,137.7694549560547,130.3610382080078,43.73185729980469,227.0520477294922,13.008155822753906,26.633508682250977,115.15008544921875,44.995662689208984
2021-03-24,116.75875854492188,59.66750717163086,201.007568359375,83.52008056640625,139.10977172851562,131.37283325195312,43.842491149902344,225.02598571777344,12.5824556350708,26.821809768676758,115.11532592773438,45.90828323364258
2021-03-25,117.2448959350586,60.36219787597656,203.75152587890625,83.81523895263672,139.16131591796875,133.05616760253906,44.267967224121094,222.04425048828125,12.4752197265625,26.867002487182617,115.9142837524414,45.77790451049805
2021-03-26,117.8476791381836,61.45383071899414,208.5216064453125,85.73770904541016,141.7044677734375,135.2715606689453,45.135963439941406,226.0007781982422,12.777763366699219,27.30386734008789,117.62498474121094,47.024620056152344
2021-03-29,118.02272033691406,61.42900085449219,209.17581176757812,85.29100036621094,142.65814208984375,133.1695556640625,45.82527160644531,224.81576538085938,12.886242866516113,27.582551956176758,119.46602630615234,46.77203369140625
2021-03-30,116.57404327392578,61.40419006347656,211.7744140625,84.50127410888672,141.77320861816406,134.73951721191406,45.229576110839844,221.57598876953125,12.810108184814453,27.198415756225586,117.62498474121094,46.193485260009766
2021-03-31,118.76162719726562,61.63574981689453,210.67495727539062,83.59186553955078,141.20614624023438,132.777099609375,44.85514831542969,225.32228088378906,13.28432559967041,27.288793563842773,117.60763549804688,45.49272155761719
2021-04-01,119.58802795410156,62.181556701660156,211.4654541015625,84.35768127441406,139.90020751953125,134.06793212890625,44.6849479675293,231.61070251464844,13.745607376098633,27.341524124145508,116.60899353027344,46.76386642456055
2021-04-05,122.40760040283203,62.02444839477539,212.34681701660156,83.36853790283203,140.4156951904297,134.77859497070312,44.94024658203125,238.0328826904297,13.920515060424805,27.32646369934082,118.49340057373047,46.038665771484375
2021-04-06,122.70899963378906,61.710201263427734,209.55743408203125,82.62664031982422,140.38134765625,133.8310546875,45.26361083984375,236.87652587890625,13.795120239257812,27.153221130371094,118.5368423461914,45.90828323364258
2021-04-07,124.35211944580078,62.214637756347656,209.34848022460938,83.11323547363281,140.5703582763672,135.9279327392578,45.3401985168457,238.82608032226562,14.075767517089844,27.047775268554688,118.74527740478516,46.11200714111328
2021-04-08,126.74386596679688,63.471683502197266,209.41204833984375,82.179931640625,140.0204620361328,136.09458923339844,45.20405578613281,242.02769470214844,14.24843692779541,27.085439682006836,119.19681549072266,45.63125228881836
2021-04-09,129.3106231689453,63.59573745727539,209.6573486328125,82.10015869140625,138.54269409179688,137.1123504638672,45.2551155090332,244.51243591308594,14.331040382385254,27.567481994628906,118.42394256591797,45.52531051635742
2021-04-12,127.59949493408203,63.984413146972656,209.82089233398438,81.19078063964844,138.87777709960938,136.82281494140625,45.3997802734375,244.56982421875,15.136165618896484,27.846174240112305,118.90153503417969,45.22382354736328
2021-04-13,130.7009735107422,64.82794952392578,208.38536071777344,81.55772399902344,137.0219268798828,135.1909637451172,45.17851638793945,247.03543090820312,15.604410171508789,27.989288330078125,117.32978057861328,45.39494323730469
2021-04-14,128.36753845214844,64.50543975830078,211.32005310058594,83.17706298828125,137.3999786376953,132.66416931152344,45.170005798339844,244.2639923095703,15.203841209411621,27.99681854248047,117.75528717041016,46.70683288574219
2021-04-15,130.76902770996094,65.86994171142578,211.26556396484375,82.49901580810547,137.8037567138672,133.5064239501953,45.382755279541016,248.00070190429688,16.059968948364258,28.320701599121094,119.17945098876953,46.42979049682617
2021-04-16,130.43849182128906,65.56396484375,212.0287628173828,82.13206481933594,139.393310546875,134.4978485107422,45.680599212646484,249.18576049804688,15.836297988891602,29.051313400268555,119.1881332397461,46.169044494628906
2021-04-19,131.09959411621094,65.58050537109375,211.14743041992188,82.37138366699219,139.7799072265625,133.9275360107422,45.952919006347656,247.2743377685547,15.288182258605957,29.322463989257812,118.63235473632812,46.02237319946289
2021-04-20,129.41758728027344,65.74591064453125,206.82257080078125,80.8318099975586,143.0362091064453,130.9620819091797,46.09758758544922,246.81565856933594,15.098597526550293,29.39778709411621,119.62230682373047,45.05270004272461
2021-04-21,129.7967529296875,66.415771484375,211.2110595703125,81.9485855102539,143.13072204589844,132.0763397216797,46.47201156616211,249.03285217285156,15.286940574645996,29.77439308166504,118.84080505371094,45.63125228881836
2021-04-22,128.280029296875,68.60729217529297,207.9673614501953,80.52867126464844,141.91928100585938,129.29515075683594,46.32733917236328,245.77391052246094,14.779132843017578,29.10403823852539,117.66092681884766,45.03640365600586
2021-04-23,130.59402465820312,72.13030242919922,210.0209503173828,81.00729370117188,142.2113800048828,131.769287109375,46.35287094116211,249.5775604248047,15.192145347595215,29.119094848632812,117.05792999267578,45.28086471557617
2021-04-26,130.98294067382812,72.02278137207031,210.43165588378906,80.9833755493164,141.008544921875,132.0938720703125,45.663570404052734,249.95985412597656,15.403875350952148,29.134166717529297,114.7156753540039,45.37050247192383
2021-04-27,130.66207885742188,73.26326751708984,210.23089599609375,81.92466735839844,140.20091247558594,132.69927978515625,45.59550476074219,250.36123657226562,15.308088302612305,28.960926055908203,114.64578247070312,45.96532440185547
2021-04-28,129.87452697753906,73.62714385986328,212.019775390625,83.93489074707031,139.1698760986328,133.55911254882812,45.60402297973633,243.27963256835938,15.203592300415039,29.232088088989258,114.8380355834961,47.35056686401367
2021-04-29,129.77734375,74.01583862304688,207.61148071289062,85.2750473022461,141.0772705078125,136.15603637695312,46.174163818359375,241.32046508789062,15.251361846923828,29.07390785217285,115.80813598632812,48.02687072753906
2021-04-30,127.81338500976562,73.85723876953125,208.19554138183594,82.21981048583984,139.8142547607422,134.9452667236328,45.935890197753906,241.00503540039062,14.9376220703125,29.11156463623047,116.60343933105469,46.64164733886719
2021-05-03,128.86337280273438,73.84890747070312,208.25030517578125,84.18218231201172,141.9450225830078,134.55047607421875,46.36138916015625,240.69923400878906,14.765700340270996,30.000356674194336,117.98430633544922,47.92909622192383
2021-05-04,124.30349731445312,73.72372436523438,213.0328369140625,84.64486694335938,144.14459228515625,136.4104766845703,46.07205581665039,236.80963134765625,14.28252124786377,30.090740203857422,117.58226776123047,48.230587005615234
2021-05-05,124.54658508300781,73.50669860839844,217.1126251220703,86.9183120727539,143.54310607910156,138.20028686523438,45.952919006347656,235.54808044433594,14.389260292053223,30.105804443359375,116.63842010498047,49.6810188293457
2021-05-06,126.14107513427734,73.72372436523438,216.37330627441406,86.96617889404297,144.1187744140625,140.98146057128906,46.41244888305664,238.66363525390625,14.453449249267578,29.80916404724121,118.10663604736328,50.153629302978516
2021-05-07,126.81310272216797,75.15094757080078,219.9510955810547,87.76390075683594,144.77171325683594,141.46400451660156,46.38690185546875,241.27267456054688,14.741314888000488,30.105804443359375,118.11536407470703,50.87068557739258
2021-05-10,123.54072570800781,73.9574203491211,221.42967224121094,87.40491485595703,146.29249572753906,141.44642639160156,46.7273063659668,236.22666931152344,14.197433471679688,30.31878662109375,120.31776428222656,50.99290466308594
2021-05-11,122.62525939941406,73.30638122558594,218.4086456298828,85.115478515625,145.0982208251953,139.0951690673828,46.22522735595703,235.31875610351562,14.237739562988281,29.93086051940918,119.7234878540039,49.37138366699219
2021-05-12,119.56716918945312,70.360107421875,216.60150146484375,85.64998626708984,144.51394653320312,138.13885498046875,45.9869499206543,228.4091033935547,13.692610740661621,30.18947410583496,118.45622253417969,49.635929107666016
2021-05-13,121.70978546142578,71.28657531738281,219.11143493652344,85.09956359863281,146.02613830566406,141.69212341308594,46.38690185546875,232.26055908203125,13.599808692932129,30.501333236694336,120.36148071289062,49.02415084838867
2021-05-14,124.12508392333984,73.01426696777344,221.08282470703125,87.3251724243164,146.24948120117188,143.8942413330078,46.574127197265625,237.15367126464844,14.17479133605957,30.44048500061035,120.61491394042969,50.23942947387695
2021-05-17,122.9758529663086,73.26466369628906,223.4193572998047,88.39408111572266,146.3955841064453,144.47332763671875,46.49753952026367,234.31527709960938,14.097662925720215,30.50893783569336,120.37020874023438,51.41335678100586
2021-05-18,121.59291076660156,73.52339935302734,218.56381225585938,85.73748016357422,146.44715881347656,142.43788146972656,46.242252349853516,232.3083038330078,13.948630332946777,30.463306427001953,119.137939453125,49.958335876464844
2021-05-19,121.4371109008789,73.08103942871094,216.1907958984375,83.33123779296875,146.12925720214844,141.34994506835938,46.09758758544922,232.883056640625,13.998391151428223,30.295969009399414,119.38262176513672,48.75960922241211
2021-05-20,123.98870849609375,74.4081039428711,214.4749298095703,83.62191772460938,146.97984313964844,141.1043243408203,46.50605392456055,236.1015625,14.542523384094238,30.516542434692383,120.6061782836914,48.643856048583984
2021-05-21,122.15778350830078,75.7352066040039,216.52847290039062,84.07408142089844,146.88534545898438,142.70986938476562,46.48052215576172,234.84671020507812,14.919955253601074,30.387237548828125,120.6061782836914,48.709999084472656
2021-05-24,123.78418731689453,76.13581848144531,218.18048095703125,85.26918029785156,147.44728088378906,143.48191833496094,46.633697509765625,240.2205047607422,15.53723430633545,30.280752182006836,120.57123565673828,49.280433654785156
2021-05-25,123.58942413330078,75.96053314208984,216.464599609375,83.87222290039062,147.0409393310547,141.9991912841797,46.62518310546875,241.1209259033203,15.572815895080566,29.915645599365234,120.98194885253906,48.164371490478516
2021-05-26,123.54072570800781,76.8869857788086,216.95742797851562,84.07408142089844,146.1677703857422,141.9816131591797,46.82942581176758,240.90061950683594,15.624814987182617,29.603790283203125,120.7110366821289,48.726531982421875
2021-05-27,122.0116958618164,76.91202545166016,220.21580505371094,83.17780303955078,145.94297790527344,144.1925811767578,47.22087097167969,238.81243896484375,15.41383171081543,29.398418426513672,117.96680450439453,48.41238784790039
2021-05-28,121.35916137695312,77.34605407714844,220.0332794189453,83.80763244628906,146.32337951660156,144.09605407714844,47.05067443847656,239.16683959960938,16.166706085205078,29.459272384643555,117.85321044921875,48.255306243896484
2021-06-01,121.03777313232422,77.13739013671875,221.56658935546875,86.11700439453125,143.1072998046875,145.68406677246094,47.04216766357422,236.9828338623047,16.186607360839844,29.284326553344727,116.13150787353516,49.98313903808594
2021-06-02,121.79743194580078,76.97879791259766,222.2054443359375,87.27169036865234,143.68655395507812,145.69284057617188,47.22938537597656,236.88706970214844,16.697900772094727,29.50490379333496,116.63842010498047,50.37997055053711
2021-06-03,120.31708526611328,77.05391693115234,222.5522918701172,86.87602996826172,143.5481719970703,145.78933715820312,47.3485221862793,235.36402893066406,16.88848114013672,29.641826629638672,118.72716522216797,50.578372955322266
2021-06-04,122.60578155517578,77.78839874267578,222.71658325195312,87.5704574584961,143.4876708984375,146.02621459960938,47.85911560058594,240.2301025390625,17.494070053100586,29.778736114501953,118.81452941894531,50.801597595214844
2021-06-07,122.61551666259766,78.78997039794922,218.82847595214844,87.00521850585938,142.5106964111328,145.3418731689453,47.68891525268555,243.1229248046875,17.53462028503418,29.65703773498535,119.2253189086914,50.47090530395508
2021-06-08,123.43359375,78.96524047851562,219.1935577392578,87.79654693603516,141.25714111328125,144.76284790039062,47.35702896118164,241.93516540527344,17.37339973449707,29.550540924072266,117.84446716308594,51.3637580871582
2021-06-09,123.81342315673828,78.62303924560547,214.1645965576172,87.02945709228516,143.15914916992188,142.9554901123047,47.212364196777344,242.9122314453125,17.279081344604492,30.280752182006836,117.8007583618164,51.79364013671875
2021-06-10,122.8200454711914,78.17234802246094,206.02334594726562,87.53817749023438,144.4473419189453,140.72705078125,47.57829284667969,246.4084930419922,17.34552574157715,30.942506790161133,118.67469024658203,51.876319885253906
2021-06-11,124.02767181396484,79.6329574584961,201.4324493408203,87.1344223022461,142.61451721191406,140.63052368164062,47.79103088378906,247.0311279296875,17.743953704833984,30.53937530517578,117.86194610595703,51.396827697753906
2021-06-14,127.07603454589844,79.79988861083984,199.8900146484375,87.1828842163086,142.96893310546875,138.24415588378906,47.62812805175781,248.94696044921875,17.93657112121582,30.143840789794922,117.9056625366211,51.31415557861328
2021-06-15,126.25796508789062,81.22711944580078,200.3007049560547,89.06429290771484,142.2081756591797,136.14723205566406,47.50809097290039,247.48135375976562,17.707368850708008,30.113412857055664,117.67838287353516,53.182525634765625
2021-06-16,126.75463104248047,82.19530487060547,198.20152282714844,88.55557250976562,142.15626525878906,137.1035919189453,46.87362289428711,246.5426483154297,17.729019165039062,29.89282989501953,116.04412078857422,52.99238586425781
2021-06-17,128.3518524169922,81.06853485107422,191.16461181640625,86.45613098144531,142.8393096923828,133.146728515625,47.11369323730469,249.9144287109375,18.572153091430664,30.029741287231445,117.1015853881836,51.248023986816406
2021-06-18,127.05655670166016,80.44255828857422,190.6261444091797,83.19395446777344,140.03814697265625,129.77774047851562,46.101966857910156,248.50637817382812,18.553741455078125,29.52012062072754,115.3886489868164,49.93354415893555
2021-06-21,128.8485565185547,82.05340576171875,194.59634399414062,85.63250732421875,141.64622497558594,131.97987365722656,46.60783767700195,251.57156372070312,18.343204498291016,29.984102249145508,116.29756927490234,51.74405288696289
2021-06-22,130.4847412109375,82.13688659667969,194.52334594726562,85.91513061523438,141.45602416992188,131.78683471679688,46.779300689697266,254.33026123046875,18.80061149597168,30.128625869750977,116.34125518798828,52.73610305786133
2021-06-23,130.21202087402344,83.11339569091797,195.12571716308594,85.8101577758789,140.60011291503906,132.585205078125,46.40205383300781,254.10043334960938,18.970333099365234,29.702667236328125,116.1751937866211,53.124656677246094
2021-06-24,129.92959594726562,83.14679718017578,200.1912078857422,86.51268005371094,141.23988342285156,133.80471801757812,46.633548736572266,255.4605712890625,19.117908477783203,29.80916404724121,116.25385284423828,53.33960723876953
2021-06-25,129.63742065429688,82.25373840332031,197.42568969726562,86.64186096191406,141.96609497070312,135.15586853027344,46.57352828979492,253.8609161376953,18.944202423095703,29.64942741394043,117.91436767578125,53.45534133911133
2021-06-28,131.26388549804688,82.83797454833984,197.38925170898438,83.9691162109375,141.80184936523438,135.4015350341797,46.522090911865234,257.4051818847656,19.893850326538086,29.75591468811035,118.26396179199219,52.09126281738281
2021-06-29,132.77342224121094,82.58757781982422,196.32138061523438,83.78340911865234,141.81044006347656,135.2348175048828,46.179115295410156,259.9722595214844,19.935413360595703,29.740705490112305,117.45991516113281,51.76884078979492
2021-06-30,133.38699340820312,81.07689666748047,198.63050842285156,84.57472229003906,142.42430114746094,136.46310424804688,46.393489837646484,259.4932556152344,19.91127586364746,29.786344528198242,117.92312622070312,52.149131774902344
2021-07-01,133.68887329101562,81.0518569946289,197.79078674316406,85.76171112060547,143.4790802001953,137.814208984375,46.26487731933594,260.1639404296875,20.11981964111328,30.090600967407227,118.19406127929688,52.297943115234375
2021-07-02,136.30874633789062,81.50254821777344,198.7490997314453,85.648681640625,146.08990478515625,137.681884765625,46.4535026550293,265.9591064453125,20.3935604095459,30.219898223876953,118.77088165283203,52.223533630371094
2021-07-06,138.31500244140625,81.41075897216797,194.87928771972656,83.9691162109375,145.21676635742188,135.36996459960938,46.19628143310547,265.9687805175781,20.604095458984375,29.885221481323242,118.84078979492188,50.73545837402344
2021-07-07,140.79849243164062,82.5291519165039,195.94715881347656,83.11319732666016,146.46165466308594,135.52877807617188,46.57352828979492,268.1430969238281,20.278841018676758,29.93086051940918,119.73219299316406,49.941810607910156
2021-07-08,139.5031280517578,82.01168060302734,193.5923614501953,82.84673309326172,146.1764373779297,133.19041442871094,46.41063690185547,265.7388610839844,19.811979293823242,29.854795455932617,119.71472930908203,49.71859359741211
2021-07-09,141.32435607910156,83.2386245727539,198.43878173828125,84.03374481201172,146.75559997558594,137.4524688720703,46.69357681274414,266.2369079589844,19.958803176879883,30.128625869750977,119.75846862792969,50.61970520019531
2021-07-12,140.73025512695312,85.07481384277344,199.49755859375,84.20329284667969,146.52223205566406,139.42018127441406,46.710723876953125,265.64306640625,20.418947219848633,30.24272346496582,119.85456085205078,50.57011032104492
2021-07-13,141.8405303955078,83.32205200195312,196.40347290039062,83.92069244384766,146.34066772460938,137.3465576171875,47.1737060546875,269.14892578125,20.157642364501953,30.159048080444336,119.70601654052734,50.33035659790039
2021-07-14,145.25897216796875,82.33719635009766,193.1634063720703,82.33804321289062,147.33485412597656,136.87884521484375,48.23686599731445,270.614501953125,19.75100326538086,30.387237548828125,120.58870697021484,49.214298248291016
2021-07-15,144.6064453125,85.55054473876953,192.95350646972656,81.79703521728516,145.5625457763672,137.17889404296875,48.391204833984375,269.1967468261719,18.87974739074707,30.493728637695312,121.61997985839844,48.734806060791016
2021-07-16,142.5709991455078,85.30013275146484,189.7955322265625,79.63298797607422,145.32911682128906,134.04640197753906,48.356910705566406,268.9285888671875,18.078166961669922,30.69149398803711,122.79981231689453,47.387264251708984
2021-07-19,138.7337646484375,83.2386245727539,186.3454132080078,77.48511505126953,144.2744140625,129.68727111816406,47.78245162963867,265.3459777832031,18.694101333618164,30.53937530517578,122.73863220214844,45.758628845214844
2021-07-20,142.3372039794922,86.66897583007812,190.82327270507812,77.94536590576172,145.6317138671875,132.1050567626953,47.86819076538086,267.558837890625,18.527114868164062,31.223936080932617,122.08316802978516,46.262939453125
2021-07-21,141.60678100585938,88.29651641845703,193.36502075195312,80.60196685791016,146.5308837890625,134.88465881347656,48.48551940917969,269.55126953125,19.321474075317383,31.20111846923828,121.65489959716797,47.75101852416992
2021-07-22,142.97027587890625,91.91885375976562,191.92440795898438,79.79449462890625,146.95448303222656,133.18161010742188,48.41693115234375,274.0916748046875,19.50463104248047,31.54340362548828,121.1888198852539,47.213645935058594
2021-07-23,144.68435668945312,92.89537811279297,192.26390075683594,79.8267822265625,148.51925659179688,132.92568969726562,48.87990951538086,277.4729919433594,19.468799591064453,31.7031307220459,122.93893432617188,47.15578079223633
2021-07-26,145.1031036376953,94.55630493164062,193.64027404785156,81.514404296875,148.5884552001953,133.81690979003906,48.922794342041016,276.87908935546875,19.206003189086914,31.80202293395996,123.36985778808594,48.346248626708984
2021-07-27,142.9410858154297,95.32417297363281,192.60340881347656,81.2398681640625,149.2714385986328,133.6404266357422,49.094268798828125,274.4747619628906,19.120391845703125,32.02260208129883,123.8711166381836,47.808895111083984
2021-07-28,141.19775390625,95.44937896728516,194.0164794921875,81.70013427734375,148.85646057128906,133.86106872558594,48.648433685302734,274.16827392578125,19.414051055908203,33.04945373535156,122.03308868408203,48.13130187988281
2021-07-29,141.8405303955078,97.40242767333984,195.04420471191406,82.82251739501953,148.85646057128906,135.00816345214844,48.91421127319336,274.4364318847656,19.572324752807617,32.842227935791016,122.6662826538086,48.71828079223633
2021-07-30,142.05482482910156,96.78946685791016,189.71298217773438,82.20883178710938,148.87379455566406,133.93165588378906,48.897071838378906,272.91339111328125,19.41006851196289,32.857574462890625,125.08480072021484,47.59394073486328
2021-08-02,141.7236785888672,96.72229766845703,188.25401306152344,82.06348419189453,148.9342803955078,133.39337158203125,48.76845932006836,272.8272399902344,19.659923553466797,33.74022674560547,124.77699279785156,47.602203369140625
2021-08-03,143.5157012939453,96.69711303710938,191.31874084472656,82.84673309326172,150.76712036132812,134.9111328125,48.80275344848633,275.0303955078125,19.724620819091797,35.06036376953125,126.597412109375,48.114776611328125
2021-08-04,143.1163787841797,98.03218841552734,187.66673278808594,80.98955535888672,149.87660217285156,133.4551239013672,48.099693298339844,274.4460754394531,20.18153190612793,34.68428039550781,125.26065826416016,46.990440368652344
2021-08-05,143.2234649658203,97.15052795410156,190.11671447753906,81.74049377441406,150.1619415283203,135.1405029296875,48.44265365600586,277.329345703125,20.542879104614258,34.584495544433594,125.32223510742188,47.288055419921875
2021-08-06,142.5407257080078,95.96659088134766,191.18109130859375,82.3218765258789,149.6605224609375,138.97898864746094,48.56268310546875,277.2718505859375,20.273109436035156,34.5921745300293,124.36363983154297,47.83369064331055
2021-08-09,142.49197387695312,95.92461395263672,191.67662048339844,80.94918060302734,150.1792449951172,138.82899475097656,48.571258544921875,276.18939208984375,20.202434539794922,35.290611267089844,125.04081726074219,47.288055419921875
2021-08-10,142.01405334472656,95.57193756103516,196.4297637939453,82.42684936523438,150.2310791015625,140.53204345703125,48.69986343383789,274.37896728515625,19.84507942199707,36.986839294433594,125.11996459960938,48.098243713378906
2021-08-11,142.26763916015625,96.10933685302734,203.3943328857422,83.04861450195312,150.25701904296875,142.20863342285156,48.63985061645508,274.8675231933594,19.609163284301758,35.54389572143555,125.42777252197266,48.238773345947266
2021-08-12,145.2230224609375,95.3032455444336,202.0913848876953,82.87904357910156,151.46734619140625,142.76451110839844,48.73415756225586,277.6070556640625,19.814218521118164,36.25769805908203,125.71800994873047,48.129676818847656
2021-08-13,145.42787170410156,96.39482116699219,200.55899047851562,82.32994842529297,152.3751220703125,141.16738891601562,49.06854248046875,280.5191650390625,20.095924377441406,37.20941162109375,126.3248062133789,47.64292907714844
2021-08-16,147.39810180664062,96.36123657226562,199.76986694335938,81.49018096923828,153.74977111816406,140.24082946777344,49.28288650512695,282.1954345703125,19.859010696411133,37.539451599121094,127.20429992675781,46.94636154174805
2021-08-17,146.49099731445312,94.72386169433594,195.85169982910156,81.3367691040039,155.15896606445312,138.54660034179688,49.111419677734375,280.7394104003906,19.36925506591797,38.69841003417969,127.41536712646484,46.62746810913086
2021-08-18,142.75531005859375,93.56510162353516,192.52081298828125,79.1353759765625,153.1878204345703,137.2847900390625,48.44265365600586,279.021484375,18.953161239624023,37.84646224975586,126.02581024169922,45.64555740356445
2021-08-19,143.08692932128906,92.6750717163086,187.60250854492188,77.16312408447266,154.38087463378906,136.13763427734375,48.75131607055664,284.8182373046875,19.70770263671875,37.45501708984375,127.5121078491211,44.2524528503418
2021-08-20,144.54022216796875,95.13531494140625,188.05210876464844,77.17131805419922,155.133056640625,136.5259246826172,48.56268310546875,292.1025695800781,20.72106170654297,37.39362716674805,127.60001373291016,44.26084899902344
2021-08-23,146.0228271484375,97.20930480957031,191.90603637695312,79.15992736816406,154.46337890625,138.2730712890625,48.391204833984375,292.3808898925781,21.85785484313965,38.32231903076172,126.94925689697266,46.08197021484375
2021-08-24,145.93502807617188,99.14056396484375,195.0717315673828,80.06832122802734,152.53271484375,139.12901306152344,48.022525787353516,290.4326477050781,21.693605422973633,37.13265609741211,125.92025756835938,46.45960998535156
2021-08-25,144.7060546875,100.35807800292969,197.06292724609375,80.61662292480469,151.52389526367188,141.99684143066406,48.07395935058594,289.84722900390625,22.1116886138916,36.46492004394531,125.47175598144531,46.54353332519531
2021-08-26,143.90626525878906,102.33972930908203,193.83294677734375,79.56092834472656,150.71507263183594,142.72926330566406,47.619564056396484,287.0448303222656,21.96735382080078,36.36513900756836,125.25187683105469,45.91411590576172
2021-08-27,144.940185546875,104.30458068847656,195.2919921875,80.7229995727539,150.393310546875,143.87635803222656,47.713863372802734,287.64947509765625,22.53276252746582,35.766483306884766,125.15515899658203,46.80370330810547
2021-08-30,149.34881591796875,104.46410369873047,194.02569580078125,80.51840209960938,151.02813720703125,141.5732879638672,48.168270111083984,291.3635559082031,22.584524154663086,35.889278411865234,125.70042419433594,46.29176330566406
2021-08-31,148.09060668945312,105.5724868774414,193.49349975585938,79.19266510009766,150.56719970703125,141.1409149169922,48.27974319458008,289.72247314453125,22.286836624145508,35.35968780517578,125.22552490234375,45.75466537475586
2021-09-01,148.75381469726562,107.07550048828125,190.82327270507812,78.3251953125,151.0977325439453,140.9379119873047,48.60554504394531,289.6744384765625,22.342594146728516,35.336666107177734,126.50069427490234,45.1252326965332
2021-09-02,149.86575317382812,107.74724578857422,194.3284912109375,79.9619369506836,152.1326446533203,141.59092712402344,48.67414474487305,289.0218505859375,22.297788619995117,35.950679779052734,126.597412109375,46.22463607788086
2021-09-03,150.499755859375,108.3182373046875,193.03466796875,79.78189086914062,152.22828674316406,140.73497009277344,48.63985061645508,289.0122985839844,22.742826461791992,35.950679779052734,126.68537902832031,46.04839324951172
2021-09-07,152.8308563232422,106.69764709472656,191.07106018066406,79.42998504638672,149.86279296875,140.48793029785156,47.731014251708984,288.0909423828125,22.562618255615234,35.8816032409668,126.21049499511719,45.77983474731445
2021-09-08,151.289794921875,107.73885345458984,189.73133850097656,78.8816909790039,149.49754333496094,139.8614044189453,48.374046325683594,288.1197509765625,22.241037368774414,35.697391510009766,127.16909790039062,45.3602294921875
2021-09-09,150.2754364013672,108.66249084472656,188.49258422851562,78.56251525878906,146.16665649414062,140.4702911376953,47.893924713134766,285.27886962890625,22.079744338989258,35.32898712158203,126.63264465332031,45.393798828125
2021-09-10,145.30101013183594,108.09989929199219,188.11630249023438,78.61980438232422,145.21002197265625,138.85546875,47.679569244384766,283.8009948730469,22.379430770874023,34.99128723144531,126.75575256347656,45.301483154296875
2021-09-13,145.8667755126953,108.49457550048828,189.2083282470703,80.1747055053711,144.19247436523438,141.0615234375,48.07395935058594,285.02935791015625,22.054859161376953,34.21609878540039,128.11891174316406,46.46800231933594
2021-09-14,144.47198486328125,109.66171264648438,185.65719604492188,78.72618865966797,143.3228302001953,138.59957885742188,48.108524322509766,287.7166748046875,22.14446449279785,34.31585693359375,127.89905548095703,45.80501937866211
2021-09-15,145.3595733642578,113.02041625976562,188.7770233154297,80.3956527709961,143.86203002929688,139.56138610839844,48.27266311645508,292.54412841796875,22.243024826049805,34.36191177368164,127.62642669677734,47.34919357299805
2021-09-16,145.12545776367188,113.3898696899414,186.8225860595703,79.64274597167969,143.68807983398438,139.49964904785156,47.81480407714844,292.927978515625,22.14446449279785,34.131656646728516,126.7381591796875,46.84566116333008
2021-09-17,142.4626922607422,112.20592498779297,183.28981018066406,79.18448638916016,143.27931213378906,139.13784790039062,47.02869415283203,287.7934265136719,21.8039608001709,33.686500549316406,126.9404525756836,46.29176330566406
2021-09-20,139.41954040527344,104.08623504638672,175.095703125,77.56413269042969,142.4618377685547,134.972900390625,46.7004280090332,282.44775390625,21.02041244506836,33.92442321777344,125.66526794433594,45.058109283447266
2021-09-21,139.89752197265625,107.11748504638672,174.19644165039062,77.62142181396484,143.08798217773438,134.99053955078125,46.69178009033203,282.92755126953125,21.152828216552734,33.70951843261719,125.85870361328125,45.01614761352539
2021-09-22,142.25791931152344,105.6480484008789,175.5819854736328,79.90462493896484,142.56617736816406,137.57598876953125,46.760887145996094,286.5552978515625,21.84477996826172,33.732547760009766,126.28965759277344,46.333736419677734
2021-09-23,143.21371459960938,106.71443176269531,180.417724609375,81.88506317138672,143.375,142.2262420654297,46.68315887451172,287.495849609375,22.383413314819336,33.916751861572266,126.80851745605469,47.9030876159668
2021-09-24,143.30152893066406,105.04350280761719,180.60125732421875,82.32698059082031,142.94015502929688,143.86752319335938,46.55356979370117,287.2943420410156,21.98416519165039,33.72486877441406,126.24565887451172,48.331092834472656
2021-09-27,141.78968811035156,103.56563568115234,183.51918029785156,84.26651000976562,141.90524291992188,147.34422302246094,46.31169509887695,282.3230285644531,21.565011978149414,33.44088363647461,124.58351135253906,49.76616668701172
2021-09-28,138.4149169921875,99.2329330444336,184.02389526367188,84.58564758300781,141.5921630859375,146.55007934570312,45.4737434387207,272.101806640625,20.608226776123047,33.03409957885742,123.64248657226562,50.28649139404297
2021-09-29,139.3122100830078,99.85429382324219,181.56471252441406,84.56111145019531,142.64447021484375,146.43533325195312,45.750186920166016,272.5625,20.42702865600586,33.41018295288086,124.9001235961914,50.252925872802734
2021-09-30,138.01502990722656,97.68791961669922,176.15090942382812,83.0225830078125,140.45285034179688,144.4410858154297,45.32688522338867,270.5663146972656,20.62515640258789,33.011077880859375,122.94772338867188,49.36334228515625
2021-10-01,139.1366729736328,97.19252014160156,178.31649780273438,85.37947845458984,139.55712890625,147.47654724121094,45.802005767822266,277.4571838378906,20.65104103088379,32.94968795776367,122.75421905517578,51.13411331176758
2021-10-04,135.713134765625,93.16207122802734,177.21531677246094,85.6986312866211,138.46998596191406,147.3177490234375,45.77608871459961,271.7083740234375,19.64546775817871,32.55823516845703,122.05944061279297,51.79710006713867
2021-10-05,137.63465881347656,96.4032211303711,176.6372528076172,86.63154602050781,138.78309631347656,149.7234649658203,45.85383605957031,277.1308898925781,20.361316680908203,32.48148727416992,122.53439331054688,51.71318435668945
2021-10-06,138.50270080566406,95.61393737792969,176.04995727539062,85.87047576904297,139.07008361816406,150.04307556152344,46.3980712890625,281.3056640625,20.609222412109375,32.2512321472168,124.170166015625,50.764854431152344
2021-10-07,139.7609100341797,96.79788208007812,179.61941528320312,86.4842529296875,140.313720703125,150.99290466308594,46.54493713378906,282.9755859375,20.982576370239258,32.80384063720703,125.16395568847656,50.90752029418945
2021-10-08,139.38050842285156,97.76349639892578,179.07806396484375,88.42375946044922,139.95713806152344,151.1083221435547,46.75226593017578,282.9755859375,20.73964500427246,32.581268310546875,124.64505767822266,52.183143615722656
2021-10-11,139.29275512695312,96.176513671875,176.99513244628906,87.67086791992188,139.36575317382812,147.93026733398438,46.8472900390625,282.3805847167969,20.604248046875,32.28193283081055,125.16395568847656,51.66282272338867
2021-10-12,138.02474975585938,97.35205841064453,174.26986694335938,87.68724822998047,137.13938903808594,146.79396057128906,46.8472900390625,281.08502197265625,20.58034896850586,32.120758056640625,124.97926330566406,51.3942756652832
2021-10-13,137.43951416015625,99.66116333007812,173.37062072753906,88.21099090576172,138.45262145996094,142.92347717285156,46.85592269897461,284.3767395019531,20.847171783447266,31.790725708007812,125.26947021484375,51.25160217285156
2021-10-14,140.21932983398438,102.46569061279297,178.31649780273438,89.04570770263672,139.24404907226562,145.1161651611328,47.1755485534668,290.5574645996094,21.65064239501953,31.982595443725586,126.68537902832031,52.03208541870117
2021-10-15,141.27276611328125,103.30534362792969,182.61996459960938,89.70040130615234,140.2789306640625,147.9036102294922,47.06325912475586,291.9586181640625,21.766128540039062,31.844459533691406,127.01078796386719,52.527225494384766
2021-10-18,142.94065856933594,103.96031188964844,181.84913635253906,89.65948486328125,139.25271606445312,147.85040283203125,46.59676742553711,294.9146423339844,22.124549865722656,31.71396255493164,125.1815185546875,52.502052307128906
2021-10-19,145.0962677001953,106.4625473022461,184.56527709960938,91.41077423095703,142.5139923095703,149.6435546875,46.77817916870117,295.8167724609375,22.19224739074707,32.30495834350586,123.70404052734375,53.29092025756836
2021-10-20,145.5839080810547,108.05792999267578,187.3639373779297,92.6055908203125,142.43576049804688,151.65870666503906,47.19282531738281,295.0296936035156,22.006072998046875,32.84990692138672,124.18775177001953,53.584651947021484
2021-10-21,145.79849243164062,111.27389526367188,185.4828643798828,91.44351196289062,142.1052703857422,150.46914672851562,46.95094299316406,298.24481201171875,22.592485427856445,32.89595031738281,123.29401397705078,52.61115646362305
2021-10-22,145.02793884277344,115.56463623046875,185.13226318359375,92.31095886230469,142.38356018066406,152.49317932128906,47.03733825683594,296.7092590332031,22.626340866088867,33.12621307373047,124.62134552001953,52.97201156616211
2021-10-25,144.97915649414062,117.19358825683594,186.5716094970703,93.17024230957031,142.69662475585938,151.74749755859375,46.8472900390625,295.7208251953125,23.06441307067871,33.1185302734375,124.63902282714844,54.0042724609375
2021-10-26,145.64242553710938,119.36837005615234,184.20034790039062,93.37483978271484,144.14898681640625,152.1558074951172,47.05461120605469,297.62103271484375,24.60860824584961,33.433223724365234,126.40886688232422,55.25471496582031
2021-10-27,145.18399047851562,114.6073989868164,180.96182250976562,91.71356201171875,142.4009552001953,148.98666381835938,47.961666107177734,310.15509033203125,24.343772888183594,32.98037338256836,125.50626373291016,53.819637298583984
2021-10-28,148.8123779296875,117.02565002441406,188.3061981201172,92.57284545898438,141.62693786621094,151.2325439453125,48.4108772277832,311.28759765625,24.831623077392578,33.14155197143555,126.2584457397461,53.970703125
2021-10-29,146.110595703125,117.14413452148438,188.23240661621094,93.6939926147461,141.65304565429688,150.8153839111328,48.69595718383789,318.26483154296875,25.45488166809082,33.571372985839844,126.53276062011719,54.104984283447266
2021-11-01,145.29129028320312,116.42481231689453,189.4964599609375,93.72672271728516,141.77476501464844,150.73545837402344,48.52317428588867,316.1053771972656,25.71373748779297,33.494606018066406,126.2230453491211,55.0784912109375
2021-11-02,146.32516479492188,121.80724334716797,191.1018829345703,93.15388488769531,144.0098419189453,151.33026123046875,48.462703704833984,319.7139892578125,26.28522300720215,34.88383102416992,127.47958374023438,54.398712158203125
2021-11-03,147.7589874267578,122.28962707519531,187.80795288085938,92.4828109741211,143.54891967773438,151.38351440429688,48.62683868408203,320.54888916015625,26.481355667114258,34.40028762817383,128.3556671142578,53.651790618896484
2021-11-04,147.24203491210938,122.31502532958984,187.84487915039062,92.8919906616211,143.1488800048828,149.39500427246094,48.89463806152344,322.8906555175781,29.67031478881836,33.95121765136719,128.59458923339844,54.054622650146484
2021-11-05,147.76950073242188,120.63932800292969,189.957763671875,93.89857482910156,142.13134765625,149.18197631835938,49.10196304321289,322.5260314941406,29.62152671813965,37.636688232421875,129.231689453125,54.56655502319336
2021-11-08,146.94900512695312,120.20772552490234,197.68048095703125,94.23412322998047,141.64434814453125,150.0785675048828,48.661407470703125,323.4184875488281,30.668914794921875,37.41988754272461,128.2671661376953,55.15400695800781
2021-11-09,147.31039428710938,123.88911437988281,193.58383178710938,94.92971801757812,141.33120727539062,148.9422607421875,48.799617767333984,322.42034912109375,30.52255630493164,36.62240982055664,128.6565704345703,55.69111633300781
2021-11-10,144.4874725341797,118.0242919921875,190.6866912841797,93.41575622558594,142.86190795898438,148.8002166748047,48.9983024597168,317.4777526855469,29.329811096191406,37.95413589477539,129.9219207763672,54.59396743774414
2021-11-11,144.43865966796875,119.5984115600586,192.40281677246094,93.42393493652344,141.8095703125,148.7913818359375,49.015586853027344,319.0421142578125,30.25672721862793,38.85226821899414,129.55027770996094,54.696022033691406
2021-11-12,146.50942993164062,121.02017974853516,193.0856170654297,93.48123168945312,143.5054473876953,148.1255645751953,48.903282165527344,323.15936279296875,30.25672721862793,38.50385665893555,129.6918487548828,54.27928161621094
2021-11-15,146.51919555664062,120.85093688964844,191.64625549316406,95.60076141357422,142.2096405029297,147.85926818847656,48.91191482543945,322.53558349609375,29.893333435058594,38.441917419433594,130.4351806640625,54.74705505371094
2021-11-16,147.49598693847656,122.05265045166016,189.54258728027344,95.97722625732422,141.47039794921875,146.79396057128906,48.566375732421875,325.8370361328125,30.07054901123047,38.40320587158203,130.24937438964844,55.29988098144531
2021-11-17,149.92819213867188,122.78047180175781,187.28207397460938,95.5467529296875,142.00088500976562,146.00389099121094,48.29856872558594,326.0581359863281,29.132678985595703,39.386512756347656,130.16973876953125,54.696022033691406
2021-11-18,154.20654296875,124.2784194946289,185.84266662597656,94.74375915527344,141.23561096191406,144.7433319091797,47.866634368896484,328.12530517578125,31.536094665527344,39.80461120605469,130.1874237060547,54.100669860839844
2021-11-19,156.82437133789062,123.93145751953125,184.9385223388672,92.64112091064453,141.66172790527344,142.8524932861328,47.62477111816406,329.8944396972656,32.840354919433594,39.33230972290039,129.9219207763672,51.600181579589844
2021-11-22,157.2834930419922,122.19652557373047,186.7284393310547,94.29674530029297,139.7971954345703,145.89739990234375,47.918479919433594,326.7408142089844,31.81586456298828,39.64201736450195,130.7891387939453,52.314605712890625
2021-11-23,157.66444396972656,123.1528549194336,189.4503173828125,96.27525329589844,140.66380310058594,149.38613891601562,48.27266311645508,324.6736145019531,31.606788635253906,39.54910659790039,132.24041748046875,53.69242858886719
2021-11-24,158.18212890625,125.44629669189453,191.05577087402344,97.01200103759766,140.26988220214844,148.21435546875,47.883914947509766,324.8947448730469,32.53071594238281,39.40199661254883,131.55014038085938,53.99010467529297
2021-11-26,153.17115783691406,121.7057113647461,183.3607177734375,94.79344177246094,139.35948181152344,143.7490997314453,46.41535568237305,316.98175048828125,31.364849090576172,41.809940338134766,130.49713134765625,52.093482971191406
2021-11-29,156.52159118652344,125.99640655517578,180.76805114746094,95.07491302490234,139.84091186523438,143.127685546875,47.149635314941406,323.6640319824219,33.229637145996094,40.57113265991211,131.86874389648438,52.38264465332031
2021-11-30,161.4641571044922,119.70843505859375,178.39683532714844,93.43582916259766,136.4970245361328,140.9971466064453,45.660980224609375,317.8566589355469,32.5327033996582,41.600894927978516,127.93975067138672,50.894256591796875
2021-12-01,160.9464569091797,116.49250030517578,176.6622314453125,92.79838562011719,138.37905883789062,140.16268920898438,45.5303955078125,317.3663024902344,31.300979614257812,42.33643341064453,129.55027770996094,50.85174560546875
2021-12-02,159.95989990234375,119.53070831298828,181.57077026367188,95.3149642944336,137.51242065429688,143.1099395751953,46.20072555541992,316.79901123046875,31.989030838012695,41.0666618347168,130.31129455566406,52.118995666503906
2021-12-03,158.08445739746094,114.4614028930664,182.502685546875,94.7106704711914,139.51705932617188,140.51776123046875,46.609886169433594,310.56866455078125,30.5621395111084,42.01898956298828,132.6297149658203,51.78729248046875
2021-12-06,161.4836883544922,114.01286315917969,185.7135467529297,96.19245147705078,142.63339233398438,142.1777801513672,47.80255889892578,313.62615966796875,29.908939361572266,39.85881042480469,134.6385040283203,52.3741455078125
2021-12-07,167.20765686035156,117.91426086425781,188.67526245117188,97.61627960205078,143.00103759765625,144.31724548339844,48.06373596191406,322.0198974609375,32.28874588012695,40.04462432861328,134.28453063964844,52.96099090576172
2021-12-08,171.01719665527344,114.53755950927734,188.39846801757812,98.05503845214844,143.85890197753906,142.66610717773438,47.88090515136719,322.0679931640625,31.6903133392334,39.79686737060547,134.88626098632812,53.11408996582031
2021-12-09,170.50924682617188,113.39507293701172,188.34310913085938,97.79841613769531,145.2244873046875,142.44415283203125,47.759029388427734,320.2700500488281,30.360004425048828,40.3233642578125,135.67381286621094,53.25016784667969
2021-12-10,175.28579711914062,113.23426818847656,187.72496032714844,97.96397399902344,144.8655548095703,141.87599182128906,48.99522018432617,329.3465270996094,30.069250106811523,40.8653450012207,137.56753540039062,53.590362548828125
2021-12-13,171.661865234375,109.17205047607422,185.6858367919922,95.92755126953125,147.45672607421875,140.18934631347656,50.28365707397461,326.327392578125,28.040937423706055,42.73904800415039,139.52317810058594,52.41667938232422
2021-12-14,170.2845916748047,107.23403930664062,186.0457000732422,96.20901489257812,149.0673828125,141.2634735107422,50.318485260009766,315.6933898925781,28.2161865234375,43.00230407714844,140.03640747070312,52.340126037597656
2021-12-15,175.13931274414062,108.21573638916016,186.8852996826172,95.66262817382812,149.8114471435547,140.2071075439453,50.54483413696289,321.76025390625,30.329137802124023,45.5263786315918,140.5762176513672,52.11048889160156
2021-12-16,168.2626190185547,104.8813247680664,190.22535705566406,96.55669403076172,151.44839477539062,142.39974975585938,51.0584602355957,312.38580322265625,28.265975952148438,47.423309326171875,142.56724548339844,52.19553756713867
2021-12-17,167.1686553955078,104.32276153564453,185.79656982421875,94.04012298583984,147.26409912109375,139.1595458984375,50.25754165649414,311.32818603515625,27.682472229003906,46.0528678894043,139.33737182617188,51.055850982666016
2021-12-20,165.81088256835938,101.31843566894531,180.34364318847656,94.08153533935547,146.84396362304688,136.65615844726562,50.092140197753906,307.588134765625,27.60082244873047,47.2452278137207,139.69129943847656,50.31591796875
2021-12-21,168.97569274902344,104.4497299194336,182.9732208251953,95.58815002441406,146.37123107910156,138.56478881835938,50.292362213134766,314.6838684082031,28.9510440826416,45.642520904541016,139.6028289794922,51.45560073852539
2021-12-22,171.56419372558594,110.44996643066406,186.51625061035156,96.13450622558594,147.00148010253906,139.10629272460938,50.6492919921875,320.3662109375,29.274658203125,46.10706329345703,140.98326110839844,51.87234878540039
2021-12-23,172.1893768310547,114.24980926513672,190.25306701660156,96.36629486083984,147.2816162109375,139.60342407226562,50.684120178222656,321.79876708984375,29.513635635375977,45.45669174194336,141.67347717285156,51.89786148071289
2021-12-27,176.14540100097656,114.33446502685547,190.4191131591797,98.33650207519531,148.52464294433594,140.40237426757812,51.0584602355957,329.25982666015625,30.813072204589844,45.836082458496094,143.32827758789062,52.63780212402344
2021-12-28,175.12954711914062,111.18623352050781,190.64056396484375,98.1460952758789,149.11993408203125,140.82847595214844,51.25868606567383,328.1060485839844,30.19272804260254,44.91471481323242,144.09812927246094,52.467708587646484
2021-12-29,175.21743774414062,108.7573471069336,191.29563903808594,97.6411361694336,150.17037963867188,140.75746154785156,51.31963348388672,328.779052734375,29.87309455871582,44.581790924072266,145.2927703857422,52.00843811035156
2021-12-30,174.06480407714844,108.74887084960938,190.14230346679688,97.2106704711914,150.8356475830078,140.68643188476562,51.171627044677734,326.2504577636719,29.459861755371094,45.2166748046875,144.03619384765625,51.702239990234375
2021-12-31,173.44940185546875,109.50210571289062,190.75125122070312,97.14444732666016,149.7501678466797,140.57102966308594,51.54597091674805,323.3660583496094,29.285608291625977,45.719947814941406,144.7529754638672,52.04244613647461
2022-01-03,177.78639221191406,107.16634368896484,190.99114990234375,98.72557067871094,150.16162109375,143.54493713378906,51.624324798583984,321.85650634765625,29.99258041381836,43.86172866821289,144.15121459960938,54.0411376953125
2022-01-04,175.5299835205078,105.7361068725586,201.21426391601562,100.5219497680664,149.75892639160156,148.98666381835938,52.48618698120117,316.33758544921875,29.16512680053711,42.220298767089844,144.6556396484375,56.073856353759766
2022-01-05,170.86094665527344,99.6850814819336,202.755126953125,101.17591857910156,150.7568359375,146.26287841796875,52.92146301269531,304.1940002441406,27.486312866210938,43.071983337402344,145.3104705810547,56.77126693725586
2022-01-06,168.00865173339844,100.8445053100586,204.82188415527344,102.03685760498047,150.24037170410156,147.8167724609375,52.64289855957031,301.7903747558594,28.057863235473633,42.46031188964844,144.0892791748047,58.1065559387207
2022-01-07,168.17474365234375,98.72029876708984,206.8517303466797,103.50208282470703,152.27125549316406,149.28134155273438,52.52100372314453,301.9441833496094,27.130834579467773,43.141658782958984,144.0096893310547,58.58283233642578
2022-01-10,168.19427490234375,97.08694458007812,204.4989471435547,103.5683364868164,151.5184326171875,149.42428588867188,52.608055114746094,302.1653137207031,27.283184051513672,43.544281005859375,142.045166015625,58.234134674072266
2022-01-11,171.01719665527344,102.65557861328125,202.9396514892578,105.93588256835938,149.90774536132812,149.57608032226562,52.62547302246094,302.84796142578125,27.698410034179688,43.8926887512207,140.39920043945312,60.68359375
2022-01-12,171.456787109375,103.53572082519531,205.20016479492188,105.40607452392578,148.6296844482422,150.42445373535156,52.703819274902344,306.01123046875,27.8796329498291,43.86172866821289,140.70895385742188,60.50497817993164
2022-01-13,168.19427490234375,100.65831756591797,209.44444274902344,104.96733093261719,147.72805786132812,150.23692321777344,53.01721954345703,293.05999755859375,26.461698532104492,43.00230407714844,140.0718231201172,60.07121276855469
2022-01-14,169.0538330078125,98.27176666259766,211.234375,106.75540924072266,146.9227294921875,141.0028533935547,53.44379806518555,298.25201416015625,26.827138900756836,42.545494079589844,141.41685485839844,61.125858306884766
2022-01-18,165.85971069335938,96.409912109375,212.0924530029297,107.10309600830078,146.2749786376953,135.0908966064453,53.01721954345703,290.99285888671875,25.79256820678711,41.89509963989258,138.69137573242188,62.15496063232422
2022-01-19,162.37258911132812,95.00508117675781,205.50975036621094,106.71400451660156,145.81976318359375,133.0011749267578,53.10428237915039,291.64654541015625,24.96013069152832,41.45377731323242,143.35482788085938,62.18047332763672
2022-01-20,160.69248962402344,94.41267395019531,200.84625244140625,106.33321380615234,144.655517578125,131.8669891357422,52.88664245605469,289.9833068847656,24.04703712463379,41.84865188598633,144.12887573242188,62.316558837890625
2022-01-21,158.64122009277344,92.90625,198.4913330078125,105.05838775634766,144.32286071777344,129.56289672851562,52.62547302246094,284.6278076171875,23.274351119995117,40.87308883666992,144.68045043945312,61.381011962890625
2022-01-24,157.86956787109375,92.57620239257812,198.71383666992188,105.28187561035156,142.65966796875,129.44686889648438,52.19890594482422,284.9547119140625,23.272357940673828,39.905269622802734,143.50608825683594,61.90830612182617
2022-01-25,156.072265625,93.2955551147461,198.69529724121094,109.76038360595703,146.73890686035156,130.85787963867188,52.077022552490234,277.378173828125,22.228822708129883,40.67953109741211,141.940185546875,63.72838592529297
2022-01-26,155.9843292236328,94.33650207519531,198.67674255371094,109.84317779541016,147.39541625976562,132.0991973876953,51.885501861572266,285.2817077636719,22.674917221069336,41.043418884277344,140.70355224609375,63.082000732421875
2022-01-27,155.5252227783203,100.74292755126953,196.711181640625,112.06170654296875,149.33001708984375,129.76832580566406,51.92902374267578,288.2911376953125,21.85044288635254,41.63633728027344,141.57545471191406,63.889991760253906
2022-01-28,166.37744140625,105.17752838134766,186.50341796875,108.1213150024414,150.38043212890625,130.9292755126953,52.96499252319336,296.3868103027344,22.74262237548828,42.38527297973633,142.7943115234375,64.02608489990234
2022-01-31,170.7241668701172,111.68553924560547,186.87428283691406,108.71736145019531,150.818115234375,132.70648193359375,53.11298751831055,299.0020751953125,24.38160514831543,41.10584259033203,142.74984741210938,64.60441589355469
2022-02-01,170.55810546875,114.2074966430664,190.38812255859375,111.58159637451172,149.5838623046875,134.9837188720703,52.72123336791992,296.8675537109375,24.532958984375,41.40229034423828,142.11817932128906,68.74639129638672
2022-02-02,171.7595672607422,116.7717514038086,190.00799560546875,112.09483337402344,151.23831176757812,133.90318298339844,53.26097869873047,301.386474609375,25.134382247924805,42.01861572265625,144.6626434326172,68.56777954101562
2022-02-03,168.88778686523438,113.47966766357422,185.97491455078125,111.09315490722656,151.22955322265625,132.7957763671875,53.63532257080078,289.646728515625,23.84589958190918,41.64413833618164,146.03277587890625,67.76830291748047
2022-02-04,168.6041717529297,113.14604949951172,183.95379638671875,112.48389434814453,150.24037170410156,136.242919921875,53.0694580078125,294.1560974121094,24.215320587158203,41.34768295288086,143.710693359375,69.23968505859375
2022-02-07,167.8902130126953,112.6241455078125,185.2610321044922,114.6941909790039,149.7414093017578,136.69839477539062,53.62661361694336,289.3583679199219,24.622570037841797,41.511505126953125,142.6341552734375,70.07315826416016
2022-02-08,170.9906005859375,110.11738586425781,186.81861877441406,112.947509765625,150.13534545898438,139.27035522460938,53.97483825683594,292.8293151855469,25.000953674316406,40.33349609375,142.31390380859375,68.26160430908203
2022-02-09,172.40872192382812,115.15657806396484,188.76564025878906,114.06503295898438,150.11782836914062,139.85081481933594,53.13909912109375,299.2231140136719,26.591148376464844,40.15406036376953,141.9935760498047,67.934814453125
2022-02-10,168.340087890625,115.09668731689453,188.27426147460938,112.61634826660156,148.3058319091797,139.27035522460938,53.435089111328125,290.7333068847656,25.71390151977539,39.4753303527832,139.83168029785156,67.28128051757812
2022-02-11,164.93650817871094,105.71988677978516,186.5775909423828,114.90943145751953,146.80897521972656,137.45742797851562,52.48618698120117,283.6759948730469,23.846893310546875,39.61576461791992,139.0487823486328,68.975341796875
2022-02-14,165.17124938964844,103.6922378540039,185.32595825195312,113.13787841796875,144.96189880371094,136.180419921875,52.82570266723633,283.6374816894531,24.163545608520508,38.85121536254883,139.44912719726562,67.91761779785156
2022-02-15,168.99537658691406,106.90055847167969,188.58944702148438,112.30973815917969,146.4587860107422,138.17190551757812,53.02593231201172,288.8968200683594,26.382043838500977,38.843414306640625,139.52029418945312,67.06627655029297
2022-02-16,168.7606658935547,108.4661865234375,188.8026885986328,112.34320831298828,146.37123107910156,138.42193603515625,53.01721954345703,288.5596618652344,26.397972106933594,38.757598876953125,140.57901000976562,67.37586975097656
2022-02-17,165.17124938964844,104.9156723022461,180.55117797851562,111.76602172851562,145.47837829589844,135.23379516601562,54.079315185546875,280.11004638671875,24.402517318725586,38.14908981323242,142.18931579589844,67.2726821899414
2022-02-18,163.62596130371094,105.9679946899414,177.96444702148438,111.60706329345703,143.91897583007812,135.8678436279297,54.4449462890625,277.4122619628906,23.541202545166016,37.86043167114258,142.260498046875,66.52452850341797
2022-02-22,160.71142578125,104.05157470703125,177.27835083007812,110.75383758544922,141.96319580078125,135.62672424316406,54.218597412109375,277.20989990234375,23.2902774810791,37.080284118652344,140.50784301757812,65.75059509277344
2022-02-23,156.55471801757812,103.37569427490234,173.06915283203125,113.38884735107422,142.03366088867188,132.78683471679688,53.617916107177734,270.0320129394531,22.291553497314453,36.56538772583008,138.75515747070312,66.01716613769531
2022-02-24,159.1660919189453,103.76068115234375,171.2333984375,112.80329132080078,139.32022094726562,129.0896453857422,52.677696228027344,283.8289794921875,23.646751403808594,35.855464935302734,135.01849365234375,65.18304443359375
2022-02-25,161.22975158691406,110.1772689819336,173.4307403564453,117.4291763305664,146.2448272705078,132.14382934570312,54.71481704711914,286.4495849609375,24.05400848388672,37.228519439697266,140.78363037109375,66.93729400634766
2022-02-28,161.49378967285156,109.05651092529297,173.91285705566406,120.45734405517578,144.9849853515625,126.63378143310547,54.18377685546875,287.8755798339844,24.281038284301758,36.62001037597656,138.69285583496094,67.43605041503906
2022-03-01,159.6160125732422,105.88243865966797,169.5089569091797,125.24217987060547,144.48281860351562,121.8559341430664,53.94873046875,284.17584228515625,23.376903533935547,35.69163131713867,136.39747619628906,68.08098602294922
2022-03-02,162.9021759033203,111.40927124023438,178.57635498046875,128.93955993652344,146.28005981445312,124.38328552246094,54.349185943603516,289.224365234375,24.120847702026367,37.212913513183594,136.8245086669922,69.25053405761719
2022-03-03,162.57945251464844,107.6705322265625,180.6531524658203,130.67947387695312,148.42967224121094,123.4991683959961,54.384002685546875,285.1103820800781,23.616926193237305,37.3143310546875,137.3316650390625,69.6890869140625
2022-03-04,159.5866241455078,103.65802764892578,181.40415954589844,132.71218872070312,149.31065368652344,120.02522277832031,54.47106170654297,279.271728515625,22.84210777282715,37.95405197143555,138.025634765625,72.31185913085938
2022-03-07,155.8016357421875,93.28880310058594,182.3683624267578,135.54794311523438,151.71575927734375,115.39034271240234,53.17392349243164,268.7217712402344,21.264585494995117,37.43135070800781,135.97935485839844,74.91749572753906
2022-03-08,153.9824676513672,92.92948150634766,194.69932556152344,142.64993286132812,148.64111328125,114.57765197753906,51.06716537475586,265.77349853515625,21.42592430114746,37.010074615478516,130.5967559814453,75.48505401611328
2022-03-09,159.37144470214844,99.36317443847656,194.49534606933594,139.08639526367188,149.2049560546875,119.16790008544922,51.32832717895508,277.9613952636719,22.919790267944336,38.032066345214844,132.35833740234375,71.1939697265625
2022-03-10,155.03872680664062,99.97916412353516,196.35890197753906,142.89251708984375,149.46923828125,117.75690460205078,50.388126373291016,275.1576843261719,22.56524085998535,38.38312911987305,128.95083618164062,73.40399169921875
2022-03-11,151.3319854736328,99.28617095947266,199.17739868164062,142.95947265625,149.1961669921875,115.10453033447266,50.42295455932617,269.83941650390625,22.00952911376953,39.2178840637207,127.4205322265625,73.02561950683594
2022-03-14,147.3122100830078,93.04924774169922,199.74293518066406,139.46279907226562,151.25767517089844,116.24765014648438,51.35280990600586,266.34197998046875,21.2426815032959,40.7625732421875,129.0487060546875,70.41143035888672
2022-03-15,151.68406677246094,93.87055969238281,200.68865966796875,132.40272521972656,155.17808532714844,118.31057739257812,52.30022048950195,276.6607360839844,22.87895393371582,40.73136520385742,133.69285583496094,66.40412902832031
2022-03-16,156.08526611328125,99.28617095947266,200.3363037109375,131.9258575439453,153.7509002685547,123.59739685058594,52.15985870361328,283.6363220214844,24.395719528198242,41.28527069091797,133.2391357421875,66.15475463867188
2022-03-17,157.0926513671875,102.60569763183594,205.54685974121094,134.20956420898438,155.75955200195312,125.16021728515625,52.71250915527344,284.43597412109375,24.66461181640625,42.315067291259766,133.65721130371094,67.91761779785156
2022-03-18,160.37881469726562,105.1039047241211,204.8144073486328,135.2886505126953,154.03277587890625,125.11560821533203,52.721282958984375,289.4556579589844,26.344707489013672,42.52570343017578,133.58609008789062,67.65105438232422
2022-03-21,161.7481231689453,104.9071273803711,207.410400390625,137.722900390625,154.90496826171875,124.71369934082031,53.142356872558594,288.23199462890625,26.624553680419922,42.27605056762695,134.09320068359375,70.68660736083984
2022-03-22,165.112548828125,107.91007995605469,206.48324584960938,137.26280212402344,154.17373657226562,127.36604309082031,53.335330963134766,292.9530334472656,26.415416717529297,41.378883361816406,135.12522888183594,70.37703704833984
2022-03-23,166.4720458984375,105.89955139160156,205.98263549804688,138.7434539794922,153.59231567382812,124.82978057861328,52.98444366455078,288.54998779296875,25.5290584564209,40.715763092041016,134.1822052001953,71.48634338378906
2022-03-24,170.2472686767578,107.54219818115234,206.0196990966797,139.1115264892578,154.3851776123047,125.6424560546875,53.49323654174805,292.9915771484375,28.034757614135742,41.0278205871582,134.41346740722656,71.70132446289062
2022-03-25,170.88299560546875,105.91665649414062,207.08592224121094,141.62937927246094,155.8652801513672,126.74092864990234,53.97571563720703,292.5869140625,27.578636169433594,41.17605209350586,135.970458984375,73.26639556884766
2022-03-28,171.74366760253906,106.54120635986328,205.68592834472656,139.1533660888672,156.6669464111328,125.80322265625,54.31783676147461,299.3504943847656,28.103479385375977,41.56612014770508,136.90460205078125,71.2111587524414
2022-03-29,175.0299072265625,112.74392700195312,204.93492126464844,137.45523071289062,156.5876922607422,126.080078125,54.52836990356445,303.888427734375,28.5386905670166,41.14484786987305,138.310302734375,70.83280181884766
2022-03-30,173.86602783203125,108.85118103027344,206.82632446289062,138.42556762695312,158.217529296875,125.50850677490234,54.572227478027344,302.39501953125,27.576644897460938,40.910797119140625,137.35833740234375,72.0453109741211
2022-03-31,170.7754364013672,108.60308837890625,206.58523559570312,136.20883178710938,156.1383819580078,121.7398681640625,54.38800811767578,297.04779052734375,27.174301147460938,40.388099670410156,135.94374084472656,71.02198791503906
2022-04-01,170.48199462890625,109.62117767333984,203.7574920654297,137.37152099609375,156.98411560058594,120.837890625,55.15119552612305,298.11724853515625,26.60264778137207,40.23207092285156,137.98110961914062,71.47776794433594
2022-04-04,174.5213165283203,111.70872497558594,204.72169494628906,137.49700927734375,155.4688262939453,121.37373352050781,54.861717224121094,303.46453857421875,27.247995376586914,39.74058151245117,137.08253479003906,71.51214599609375
2022-04-05,171.21554565429688,105.75409698486328,200.2806854248047,136.6521759033203,156.47314453125,119.96124267578125,54.8003044128418,299.5238952636719,25.824846267700195,39.97462844848633,137.56295776367188,71.14237976074219
2022-04-06,168.0564727783203,101.15982818603516,200.45684814453125,137.86512756347656,160.5433349609375,118.296875,55.35295486450195,288.5596618652344,24.307079315185547,41.246273040771484,139.52920532226562,71.93352508544922
2022-04-07,168.35968017578125,98.9354019165039,200.16943359375,139.78070068359375,160.1292724609375,117.93701171875,55.65121078491211,290.3612976074219,24.108901977539062,43.03279495239258,141.3352508544922,73.1374282836914
2022-04-08,166.3546600341797,98.3621826171875,201.2171173095703,142.1480255126953,160.44639587402344,120.09619903564453,55.99333190917969,286.1220703125,23.024356842041016,43.04059982299805,142.43844604492188,74.67669677734375
2022-04-11,162.10995483398438,96.50564575195312,200.3085174560547,138.4925079345703,158.43772888183594,119.6553726196289,55.97578430175781,274.83978271484375,21.827274322509766,42.07321548461914,141.895751953125,72.1054916381836
2022-04-12,163.97804260253906,97.04463958740234,200.91114807128906,141.37843322753906,158.4906005859375,118.34185028076172,56.63371276855469,271.7567138671875,21.415969848632812,41.433494567871094,141.46868896484375,73.6103744506836
2022-04-13,166.6578826904297,99.61983489990234,202.36679077148438,143.6035614013672,159.1602020263672,114.52728271484375,56.782840728759766,277.113525390625,22.112106323242188,41.42568588256836,141.8690643310547,74.65091705322266
2022-04-14,161.6601104736328,96.6596450805664,211.211669921875,143.53662109375,158.4906005859375,113.4656753540039,57.037227630615234,269.6081237792969,21.170978546142578,41.4412956237793,141.07725524902344,75.52804565429688
2022-04-18,161.44493103027344,95.81265258789062,213.16790771484375,145.4606170654297,156.51718139648438,115.57089233398438,56.52845001220703,270.2729187011719,21.69382667541504,40.44270706176758,139.73379516601562,76.14720153808594
2022-04-19,163.7237548828125,100.50960540771484,215.24473571777344,143.73741149902344,161.2921600341797,117.96397399902344,57.081092834472656,274.8783264160156,22.107128143310547,39.147666931152344,141.82460021972656,75.46783447265625
2022-04-20,163.55746459960938,102.9992446899414,217.9519805908203,144.3229522705078,162.00576782226562,118.37786102294922,57.86182403564453,275.8996276855469,21.394062042236328,38.81221389770508,145.59683227539062,75.63981628417969
2022-04-21,162.76527404785156,96.3516616821289,215.6248779296875,137.67271423339844,161.53884887695312,117.46015930175781,58.08114242553711,270.55230712890625,20.100374221801758,38.31291580200195,145.4832000732422,74.84008026123047
2022-04-22,158.23690795898438,94.61488342285156,201.5019989013672,134.63616943359375,159.9354248046875,114.08643341064453,57.23899459838867,264.0199890136719,19.435110092163086,37.548377990722656,144.2664794921875,73.20620727539062
2022-04-25,159.3030242919922,96.2660903930664,201.87466430664062,131.7418975830078,163.8734893798828,114.05044555664062,57.844276428222656,270.4656677246094,19.82052993774414,38.18809509277344,145.42953491210938,70.73820495605469
2022-04-26,153.35653686523438,91.78304290771484,195.9125213623047,130.93882751464844,162.70172119140625,110.67670440673828,57.06355285644531,260.3492126464844,18.711082458496094,38.250511169433594,142.96022033691406,70.76399230957031
2022-04-27,153.13157653808594,91.94558715820312,199.3221435546875,130.69622802734375,160.42881774902344,109.23724365234375,57.510929107666016,272.8743896484375,18.339614868164062,38.804412841796875,142.57550048828125,72.78485107421875
2022-04-28,160.04632568359375,92.64714050292969,197.9061279296875,135.33883666992188,161.62696838378906,110.96460723876953,58.06359100341797,279.0501708984375,19.701017379760742,39.405120849609375,146.1989288330078,74.98627471923828
2022-04-29,154.1878204345703,87.97016906738281,196.13607788085938,131.05592346191406,158.98394775390625,107.38394165039062,56.67757034301758,267.3824462890625,18.471071243286133,38.281707763671875,143.6402130126953,73.30940246582031
2022-05-02,154.4910888671875,91.6338119506836,197.56141662597656,133.63235473632812,157.3805389404297,108.36456298828125,55.65121078491211,274.07861328125,19.45303726196289,37.71220397949219,141.69869995117188,74.30693054199219
2022-05-03,155.9776611328125,93.21011352539062,199.00538635253906,135.92440795898438,157.0722198486328,110.68572235107422,55.33541488647461,271.4869689941406,19.52175521850586,38.453338623046875,139.75726318359375,75.83761596679688
2022-05-04,162.37408447265625,96.6572036743164,207.3616943359375,140.19058227539062,158.7549285888672,114.34732818603516,57.04600143432617,279.3874206542969,20.250755310058594,38.742000579833984,140.7861785888672,78.8559799194336
2022-05-05,153.3272247314453,90.9062728881836,201.15733337402344,139.07801818847656,155.72430419921875,111.48641204833984,56.5898551940918,267.2187194824219,18.766857147216797,37.79802703857422,138.1916046142578,77.66067504882812
2022-05-06,154.052001953125,87.90088653564453,199.96485900878906,142.78378295898438,155.3807373046875,111.30648803710938,56.791603088378906,264.6944885253906,18.59854507446289,38.25830841064453,139.56939697265625,78.84737396240234
2022-05-09,148.9391632080078,83.71761322021484,192.17684936523438,133.21409606933594,156.2264862060547,109.63311004638672,56.67757034301758,254.9151153564453,16.880613327026367,37.94624328613281,139.22047424316406,72.63006591796875
2022-05-10,151.3388214111328,85.76158905029297,189.1026153564453,134.49398803710938,156.0150146484375,106.96109771728516,56.1512336730957,259.65545654296875,17.52297019958496,38.609375,138.48683166503906,73.11161804199219
2022-05-11,143.4932403564453,83.75224304199219,191.17074584960938,136.48486328125,155.16928100585938,106.28634643554688,56.414398193359375,251.0323944091797,16.561920166015625,38.578163146972656,136.5364990234375,74.63369750976562
2022-05-12,139.6341094970703,86.10804748535156,189.13987731933594,137.78146362304688,156.7021942138672,106.19637298583984,56.5898551940918,246.0223846435547,16.10878562927246,39.63208770751953,135.9817657470703,74.9725112915039
2022-05-13,144.0907440185547,93.3833236694336,190.35096740722656,140.42481994628906,155.8035888671875,107.14103698730469,57.65129089355469,251.5815887451172,17.63351821899414,39.262428283691406,137.44004821777344,77.19650268554688
2022-05-16,142.5529327392578,90.68107604980469,193.01527404785156,144.72445678710938,156.88719177246094,106.39431762695312,57.86182403564453,251.94766235351562,17.193323135375977,39.85230255126953,138.7821044921875,79.01215362548828
2022-05-17,146.17701721191406,93.30535888671875,198.5116424560547,145.57774353027344,157.5391845703125,109.92101287841797,57.703914642333984,257.0733947753906,18.102590560913086,40.379268646240234,138.38841247558594,80.0199203491211
2022-05-18,137.92982482910156,89.67640686035156,193.71395874023438,141.7403106689453,154.6142578125,108.04071044921875,53.68623352050781,245.36892700195312,16.868656158447266,39.63994598388672,129.76373291015625,78.75154113769531
2022-05-19,134.5310821533203,90.57714080810547,192.61471557617188,140.7282257080078,153.23988342285156,106.43930053710938,52.63356018066406,244.46115112304688,17.05389976501465,39.836585998535156,126.7755355834961,79.1772232055664
2022-05-20,134.76612854003906,93.16680908203125,184.28628540039062,141.53785705566406,155.91812133789062,105.56661987304688,53.49323654174805,243.90098571777344,16.62565803527832,41.26802444458008,126.85606384277344,79.80271911621094
2022-05-23,140.17282104492188,93.92896270751953,190.1832733154297,144.82708740234375,159.1011962890625,112.09819030761719,55.14242935180664,251.71368408203125,16.828826904296875,41.59048843383789,129.77273559570312,81.5662841796875
2022-05-24,137.47930908203125,93.45259857177734,191.58062744140625,145.60304260253906,160.8390350341797,113.68160247802734,56.15999984741211,250.7189483642578,16.087871551513672,42.00733947753906,132.0809783935547,82.00933837890625
2022-05-25,137.635986328125,96.18083953857422,194.990234375,147.939208984375,159.26080322265625,114.47330474853516,56.2038688659668,253.51954650878906,16.9055118560791,42.24329376220703,129.91586303710938,83.65995788574219
2022-05-26,140.82907104492188,102.46009826660156,198.41851806640625,148.9344024658203,159.11895751953125,116.45254516601562,56.40563201904297,256.78369140625,17.777921676635742,42.46351623535156,131.05206298828125,83.955322265625
2022-05-27,146.5688018798828,104.83321380615234,202.28453063964844,150.3597412109375,160.56414794921875,118.09895324707031,56.738983154296875,263.8719787597656,18.73399543762207,42.40059280395508,133.05618286132812,84.7806167602539
2022-05-31,145.78524780273438,102.01837921142578,201.08282470703125,147.30667114257812,159.1810302734375,118.96260070800781,55.59857940673828,262.5489196777344,18.595563888549805,41.71633529663086,132.3046417236328,83.39932250976562
2022-06-01,145.6579132080078,100.54598999023438,202.68511962890625,148.70669555664062,157.56729125976562,116.87540435791016,55.32664489746094,263.08013916015625,18.2450008392334,41.18937301635742,130.3005828857422,84.99781036376953
2022-06-02,148.10655212402344,105.41352081298828,204.94886779785156,148.4368133544922,157.0707550048828,118.75570678710938,55.905601501464844,265.1660461425781,19.51179313659668,41.433189392089844,131.7052001953125,84.85011291503906
2022-06-03,142.39622497558594,105.1017074584961,207.65048217773438,149.7862548828125,156.42349243164062,117.10031127929688,55.23892593383789,260.7624206542969,18.64336585998535,41.84217834472656,130.5242462158203,86.083740234375
2022-06-06,143.14065551757812,102.89315795898438,208.33050537109375,149.13682556152344,156.40579223632812,116.71345520019531,55.15119552612305,259.53594970703125,18.709095001220703,41.88936233520508,130.0142822265625,85.8665542602539
2022-06-07,145.6579132080078,103.78524017333984,211.56312561035156,151.9790802001953,158.1259002685547,117.01934051513672,55.48455047607422,263.15740966796875,18.848522186279297,42.43991470336914,131.46363830566406,89.8019790649414
2022-06-08,144.92327880859375,100.81449890136719,214.0784149169922,152.76339721679688,157.18603515625,115.15704345703125,55.16874313354492,261.13897705078125,18.57558250427246,42.054534912109375,129.82635498046875,90.86181640625
2022-06-09,139.7124786376953,98.6059341430664,208.3677978515625,149.71875,154.02069091796875,112.73694610595703,54.212554931640625,255.71173095703125,17.977916717529297,40.7253303527832,127.48233795166016,88.89846801757812
2022-06-10,134.31556701660156,93.21875762939453,200.45864868164062,147.9307403564453,152.9921875,107.55487823486328,53.870445251464844,244.3162841796875,16.908084869384766,39.301761627197266,126.99921417236328,87.27391052246094
2022-06-13,129.17330932617188,84.46244812011719,192.72645568847656,141.12460327148438,151.44937133789062,104.35206604003906,53.809043884277344,233.9541473388672,15.586240768432617,37.681556701660156,123.59942626953125,83.26901245117188
2022-06-14,130.0352325439453,82.64363098144531,192.54946899414062,141.3101806640625,149.1263427734375,102.61572265625,52.33348846435547,236.10769653320312,15.774507522583008,37.689414978027344,119.7433853149414,83.48619079589844
2022-06-15,132.65042114257812,83.83885955810547,191.90672302246094,138.535400390625,150.72232055664062,103.83027648925781,52.722259521484375,243.12844848632812,16.46282386779785,38.1534538269043,118.553466796875,82.43501281738281
2022-06-16,127.39065551757812,77.67220306396484,181.463623046875,131.13043212890625,150.80210876464844,102.04894256591797,52.19212341308594,236.57122802734375,15.540417671203613,37.343345642089844,119.27816772460938,79.3944091796875
2022-06-17,128.8599090576172,78.1658706665039,179.460693359375,125.1423568725586,150.25241088867188,101.68907165527344,52.51020431518555,239.15933227539062,15.818336486816406,36.59617614746094,118.41927337646484,74.81615447998047
2022-06-21,133.08143615722656,79.01466369628906,182.93553161621094,130.3798370361328,153.39999389648438,104.2081298828125,53.632320404052734,245.0405731201172,16.501672744750977,37.83884811401367,122.00691223144531,79.47261810302734
2022-06-22,132.5720977783203,79.04064178466797,174.97979736328125,124.71218872070312,155.8206024169922,103.62333679199219,54.029937744140625,244.45147705078125,16.296476364135742,38.593894958496094,123.91258239746094,76.32775115966797
2022-06-23,135.4321746826172,80.85079193115234,166.44644165039062,120.12416076660156,159.29627990722656,102.48976135253906,54.67493438720703,249.9850311279297,16.161996841430664,39.39613723754883,127.31233978271484,74.02558898925781
2022-06-24,138.75257873535156,85.6316909790039,172.7998809814453,122.09774017333984,161.628173828125,105.54862976074219,55.699867248535156,258.5220031738281,17.059494018554688,40.575897216796875,129.1464385986328,75.49375915527344
2022-06-27,138.75257873535156,84.7656021118164,174.75619506835938,124.45922088623047,161.4774169921875,104.70294952392578,55.58500289916992,255.80828857421875,16.80349349975586,40.803985595703125,128.16229248046875,77.34416961669922
2022-06-28,134.6191864013672,82.14130401611328,174.6165008544922,126.45805358886719,156.8845977783203,104.19914245605469,55.028350830078125,247.68666076660156,15.919938087463379,39.84444808959961,126.07769775390625,79.48999786376953
2022-06-29,136.37246704101562,78.8760757446289,170.92738342285156,123.96159362792969,156.9289093017578,103.73130798339844,55.42596435546875,251.33706665039062,15.481646537780762,40.06466293334961,127.22285461425781,76.55363464355469
2022-06-30,133.9139862060547,79.01466369628906,166.5302734375,122.10617065429688,157.38995361328125,101.31121063232422,55.58500289916992,248.0246124267578,15.100135803222656,41.2365608215332,128.64537048339844,74.39916229248047
2022-07-01,136.07862854003906,80.40043640136719,166.0924530029297,123.56523132324219,159.17213439941406,102.60672760009766,56.88383483886719,250.68031311035156,14.466604232788086,41.14218521118164,130.72108459472656,76.05842590332031
2022-07-05,138.6546630859375,81.43974304199219,161.87232971191406,120.31817626953125,157.9485321044922,102.2164535522461,55.91192626953125,253.83827209472656,14.905890464782715,40.6152229309082,129.45953369140625,73.67809295654297
2022-07-06,139.98667907714844,81.38778686523438,160.52157592773438,118.73255920410156,158.09042358398438,101.55387878417969,56.02678680419922,257.0830078125,15.071247100830078,41.488243103027344,130.6673583984375,72.34892272949219
2022-07-07,143.3463134765625,84.32388305664062,167.94630432128906,121.0434799194336,158.26773071289062,104.12247467041016,55.58500289916992,259.19793701171875,15.796420097351074,42.01519775390625,130.6226348876953,74.65978240966797
2022-07-08,144.0221710205078,83.2672348022461,166.8470458984375,120.41093444824219,158.07266235351562,103.79570770263672,55.78821563720703,258.4833679199219,15.776498794555664,41.81857681274414,129.745849609375,74.7813949584961
2022-07-11,141.89671325683594,82.46174621582031,163.046142578125,119.34825134277344,158.13475036621094,102.43427276611328,55.61151123046875,255.44126892089844,15.093158721923828,41.598358154296875,130.65843200683594,74.39916229248047
2022-07-12,142.8664093017578,81.43108367919922,162.55245971679688,117.16388702392578,155.9181365966797,102.53411102294922,55.37294387817383,244.97299194335938,15.023432731628418,40.9298210144043,129.50430297851562,73.40877532958984
2022-07-13,142.5039825439453,79.16189575195312,161.97483825683594,116.37952423095703,155.55459594726562,101.5720443725586,55.11671829223633,244.05555725097656,15.105113983154297,40.73319625854492,130.35423278808594,73.70415496826172
2022-07-14,145.4228057861328,77.6288833618164,158.31369018554688,114.65059661865234,155.7673797607422,98.02322387695312,54.940006256103516,245.36892700195312,15.312307357788086,40.41859817504883,129.9695281982422,72.22730255126953
2022-07-15,147.0879669189453,80.54766082763672,161.5183563232422,116.09276580810547,158.02835083007812,102.51595306396484,55.222740173339844,247.91842651367188,15.700794219970703,40.70173263549805,129.7906036376953,73.44352722167969
2022-07-18,144.0515594482422,80.67758178710938,161.62081909179688,117.72052001953125,154.4817657470703,101.46311950683594,54.471717834472656,245.53306579589844,16.038476943969727,39.91522979736328,128.21595764160156,74.79876708984375
2022-07-19,147.90089416503906,85.71831512451172,168.37498474121094,121.9627685546875,152.22964477539062,103.97724151611328,55.249244689941406,250.63204956054688,16.9260196685791,40.40286636352539,128.86907958984375,76.68392944335938
2022-07-20,149.89901733398438,87.56310272216797,168.82525634765625,123.57365417480469,151.36073303222656,103.95909118652344,54.339176177978516,253.27809143066406,17.73784828186035,39.970279693603516,126.64134979248047,77.52660369873047
2022-07-21,152.16160583496094,84.77424621582031,169.78208923339844,122.62902069091797,151.8927001953125,104.6670150756836,54.215484619140625,255.760009765625,17.979907989501953,40.206233978271484,126.76111602783203,76.23219299316406
2022-07-22,150.92745971679688,83.5184097290039,167.558837890625,121.6085433959961,152.61090087890625,104.15876007080078,54.418697357177734,251.43356323242188,17.251747131347656,40.29275131225586,128.78721618652344,75.65013885498047
2022-07-25,149.81085205078125,84.2372817993164,170.55128479003906,125.22671508789062,152.91236877441406,104.57626342773438,54.94883346557617,249.9560546875,16.9578914642334,40.717464447021484,129.66065979003906,78.16950225830078
2022-07-26,148.48858642578125,81.06732940673828,170.0072021484375,124.24835968017578,153.99407958984375,102.94255065917969,55.850074768066406,243.263671875,16.468799591064453,41.134307861328125,129.9127960205078,77.86544799804688
2022-07-27,153.57203674316406,84.63568115234375,173.77825927734375,125.88451385498047,153.5684814453125,104.59441375732422,55.67335891723633,259.52630615234375,17.720914840698242,40.859039306640625,131.14645385742188,79.55078887939453
2022-07-28,154.1205596923828,88.75833129882812,176.20785522460938,126.8375473022461,154.4551239013672,104.20410919189453,56.60110092163086,266.933349609375,17.914165496826172,40.201171875,133.32562255859375,80.48036193847656
2022-07-29,159.17465209960938,89.51252746582031,185.97323608398438,138.13055419921875,154.73890686035156,104.70333862304688,56.69828796386719,271.1148681640625,18.092470169067383,40.034725189208984,125.08619689941406,84.2072525024414
2022-08-01,158.1951904296875,90.53858184814453,182.79318237304688,135.37269592285156,154.197998046875,103.65958404541016,57.007545471191406,268.478515625,18.3693904876709,40.113983154296875,128.6791229248047,82.07882690429688
2022-08-02,156.72596740722656,88.19706726074219,172.14601135253906,134.21725463867188,153.32020568847656,102.04399108886719,56.230003356933594,265.3978576660156,18.454057693481445,39.38478088378906,127.82364654541016,81.72264862060547
2022-08-03,162.72039794921875,88.653076171875,171.54563903808594,131.02920532226562,154.80091857910156,103.11499786376953,56.4774055480957,272.78558349609375,18.81963348388672,39.519535064697266,130.46209716796875,79.07298278808594
2022-08-04,162.4069366455078,90.18779754638672,172.26800537109375,127.47013092041016,152.3182830810547,101.98046112060547,56.25651550292969,273.92510986328125,19.140384674072266,39.519535064697266,130.2549591064453,75.74568939208984
2022-08-05,162.18133544921875,88.74955749511719,173.90960693359375,129.57858276367188,151.71539306640625,105.06639099121094,56.000282287597656,273.2104797363281,18.91526222229004,39.05188751220703,130.31802368164062,76.84032440185547
2022-08-08,161.7105255126953,90.07378387451172,174.30360412597656,129.3846435546875,150.9085235595703,103.78663635253906,55.63801956176758,270.7093200683594,17.723905563354492,39.289676666259766,130.81326293945312,77.27466583251953
2022-08-09,161.7595672607422,88.41631317138672,174.5099639892578,131.07138061523438,150.89080810546875,104.72150421142578,55.708702087402344,272.6213684082031,17.0196533203125,39.45612335205078,130.507080078125,78.69942474365234
2022-08-10,165.99679565429688,94.66034698486328,178.90953063964844,131.4171600341797,151.3252716064453,107.45342254638672,56.23883056640625,279.2461853027344,18.02672576904297,39.59086608886719,131.74075317382812,79.446533203125
2022-08-11,165.2611541748047,92.96778869628906,181.9864044189453,134.62208557128906,148.19534301757812,109.04176330566406,55.858909606933594,277.1795959472656,17.87232780456543,38.27513122558594,130.80429077148438,81.74478149414062
2022-08-12,168.802001953125,95.4057846069336,184.65052795410156,134.81605529785156,146.5639190673828,110.8479232788086,56.283023834228516,281.90191650390625,18.6363468170166,39.717689514160156,132.07395935058594,82.45527648925781
2022-08-15,169.87107849121094,95.30931854248047,183.81564331054688,132.25210571289062,147.26434326171875,111.14744567871094,56.989871978759766,283.4084167480469,18.958101272583008,39.43234634399414,133.77586364746094,80.98161315917969
2022-08-16,169.7141571044922,94.34464263916016,185.28843688964844,131.91476440429688,148.57662963867188,112.2093505859375,57.45816421508789,282.6745300292969,18.805688858032227,39.519535064697266,135.009521484375,80.22723388671875
2022-08-17,171.20504760742188,93.39749908447266,183.79690551757812,133.00277709960938,148.5854949951172,111.26543426513672,57.325618743896484,281.92938232421875,18.26380157470703,39.05188751220703,134.38816833496094,80.87632751464844
2022-08-18,170.81271362304688,94.13416290283203,185.1289825439453,135.33465576171875,147.86727905273438,110.4031982421875,57.62602996826172,280.8164367675781,18.700103759765625,38.50498962402344,134.865478515625,82.78860473632812
2022-08-19,168.23313903808594,90.59119415283203,183.48733520507812,134.20274353027344,150.11940002441406,107.67125701904297,57.58186340332031,276.9259338378906,17.77968978881836,38.95677185058594,134.8294219970703,82.52546691894531
2022-08-22,164.35882568359375,88.57417297363281,179.88511657714844,133.5303955078125,149.5927276611328,105.8923110961914,56.724796295166016,268.7967529296875,16.967857360839844,38.75862121582031,134.46923828125,82.46405792236328
2022-08-23,164.02529907226562,89.75807189941406,184.9976806640625,137.86228942871094,148.28956604003906,104.84854888916016,56.786651611328125,267.5289611816406,17.114282608032227,38.053199768066406,131.87582397460938,85.96402740478516
2022-08-24,164.319580078125,90.11762237548828,182.1365203857422,138.88356018066406,147.79861450195312,105.10269165039062,56.86617660522461,266.8999328613281,17.15512466430664,37.59349060058594,131.30853271484375,86.47279357910156
2022-08-25,166.7716522216797,92.46793365478516,186.56423950195312,140.10052490234375,149.18218994140625,107.5986557006836,57.140071868896484,269.8612976074219,17.84343910217285,37.96601486206055,131.20046997070312,86.92015075683594
2022-08-26,160.4844970703125,86.42557525634766,180.03524780273438,139.07077026367188,146.6293182373047,104.07705688476562,55.761722564697266,259.44818115234375,16.196857452392578,37.10999298095703,128.1298065185547,85.84999084472656
2022-08-29,158.28746032714844,84.35594177246094,179.9038848876953,140.10906982421875,145.4956817626953,103.82292938232422,55.42596435546875,256.680419921875,15.739643096923828,36.64235305786133,127.58953094482422,87.82364654541016
2022-08-30,155.86474609375,83.85604858398438,175.36361694335938,136.6963348388672,144.98687744140625,103.8410873413086,54.913490295410156,254.49317932128906,15.407936096191406,36.341163635253906,126.22981262207031,84.48157501220703
2022-08-31,154.20712280273438,82.38275909423828,173.271728515625,134.5176239013672,144.013916015625,103.22390747070312,54.52473068237305,253.04150390625,15.03538703918457,35.84974670410156,124.21271514892578,83.8499984741211
2022-09-01,154.9329833984375,82.56690216064453,171.1422882080078,132.37295532226562,147.5843963623047,103.93184661865234,54.78096389770508,252.00604248046875,13.882880210876465,36.95940017700195,125.74359130859375,82.34126281738281
2022-09-02,152.82420349121094,82.27751159667969,169.6320037841797,134.3389129638672,145.26358032226562,103.20575714111328,54.029937744140625,247.805908203125,13.594005584716797,36.22226333618164,123.51033020019531,83.8499984741211
2022-09-06,151.56871032714844,82.5142822265625,169.47254943847656,133.71763610839844,145.6563720703125,103.23297882080078,54.056434631347656,245.08651733398438,13.412713050842285,36.26982879638672,122.1325912475586,83.2885971069336
2022-09-07,152.9713134765625,84.48748016357422,169.66017150878906,132.0070343017578,146.45077514648438,105.19344329833984,55.05487060546875,249.7705078125,13.664804458618164,36.56309509277344,123.97859954833984,82.57807922363281
2022-09-08,151.5000762939453,84.97857666015625,171.8083038330078,132.72190856933594,147.6290283203125,107.64403533935547,54.88698959350586,250.18658447265625,13.939814567565918,37.316078186035156,124.14070129394531,83.25350952148438
2022-09-09,154.35423278808594,87.40778350830078,177.75570678710938,136.14317321777344,147.91465759277344,108.161376953125,55.06370162963867,255.9351043701172,14.335392951965332,37.918453216552734,126.03173065185547,84.64823913574219
2022-09-12,160.29812622070312,88.41631317138672,180.4855194091797,138.2963104248047,147.85218811035156,109.44111633300781,55.222740173339844,258.05450439453125,14.45296859741211,37.855045318603516,127.05827331542969,85.62194061279297
2022-09-13,150.89190673828125,82.75983428955078,172.89646911621094,135.6665802001953,144.00502014160156,105.63819122314453,53.429115295410156,243.86709594726562,13.083894729614258,36.610652923583984,124.4288558959961,83.62194061279297
2022-09-14,152.33375549316406,83.62803649902344,173.2154083251953,138.95164489746094,146.97743225097656,105.39313507080078,53.71185302734375,244.08970642089844,13.08090877532959,36.578941345214844,124.72598266601562,85.67454528808594
2022-09-15,149.4500732421875,83.04924774169922,171.18922424316406,136.6963348388672,147.35232543945312,106.9814682006836,52.9820442199707,237.47019958496094,12.882620811462402,36.412498474121094,123.76245880126953,83.18334197998047
2022-09-16,147.81210327148438,80.83927154541016,168.35623168945312,133.14739990234375,149.6016845703125,106.26444244384766,52.99094772338867,236.85081481933594,13.150654792785645,36.48383712768555,124.51891326904297,81.76231384277344
2022-09-19,151.51963806152344,83.44389343261719,170.83270263671875,133.5303955078125,148.42344665527344,107.24468231201172,53.39144515991211,236.637939453125,13.33399486541748,36.01618576049805,124.25777435302734,81.75352478027344
2022-09-20,153.8932647705078,79.75183868408203,166.9678497314453,133.0027618408203,147.25416564941406,105.12992095947266,53.31134796142578,234.63461303710938,13.12873363494873,35.485145568847656,123.81651306152344,81.08688354492188
2022-09-21,150.7742462158203,77.84880828857422,161.30189514160156,131.9219207763672,145.74560546875,102.09845733642578,52.86634826660156,231.24745178222656,13.21342945098877,34.81141662597656,122.22264862060547,79.77985382080078
2022-09-22,149.81298828125,74.89340209960938,159.9886016845703,131.8197784423828,148.33416748046875,100.93668365478516,52.741737365722656,233.21197509765625,12.515939712524414,35.32661437988281,122.6548843383789,79.44654083251953
2022-09-23,147.5472412109375,73.22714233398438,154.06936645507812,123.2071533203125,148.8162078857422,99.05790710449219,52.15433120727539,230.25064086914062,12.471102714538574,34.9382438659668,122.08760833740234,75.2185287475586
2022-09-26,147.88075256347656,72.92899322509766,152.54962158203125,119.96463012695312,147.9057159423828,96.92500305175781,51.504638671875,229.79579162597656,12.184134483337402,34.74009323120117,122.20465087890625,73.6658935546875
2022-09-27,148.8517608642578,71.86784362792969,152.3808135986328,120.01567077636719,147.22735595703125,96.07183837890625,50.178531646728516,228.78933715820312,12.368474006652832,34.946170806884766,118.84585571289062,75.20976257324219
2022-09-28,146.9685516357422,75.4283447265625,157.37132263183594,124.06668853759766,148.4948272705078,98.01414489746094,50.7125358581543,233.29913330078125,12.690312385559082,35.21565628051758,118.84585571289062,77.94656372070312
2022-09-29,139.74961853027344,74.06905364990234,155.6265106201172,123.2071533203125,146.86135864257812,96.35319519042969,50.347618103027344,229.84417724609375,12.176164627075195,35.00164794921875,115.89225769042969,77.78865814208984
2022-09-30,135.5516357421875,73.40254974365234,153.9192352294922,122.27094268798828,145.8170166015625,94.8465576171875,49.858123779296875,225.39244079589844,12.095454216003418,34.684608459472656,113.68606567382812,76.58692169189453
2022-10-03,139.72021484375,75.84930419921875,160.62646484375,129.1304931640625,145.67420959472656,97.77816772460938,50.41883087158203,232.97975158691406,12.467117309570312,34.98579406738281,115.72116088867188,80.6307373046875
2022-10-04,143.30026245117188,82.01439666748047,168.50628662109375,134.1516876220703,147.83432006835938,102.35260009765625,50.53453063964844,240.8573760986328,13.119769096374512,35.23942565917969,117.15293884277344,83.56930541992188
2022-10-05,143.59449768066406,80.71648406982422,167.33372497558594,134.91763305664062,147.3791046142578,101.0888671875,50.05393600463867,241.1670379638672,13.161615371704102,34.96994400024414,116.34249877929688,86.94647216796875
2022-10-06,142.6431121826172,80.33939361572266,167.73704528808594,137.37716674804688,144.5227508544922,99.02843475341797,48.977012634277344,238.834716796875,13.08289909362793,34.153564453125,113.89318084716797,89.52539825439453
2022-10-07,137.4053955078125,75.75282287597656,166.55511474609375,136.1942138671875,142.99636840820312,97.05045318603516,48.514225006103516,226.68930053710938,12.032682418823242,33.54324722290039,111.90311431884766,88.62188720703125
2022-10-10,137.7290802001953,74.9811019897461,167.60574340820312,133.7346649169922,143.183837890625,96.14385223388672,48.40741729736328,221.8601531982422,11.628135681152344,33.09145736694336,111.44388580322266,86.70085906982422
2022-10-11,136.31666564941406,73.17454528808594,168.618896484375,133.76022338867188,145.25466918945312,93.3691635131836,48.487518310546875,218.1439208984375,11.544440269470215,33.2262077331543,111.86710357666016,85.96402740478516
2022-10-12,135.68894958496094,75.01618194580078,168.3843536376953,134.1602020263672,145.21896362304688,94.88014221191406,49.074913024902344,218.47296142578125,11.458745956420898,33.313392639160156,112.04720306396484,86.34120178222656
2022-10-13,140.24984741210938,75.69144439697266,171.79893493652344,140.66226196289062,147.41477966308594,100.15482330322266,49.7246208190918,226.68930053710938,11.917098045349121,34.06637191772461,113.7401123046875,89.35871887207031
2022-10-14,135.72817993164062,73.77086639404297,167.15550231933594,136.28782653808594,146.7988739013672,101.82146453857422,48.93252182006836,221.19236755371094,11.186727523803711,33.971256256103516,112.63250732421875,87.00786590576172
2022-10-17,139.68096923828125,77.37522888183594,169.60385131835938,137.2835693359375,148.7001495361328,106.09797668457031,49.56441879272461,229.8732452392578,11.845354080200195,34.59741973876953,114.66761779785156,88.26224517822266
2022-10-18,140.99530029296875,79.03271484375,172.1835174560547,138.48353576660156,148.18243408203125,108.8268814086914,50.23192596435547,230.81198120117188,11.924072265625,34.946170806884766,115.5950927734375,88.42012786865234
2022-10-19,141.10317993164062,76.94552612304688,172.99026489257812,142.9771270751953,147.0042266845703,106.6932144165039,49.804725646972656,228.85704040527344,12.007768630981445,34.16941833496094,116.66667938232422,91.04292297363281
2022-10-20,140.6421661376953,73.70072174072266,169.3599395751953,143.7941436767578,147.3791046142578,106.34524536132812,49.02152633666992,228.53770446777344,12.150257110595703,34.01089096069336,115.16398620605469,91.16571807861328
2022-10-21,144.44781494140625,74.91973114013672,179.6344757080078,147.3940887451172,150.59251403808594,111.9312744140625,49.804725646972656,234.31527709960938,12.421281814575195,35.62781524658203,116.60591888427734,92.85868072509766
2022-10-24,146.58604431152344,75.6563491821289,180.65435791015625,147.34303283691406,152.61871337890625,112.06861877441406,51.23763656616211,239.27987670898438,12.55380630493164,36.095462799072266,117.32233428955078,93.5077896118164
2022-10-25,149.42068481445312,80.28678894042969,183.99740600585938,148.87490844726562,152.37771606445312,112.36166381835938,52.465843200683594,242.5799560546875,13.21342945098877,36.13508224487305,118.67359161376953,92.87622833251953
2022-10-26,146.4879608154297,81.33037567138672,185.99942016601562,150.71319580078125,153.71661376953125,113.65287780761719,52.85744857788086,223.8634033203125,12.849740028381348,36.50761032104492,119.50792694091797,93.98147583007812
2022-10-27,142.02517700195312,81.95303344726562,200.33468627929688,151.4025115966797,153.80589294433594,114.10157012939453,52.9820442199707,219.44073486328125,13.12873363494873,36.253971099853516,119.59859466552734,94.34112548828125
2022-10-28,152.75552368164062,82.51089477539062,207.13400268554688,153.1727294921875,156.0909881591797,115.45687866210938,54.07674789428711,228.2667236328125,13.784372329711914,37.59349060058594,122.62754821777344,97.104248046875
2022-10-31,150.40150451660156,80.7044677734375,204.41427612304688,153.9556884765625,155.28762817382812,115.27371215820312,53.2668342590332,224.64730834960938,13.448582649230957,36.89598846435547,122.12877655029297,97.20075225830078
2022-11-01,147.76304626464844,82.29837036132812,206.34075927734375,155.07911682128906,154.5021514892578,117.35246276855469,53.07994842529297,220.81492614746094,13.494418144226074,38.053199768066406,122.3192367553711,98.16565704345703
2022-11-02,142.250732421875,81.77591705322266,202.60110473632812,151.91319274902344,152.12777709960938,116.27188873291016,52.341251373291016,213.00506591796875,13.171581268310547,37.30814743041992,120.55988311767578,96.14812469482422
2022-11-03,136.21859741210938,77.95057678222656,207.05845642089844,154.1514434814453,152.38662719726562,116.48251342773438,52.314537048339844,207.3436279296875,13.372856140136719,37.228206634521484,119.73463439941406,97.45513153076172
2022-11-04,135.95333862304688,79.73043060302734,215.17042541503906,156.10035705566406,153.06503295898438,119.66927337646484,52.741737365722656,214.25350952148438,14.105219841003418,37.7478141784668,121.92021179199219,98.51652526855469
2022-11-07,136.4838409423828,81.62538146972656,215.8881378173828,157.96417236328125,154.40394592285156,120.30115509033203,52.94644546508789,220.52464294433594,14.249698638916016,37.643898010253906,123.78836822509766,99.68316650390625
2022-11-08,137.05368041992188,82.3072280883789,217.02134704589844,157.734375,155.1715850830078,120.3744125366211,53.044342041015625,221.49237060546875,14.5496187210083,37.85173797607422,124.0694808959961,99.99896240234375
2022-11-09,132.50486755371094,79.68614196777344,212.98898315429688,151.42807006835938,153.9308624267578,118.80850219726562,52.30563735961914,217.27291870117188,13.726584434509277,37.34811782836914,123.77021026611328,95.52533721923828
2022-11-10,144.29444885253906,91.66694641113281,219.51446533203125,154.29611206054688,155.7339630126953,123.69857025146484,54.18354797363281,235.14755249023438,15.693500518798828,37.8757209777832,128.03253173828125,96.92880249023438
2022-11-11,147.07481384277344,96.31583404541016,223.32965087890625,158.68756103515625,151.0745391845703,123.90000915527344,54.575157165527344,239.1444091796875,16.268428802490234,38.05158996582031,127.84210205078125,99.95508575439453
2022-11-14,145.67970275878906,89.79856872558594,223.33905029296875,158.76414489746094,153.4488525390625,122.62711334228516,54.05005645751953,233.76364135742188,16.23654556274414,39.36261749267578,127.85115051269531,100.24690246582031
2022-11-15,147.4088592529297,86.43366241455078,221.53536987304688,160.04078674316406,153.87728881835938,121.73888397216797,53.96105194091797,234.1701202392578,16.60621452331543,38.8270149230957,127.40677642822266,100.91893005371094
2022-11-16,146.18077087402344,83.27243041992188,219.4861297607422,157.43653869628906,154.83241271972656,121.90369415283203,53.8631477355957,234.59713745117188,15.852927207946777,38.41132354736328,128.54037475585938,99.84015655517578
2022-11-17,148.076904296875,80.14659118652344,217.6162872314453,157.88250732421875,156.08206176757812,121.37255859375,54.032249450683594,234.548583984375,15.620762825012207,38.635162353515625,127.75141143798828,99.97279357910156
2022-11-18,148.636962890625,81.1826400756836,218.5511932373047,156.9390869140625,157.27813720703125,122.56304168701172,54.41495132446289,234.1021728515625,15.353723526000977,38.55522155761719,129.29306030273438,99.10621643066406
2022-11-21,145.41444396972656,79.56216430664062,219.25006103515625,155.438232421875,158.08665466308594,121.8396224975586,55.25156021118164,234.90768432617188,15.262055397033691,38.5152473449707,130.93453979492188,98.12470245361328
2022-11-22,147.5464324951172,77.74690246582031,224.05674743652344,159.4262237548828,158.85032653808594,123.6618881225586,55.491859436035156,237.7997283935547,15.980467796325684,39.23470687866211,132.05906677246094,100.96314239501953
2022-11-23,148.4207763671875,78.38444519042969,223.73570251464844,158.01116943359375,159.02099609375,124.98057556152344,55.74105453491211,240.27452087402344,16.459745407104492,39.050838470458984,132.811767578125,100.45912170410156
2022-11-25,145.51271057128906,79.69498443603516,222.5835723876953,157.54800415039062,159.2276153564453,125.21871185302734,55.79446029663086,240.18716430664062,16.211637496948242,39.3386344909668,133.05662536621094,100.10542297363281
2022-11-28,141.69097900390625,78.01253509521484,219.37277221679688,152.96823120117188,159.30850219726562,123.03005981445312,55.803367614746094,234.626220703125,15.770224571228027,39.62641906738281,132.9477996826172,97.0989990234375
2022-11-29,138.69442749023438,78.10995483398438,222.03587341308594,155.2581024169922,158.19448852539062,125.0538558959961,55.6075553894043,233.2384490966797,15.58289909362793,39.562461853027344,131.93206787109375,97.74446868896484
2022-11-30,145.4341278076172,81.04981994628906,223.25404357910156,157.21351623535156,159.91038513183594,126.53738403320312,57.014774322509766,247.6114044189453,16.866609573364258,40.0740852355957,135.26939392089844,98.45189666748047
2022-12-01,145.70919799804688,75.30291748046875,222.5740966796875,156.51028442382812,160.57516479492188,124.76082611083984,57.176116943359375,247.17469787597656,17.077903747558594,40.833518981933594,135.3510284423828,97.9743881225586
2022-12-02,145.21795654296875,75.4091796875,222.98965454101562,155.2581024169922,160.70095825195312,123.7718276977539,57.67805099487305,247.49496459960938,16.819765090942383,40.697608947753906,136.58436584472656,97.14319610595703
2022-12-05,144.05868530273438,72.58442687988281,219.62779235839844,151.42446899414062,160.61109924316406,120.30115509033203,56.889286041259766,242.8171844482422,16.554651260375977,40.55372619628906,135.20591735839844,94.48162078857422
2022-12-06,140.40390014648438,69.71542358398438,215.58592224121094,147.52223205566406,158.20350646972656,120.50263214111328,56.862403869628906,237.88705444335938,15.933727264404297,39.73833084106445,135.37820434570312,91.85540771484375
2022-12-07,138.46844482421875,68.75021362304688,216.237548828125,147.9596405029297,159.1647491455078,120.42021179199219,56.95203399658203,237.15919494628906,16.0662841796875,40.162010192871094,136.24880981445312,91.65203094482422
2022-12-08,140.14842224121094,69.99877166748047,218.06961059570312,148.8343963623047,159.191650390625,121.68391418457031,57.19404220581055,240.09979248046875,17.111791610717773,41.393089294433594,137.22825622558594,92.3329086303711
2022-12-09,139.66700744628906,69.49403381347656,214.64157104492188,144.08311462402344,157.8800811767578,121.02459716796875,56.593505859375,238.17825317382812,16.94434928894043,41.34513473510742,136.86549377441406,91.55477905273438
2022-12-12,141.9561767578125,73.02717590332031,220.09048461914062,145.583984375,159.7666473388672,122.90186309814453,57.33745574951172,245.0590057373047,17.476572036743164,41.69687271118164,138.27114868164062,93.80957794189453
2022-12-13,142.91897583007812,73.88612365722656,222.38526916503906,148.82583618164062,160.9974365234375,122.78282928466797,57.355384826660156,249.33888244628906,18.01177978515625,42.42431640625,138.06256103515625,94.83531951904297
2022-12-14,140.69863891601562,71.37129211425781,221.4314422607422,147.7966766357422,161.49151611328125,122.16925048828125,57.355384826660156,249.6300506591797,17.61510467529297,43.551490783691406,138.60667419433594,94.13677215576172
2022-12-15,134.1063232421875,68.53770446777344,217.82406616210938,146.6903076171875,159.45220947265625,119.1381607055664,56.566619873046875,241.6623077392578,16.895511627197266,42.85599899291992,137.0377960205078,93.23484802246094
2022-12-16,132.15118408203125,66.75784301757812,219.76943969726562,144.70057678222656,157.8171844482422,118.39640045166016,56.24393844604492,237.46978759765625,16.515779495239258,41.08932113647461,136.4302215576172,92.58049011230469
2022-12-19,130.04872131347656,65.06653594970703,219.36334228515625,145.6954803466797,157.64646911621094,119.10154724121094,56.32461929321289,233.35487365722656,16.19983673095703,41.05734634399414,136.39390563964844,92.99608612060547
2022-12-20,129.97991943359375,64.72119140625,222.05474853515625,148.08827209472656,157.8171844482422,119.67845916748047,56.2797966003418,234.66505432128906,16.031400680541992,41.025367736816406,136.44833374023438,94.34014892578125
2022-12-21,133.07472229003906,67.15631103515625,228.2780303955078,149.82928466796875,159.6228790283203,121.02459716796875,57.18508529663086,237.21743774414062,16.446016311645508,41.29716873168945,137.6998291015625,95.55155181884766
2022-12-22,129.91119384765625,65.82806396484375,224.32118225097656,147.58229064941406,159.03897094726562,119.6509780883789,56.77277755737305,231.16156005859375,15.287887573242188,41.28118133544922,138.01719665527344,93.6239013671875
2022-12-23,129.54766845703125,66.33280944824219,226.521484375,152.1448974609375,159.4431915283203,120.21874237060547,57.203006744384766,231.68565368652344,15.155329704284668,41.433067321777344,138.4071502685547,96.09979248046875
2022-12-27,127.74974822998047,65.24365234375,229.60955810546875,154.0574493408203,159.3982696533203,120.63997650146484,57.552574157714844,229.96786499023438,14.073946952819824,40.87348175048828,139.6133270263672,97.43499755859375
2022-12-28,123.82971954345703,63.897682189941406,226.05877685546875,151.78468322753906,158.7065887451172,121.29933166503906,56.97892761230469,227.6095428466797,13.989228248596191,40.60967254638672,137.80865478515625,95.83451843261719
2022-12-29,127.33715057373047,66.19112396240234,226.83319091796875,152.93392944335938,159.51510620117188,121.99529266357422,57.319522857666016,233.89834594726562,14.554337501525879,41.033363342285156,138.37997436523438,96.5595932006836
2022-12-30,127.65149688720703,65.69525909423828,226.22879028320312,153.9373779296875,158.69757080078125,122.80110931396484,57.014774322509766,232.7434844970703,14.565300941467285,40.96141815185547,137.4458770751953,97.53227996826172
2023-01-03,122.87672424316406,67.4131088256836,225.58663940429688,149.22035217285156,160.08106994628906,123.73516845703125,56.42321014404297,232.5105438232422,14.267297744750977,40.9774055480957,137.45498657226562,94.18098449707031
2023-01-04,124.14411926269531,69.0778579711914,227.92861938476562,147.6337127685547,161.8239288330078,124.8890380859375,56.39632034301758,222.33978271484375,14.699850082397461,40.0740852355957,138.05352783203125,94.45509338378906
2023-01-05,122.8276138305664,67.82044219970703,226.90872192382812,150.2924041748047,160.62911987304688,124.8613510131836,55.75096893310547,215.7501220703125,14.2174654006958,39.6983642578125,136.33950805664062,96.56844329833984
2023-01-06,127.3469467163086,70.14929962158203,235.01126098632812,151.42446899414062,161.93170166015625,127.25065612792969,56.82655715942383,218.2928466796875,14.80948543548584,40.70561218261719,139.58612060546875,97.73564147949219
2023-01-09,127.86766815185547,71.35359191894531,232.89584350585938,150.240966796875,157.736328125,126.72479248046875,56.11846160888672,220.418212890625,15.57592487335205,38.6831169128418,137.88119506835938,95.91409301757812
2023-01-10,128.43748474121094,71.30931091308594,236.5694122314453,150.97850036621094,157.3590087890625,127.85952758789062,55.688228607177734,222.09719848632812,15.855987548828125,38.06758117675781,137.7451629638672,97.3465576171875
2023-01-11,131.14907836914062,73.55848693847656,236.77719116210938,150.2581024169922,157.1074676513672,128.80970764160156,55.58066940307617,228.81298828125,15.94767951965332,37.93168258666992,136.6297149658203,98.47840118408203
2023-01-12,131.0705108642578,75.32063293457031,240.8756866455078,151.8704376220703,156.31689453125,128.6805419921875,54.863616943359375,231.47213745117188,16.455978393554688,38.13951873779297,135.85885620117188,100.1142578125
2023-01-13,132.39682006835938,75.30291748046875,244.07699584960938,152.28211975097656,155.8048095703125,131.92776489257812,55.06081008911133,232.17092895507812,16.84268569946289,38.251434326171875,136.8292236328125,100.05236053466797
2023-01-17,133.55615234375,76.04673767089844,241.99945068359375,154.7949981689453,154.8435516357422,129.8890380859375,55.28488540649414,233.25779724121094,17.643014907836914,36.83649826049805,136.4302215576172,99.85783386230469
2023-01-18,132.83892822265625,74.3731460571289,238.75086975097656,151.9990692138672,152.50778198242188,125.98683166503906,53.6087646484375,228.851806640625,17.319093704223633,35.97314453125,132.7755126953125,97.806396484375
2023-01-19,132.89785766601562,71.30045318603516,233.1810760498047,153.51712036132812,152.30117797851562,124.30784606933594,53.528099060058594,225.08627319335938,16.70913314819336,35.941165924072266,129.96751403808594,98.4341812133789
2023-01-20,135.4522705078125,75.27635955810547,236.93858337402344,155.1466064453125,151.5914306640625,124.6122817993164,53.85077667236328,233.1316680908203,17.779556274414062,36.06107711791992,130.4694366455078,100.2292251586914
2023-01-23,138.63546752929688,77.7734603881836,239.775634765625,154.9407958984375,151.20513916015625,126.63257598876953,53.985225677490234,235.4220428466797,19.129043579101562,35.95716094970703,128.7173309326172,99.70752716064453
2023-01-24,140.03057861328125,78.1187973022461,244.43447875976562,155.08660888671875,151.20513916015625,127.72109985351562,54.27204513549805,234.89797973632812,19.200803756713867,35.74131774902344,129.41998291015625,100.63597106933594
2023-01-25,139.37232971191406,78.68550872802734,245.2220916748047,153.5857391357422,152.28318786621094,128.33920288085938,54.612640380859375,233.5101776123047,19.25861167907715,36.02910232543945,129.32870483398438,100.10542297363281
2023-01-26,141.43548583984375,83.06876373291016,248.71385192871094,161.0557403564453,151.7261962890625,129.13253784179688,54.505096435546875,240.68212890625,19.73601722717285,35.69834518432617,128.80856323242188,104.12873840332031
2023-01-27,143.3709259033203,84.884033203125,251.0100555419922,153.90304565429688,151.13327026367188,129.4462127685547,54.21826171875,240.83738708496094,20.297138214111328,35.327232360839844,128.27931213378906,102.22760009765625
2023-01-30,140.49229431152344,84.03395080566406,248.12554931640625,149.40045166015625,145.53643798828125,128.34841918945312,54.35271453857422,235.54818725585938,19.0981502532959,35.13362121582031,128.68080139160156,100.4149169921875
2023-01-31,141.7597198486328,84.97257232666016,239.38661193847656,149.24609375,146.81211853027344,129.11410522460938,54.96221160888672,240.49769592285156,19.471900939941406,35.62572479248047,129.93101501464844,102.58132934570312
2023-02-01,142.87973022460938,86.07945251464844,236.7772674560547,146.96478271484375,148.15966796875,128.77276611328125,54.97116470336914,245.29193115234375,20.873212814331055,35.47244644165039,130.67018127441406,101.45831298828125
2023-02-02,148.1751708984375,88.5765609741211,232.37457275390625,144.94932556152344,148.71665954589844,128.1731719970703,54.03003692626953,256.7923278808594,21.63665771484375,35.77094650268555,129.73939514160156,98.28388214111328
2023-02-03,151.7906494140625,86.7982406616211,235.08828735351562,145.32666015625,147.88119506835938,130.1565399169922,53.62668991088867,250.72669982910156,21.02968978881836,35.545066833496094,130.1409149169922,98.9647445678711
2023-02-06,149.0692138671875,85.53822326660156,238.5611114501953,145.48963928222656,146.75819396972656,130.92222595214844,53.93144607543945,249.1932830810547,21.01872444152832,35.303035736083984,129.03671264648438,98.79673767089844
2023-02-07,151.93800354003906,86.42290496826172,236.89114379882812,149.3061065673828,146.7941436767578,132.5181427001953,53.8418083190918,259.6649169921875,22.099117279052734,35.1658935546875,127.77735900878906,101.61748504638672
2023-02-08,149.25588989257812,84.55523681640625,236.14149475097656,145.7983856201172,146.9827880859375,131.58644104003906,53.528099060058594,258.8594055175781,22.131006240844727,35.48051834106445,126.45417785644531,100.73322296142578
2023-02-09,148.2242889404297,82.09774780273438,233.6839599609375,144.46044921875,144.99740600585938,129.53843688964844,53.4384651184082,255.84117126464844,22.26256561279297,34.96419906616211,125.06705474853516,101.11346435546875
2023-02-10,148.58837890625,83.22372436523438,235.00291442871094,147.4879150390625,145.67117309570312,130.11041259765625,53.4384651184082,255.33657836914062,21.194143295288086,35.39984893798828,126.17124938964844,105.37553405761719
2023-02-13,151.38284301757812,86.18165588378906,235.45834350585938,146.6645965576172,146.21017456054688,131.52188110351562,54.316856384277344,263.3139953613281,21.715394973754883,35.48857879638672,127.822998046875,104.96564483642578
2023-02-14,150.7432403564453,86.4765396118164,231.86216735839844,147.7880859375,145.5723419189453,132.10301208496094,53.41157913208008,264.1389465332031,22.894451141357422,35.27076721191406,127.10205841064453,103.73599243164062
2023-02-15,152.839111328125,86.35142517089844,235.98023986816406,146.230712890625,143.17369079589844,132.65655517578125,53.41157913208008,262.027587890625,22.688142776489258,34.94806671142578,126.81005859375,103.42411804199219
2023-02-16,151.24508666992188,84.3943862915039,233.91172790527344,144.11959838867188,142.15853881835938,130.82998657226562,53.07994842529297,255.05177307128906,21.92868423461914,34.64957809448242,125.14916229248047,103.12117767333984
2023-02-17,150.10369873046875,83.57222747802734,235.11676025390625,140.9009552001953,145.1263885498047,131.21742248535156,53.886627197265625,251.07252502441406,21.31673240661621,34.85932540893555,127.76824188232422,99.15599822998047
2023-02-21,146.09893798828125,81.07901000976562,228.3988800048828,139.30030822753906,142.9638214111328,128.80970764160156,53.59981155395508,245.82847595214844,20.5861759185791,34.447879791259766,127.677001953125,99.0579833984375
2023-02-22,146.5220489501953,81.2309341430664,225.72308349609375,138.73789978027344,142.7647705078125,127.8226089477539,53.761138916015625,244.6999053955078,20.684839248657227,34.189727783203125,128.2154083251953,97.77486419677734
2023-02-23,147.00416564941406,81.3381576538086,225.78004455566406,140.1049346923828,142.7195281982422,128.84658813476562,53.85973358154297,247.8716278076172,23.585142135620117,34.12519073486328,127.80472564697266,98.67481231689453
2023-02-24,144.35733032226562,79.58666229248047,224.09103393554688,140.5202178955078,141.1270294189453,130.00894165039062,53.63566207885742,242.4718780517578,23.208404541015625,33.68147659301758,127.08383178710938,98.68374633789062
2023-02-27,145.5479278564453,80.36412048339844,227.7062225341797,140.87498474121094,140.81939697265625,131.14361572265625,53.61773681640625,243.38644409179688,23.422685623168945,32.89894104003906,126.97429656982422,98.50553894042969
2023-02-28,145.0460968017578,81.14156341552734,227.29820251464844,139.10130310058594,138.67491149902344,132.24142456054688,53.33987808227539,242.66648864746094,23.138639450073242,32.729522705078125,125.53245544433594,97.93525695800781
2023-03-01,142.97976684570312,80.23006439208984,235.9517364501953,140.2087860107422,138.0506134033203,131.50341796875,52.757266998291016,239.60177612304688,22.622364044189453,32.41490173339844,125.62372589111328,98.80847930908203
2023-03-02,143.5701904296875,79.58666229248047,239.28221130371094,140.65005493164062,137.94200134277344,130.13807678222656,53.528099060058594,244.3107147216797,23.236310958862305,32.769859313964844,127.69522857666016,99.26292419433594
2023-03-03,148.60804748535156,81.51689147949219,242.25213623046875,142.72653198242188,139.36260986328125,132.52737426757812,53.277137756347656,248.37754821777344,23.810392379760742,33.19743728637695,128.62603759765625,100.51930236816406
2023-03-06,151.3631591796875,81.78498077392578,240.9901580810547,143.77349853515625,140.75604248046875,131.75247192382812,54.10174560546875,249.9147491455078,23.47551155090332,33.165164947509766,128.07852172851562,101.41036224365234
2023-03-07,149.16891479492188,79.9530258178711,233.55116271972656,141.92193603515625,139.42591857910156,127.87796020507812,53.78803253173828,247.2683868408203,23.214344024658203,32.543975830078125,125.53245544433594,99.45004272460938
2023-03-08,150.41854858398438,81.77603912353516,235.99916076660156,141.0220947265625,138.40347290039062,127.12149810791016,53.81492233276367,246.8306121826172,24.10451316833496,32.36648941040039,125.55072784423828,97.99763488769531
2023-03-09,148.1751251220703,75.94956970214844,228.63607788085938,138.8763427734375,136.84716796875,120.23960876464844,53.29506301879883,245.48794555664062,23.36187171936035,31.834043502807617,124.6290054321289,97.24024200439453
2023-03-10,146.11865234375,71.68695831298828,215.3995361328125,138.1495361328125,137.18191528320312,123.29308319091797,53.070980072021484,241.8589630126953,22.89236068725586,31.77757453918457,125.19481658935547,96.03732299804688
2023-03-13,148.05702209472656,74.60021209716797,213.20767211914062,137.31895446777344,138.4939727783203,121.0790786743164,53.6087646484375,247.04464721679688,22.893354415893555,32.15673828125,126.06175231933594,94.93242645263672
2023-03-14,150.14303588867188,77.03980255126953,214.12806701660156,139.09262084960938,139.27210998535156,124.18791198730469,53.80596160888672,253.7286376953125,23.986888885498047,32.18901062011719,127.62223052978516,95.2888412475586
2023-03-15,150.53663635253906,77.45087432861328,206.14817810058594,133.07070922851562,139.6611785888672,118.32077026367188,54.16448211669922,258.2527160644531,24.1513671875,32.49556350708008,129.4291229248047,90.54847717285156
2023-03-16,153.35073852539062,77.9781265258789,207.5240478515625,133.49465942382812,139.37164306640625,120.61780548095703,54.462547302246094,268.72137451171875,25.460216522216797,32.568180084228516,130.39642333984375,90.02275085449219
2023-03-17,152.51437377929688,75.86021423339844,204.0132598876953,131.8074951171875,137.87867736816406,116.06063842773438,54.20965576171875,271.8639221191406,25.64362907409668,32.35035705566406,130.43292236328125,88.96238708496094
2023-03-20,154.8759002685547,73.76019287109375,209.04220581054688,133.74560546875,139.24497985839844,117.28756713867188,54.73349380493164,264.8588562011719,25.818078994750977,32.92314147949219,132.4405975341797,91.28803253173828
2023-03-21,156.72572326660156,77.6385269165039,213.41644287109375,137.8380584716797,139.24497985839844,120.43331146240234,54.48060607910156,266.3669128417969,26.11613655090332,32.80213165283203,131.48236083984375,95.37794494628906
2023-03-22,155.29901123046875,75.04701232910156,208.7006378173828,135.0347442626953,136.6752166748047,117.32445526123047,54.23674011230469,264.91729736328125,26.384281158447266,32.27774429321289,131.40023803710938,93.19486999511719
2023-03-23,156.38134765625,75.46702575683594,208.21669006347656,133.69366455078125,136.74761962890625,117.01080322265625,54.11932373046875,270.14178466796875,27.10499382019043,32.41490173339844,131.21771240234375,92.14344024658203
2023-03-24,157.68020629882812,75.01126861572266,205.91098022460938,135.02609252929688,138.12295532226562,115.23036193847656,55.00446319580078,272.9730529785156,26.694299697875977,32.584312438964844,133.89154052734375,92.2503662109375
2023-03-27,155.74180603027344,75.23466491699219,206.85037231445312,136.4018096923828,138.7111053466797,118.532958984375,55.410892486572266,268.896484375,26.44708251953125,32.44716262817383,133.18887329101562,94.2730484008789
2023-03-28,155.12185668945312,74.76104736328125,208.89987182617188,137.9938201904297,137.37196350097656,118.89273834228516,55.47412109375,267.7776794433594,26.32646369934082,32.26161575317383,133.56304931640625,95.4492416381836
2023-03-29,158.19186401367188,76.11936950683594,211.5946502685547,139.17913818359375,138.72015380859375,119.13258361816406,55.87152099609375,272.9147033691406,26.89864730834961,32.47136688232422,133.97369384765625,97.08875274658203
2023-03-30,159.75636291503906,76.62874603271484,213.05587768554688,140.50296020507812,138.8287353515625,118.77279663085938,55.86248779296875,276.3587951660156,27.296388626098633,32.57624816894531,134.55772399902344,97.56101989746094
2023-03-31,162.25563049316406,78.4964370727539,217.13595581054688,141.16917419433594,140.24932861328125,120.21192932128906,56.025062561035156,280.49371337890625,27.68914031982422,32.91508102416992,135.68931579589844,97.71249389648438
2023-04-03,163.50527954101562,75.92276000976562,218.1132354736328,147.04400634765625,141.9232635498047,120.07352447509766,56.3592414855957,279.4527282714844,27.87654685974121,33.35877990722656,136.4376220703125,103.47758483886719
2023-04-04,162.97393798828125,72.56272888183594,206.3284912109375,146.2566680908203,143.40719604492188,118.46837615966797,56.18763732910156,279.404052734375,27.366167068481445,32.99574661254883,137.09463500976562,102.4885025024414
2023-04-05,161.13392639160156,72.75037384033203,202.6090087890625,146.98345947265625,149.84962463378906,118.64502716064453,56.720523834228516,276.6410217285156,26.795976638793945,33.520137786865234,138.03457641601562,104.24388122558594
2023-04-06,162.01950073242188,73.4474105834961,198.4719696044922,145.05398559570312,149.43341064453125,118.5148696899414,56.756656646728516,283.70440673828125,26.951480865478516,33.479801177978516,138.91067504882812,102.51525115966797
2023-04-10,159.43162536621094,72.9112319946289,204.50668334960938,145.6077423095703,148.68240356445312,118.90535736083984,56.62117004394531,281.55419921875,27.49176788330078,33.66534423828125,137.7608642578125,102.06083679199219
2023-04-11,158.22137451171875,74.52871704101562,209.31739807128906,146.41241455078125,148.63714599609375,119.49110412597656,56.521827697753906,275.1718444824219,27.08306312561035,33.7137565612793,137.48707580566406,102.78256225585938
2023-04-12,157.53260803222656,73.82274627685547,209.22251892089844,146.93154907226562,148.32046508789062,119.47248840332031,56.62117004394531,275.8139343261719,26.411197662353516,33.374916076660156,137.86122131347656,102.67564392089844
2023-04-13,162.9050750732422,75.34190368652344,210.33265686035156,148.89556884765625,150.3020782470703,119.92808532714844,57.03664016723633,281.9920349121094,26.37929344177246,33.455604553222656,138.50003051757812,103.15680694580078
2023-04-14,162.56069946289062,76.24447631835938,212.23983764648438,149.19837951660156,150.0577392578125,128.9838104248047,56.94632339477539,278.3922119140625,26.67336082458496,33.229698181152344,137.7973175048828,103.40630340576172
2023-04-17,162.58033752441406,77.9513168334961,213.7200469970703,147.8832550048828,149.90386962890625,130.0065460205078,57.316627502441406,280.9801330566406,26.91659164428711,33.221641540527344,137.84298706054688,102.2033920288086
2023-04-18,163.80047607421875,81.7671127319336,213.68215942382812,147.53720092773438,145.6873779296875,131.46624755859375,57.406951904296875,280.56182861328125,27.579486846923828,32.7133903503418,137.9889678955078,104.19934844970703
2023-04-19,164.94186401367188,82.7054214477539,213.16024780273438,147.6756134033203,147.06271362304688,131.2988739013672,57.51533508300781,280.6396484375,27.842655181884766,32.46330261230469,138.01638793945312,103.8696517944336
2023-04-20,163.97755432128906,82.1603012084961,210.90199279785156,146.9574737548828,148.01278686523438,130.9176788330078,57.76823043823242,278.36309814453125,27.018272399902344,32.1486701965332,138.5223388671875,103.04096984863281
2023-04-21,162.37371826171875,79.93517303466797,210.13876342773438,146.3258514404297,147.20750427246094,130.66664123535156,57.849525451660156,278.0224609375,27.033222198486328,32.43910217285156,143.3157196044922,103.37068176269531
2023-04-24,162.67872619628906,79.1934585571289,213.15341186523438,148.36776733398438,148.103271484375,130.8433074951172,57.759193420410156,274.1405029296875,26.956464767456055,32.19708251953125,143.5728759765625,105.32206726074219
2023-04-25,161.14376831054688,77.23641204833984,208.5741729736328,146.21339416503906,149.46055603027344,127.99828338623047,57.66887283325195,267.9625244140625,26.15799903869629,31.729162216186523,143.6095733642578,103.8250961303711
2023-04-26,161.13392639160156,76.23553466796875,206.2464141845703,143.6090850830078,147.1441650390625,125.72970581054688,57.397918701171875,287.3723449707031,26.87073516845703,31.16444969177246,141.94749450683594,102.87165069580078
2023-04-27,165.70933532714844,77.8708724975586,204.47198486328125,144.44834899902344,147.48800659179688,127.42184448242188,57.51533508300781,296.5761413574219,27.13988494873047,31.253192901611328,143.6830596923828,104.101318359375
2023-04-28,166.95895385742188,80.58625793457031,208.7364044189453,145.8586883544922,148.1214141845703,128.52821350097656,57.9398307800293,298.9403991699219,27.661231994628906,31.37419891357422,143.60043334960938,105.44680786132812
2023-05-01,166.8704071044922,80.06304168701172,207.27676391601562,144.6992645263672,148.03089904785156,131.28028869628906,58.075321197509766,297.286376953125,28.818559646606445,31.632349014282227,143.77488708496094,102.17664337158203
2023-05-02,165.83724975585938,76.37336730957031,205.25425720214844,138.4696807861328,149.3248291015625,129.16046142578125,57.81339645385742,297.1404113769531,28.120769500732422,31.5113468170166,143.6462860107422,98.10455322265625
2023-05-03,164.76473999023438,74.90291595458984,205.7217254638672,135.6923370361328,147.370361328125,126.42699432373047,57.48823165893555,296.15777587890625,27.714059829711914,31.01923179626465,143.46266174316406,96.17098236083984
2023-05-04,163.13136291503906,72.80998992919922,200.7036590576172,135.16456604003906,146.7008056640625,124.69768524169922,57.55146789550781,297.1404113769531,27.47481918334961,30.841753005981445,142.8014678955078,94.48689270019531
2023-05-05,170.78663635253906,74.11808776855469,205.19700622558594,138.6167755126953,147.19845581054688,127.13361358642578,57.82242202758789,302.2386169433594,28.589284896850586,31.05150604248047,143.27902221679688,96.83927154541016
2023-05-08,170.7177276611328,73.2249526977539,204.91082763671875,138.07168579101562,146.86366271972656,127.4404296875,57.732093811035156,300.292724609375,29.058792114257812,31.196712493896484,142.60867309570312,97.22241973876953
2023-05-09,169.0154571533203,73.63994598388672,203.67062377929688,137.67369079589844,145.7235870361328,126.82679748535156,57.2534065246582,298.6873779296875,28.480628967285156,31.04343605041504,141.1486053466797,97.2491455078125
2023-05-10,170.7767791748047,74.4969711303711,203.36534118652344,135.91729736328125,146.26649475097656,126.891845703125,57.35276412963867,303.85357666015625,28.793638229370117,30.898221969604492,141.44244384765625,96.0016860961914
2023-05-11,170.9636993408203,75.12843322753906,200.3697509765625,135.16456604003906,145.6692657470703,126.49210357666016,57.67790985107422,301.71319580078125,28.48760414123535,30.645423889160156,141.7730255126953,94.26412963867188
2023-05-12,170.0375213623047,74.74954986572266,199.9022674560547,135.51063537597656,145.47927856445312,124.67906951904297,57.903709411621094,300.6040344238281,28.250354766845703,30.45785903930664,143.21470642089844,94.25521850585938
2023-05-15,169.5448455810547,74.99313354492188,201.57179260253906,136.01248168945312,144.3663330078125,125.72970581054688,57.750160217285156,301.080810546875,28.861421585083008,30.302927017211914,143.26063537597656,94.43497467041016
2023-05-16,169.5448455810547,72.53034973144531,197.66990661621094,132.81980895996094,144.17630004882812,124.88365173339844,57.09986877441406,303.29901123046875,29.120601654052734,30.18060302734375,143.01271057128906,92.14308166503906
2023-05-17,170.15573120117188,75.52537536621094,202.34454345703125,134.72329711914062,143.85963439941406,128.72348022460938,57.03664016723633,306.1656799316406,30.082548141479492,29.968584060668945,142.40663146972656,94.21027374267578
2023-05-18,172.4811248779297,75.06529235839844,204.84400939941406,134.55728149414062,143.3981475830078,129.69972229003906,56.720523834228516,310.5729675292969,31.577802658081055,29.74839973449707,140.06504821777344,95.0641098022461
2023-05-19,172.58949279785156,74.94801330566406,204.90126037597656,135.6231689453125,143.78721618652344,129.40220642089844,56.74761962890625,310.3973083496094,31.165111541748047,29.984895706176758,140.65274047851562,95.50453186035156
2023-05-22,171.6436004638672,76.68911743164062,204.40521240234375,133.1856231689453,143.0123291015625,128.33299255371094,55.55540084838867,313.1666259765625,31.077396392822266,31.59952735900879,136.97042846679688,94.3450927734375
2023-05-23,169.04232788085938,75.5344009399414,202.926513671875,137.03860473632812,142.9576416015625,126.99415588378906,55.456058502197266,307.394287109375,30.590932846069336,32.32529830932617,135.49200439453125,95.63035583496094
2023-05-24,169.31822204589844,75.02017974853516,200.054931640625,137.40548706054688,142.82086181640625,125.83196258544922,54.986392974853516,306.0194091796875,30.441410064697266,31.501670837402344,134.3717041015625,96.69989776611328
2023-05-25,170.4513397216797,75.35396575927734,200.32203674316406,135.0377960205078,140.76963806152344,126.13876342773438,54.56189727783203,317.788330078125,37.859867095947266,30.849292755126953,133.50851440429688,94.96526336669922
2023-05-26,172.8555145263672,77.31155395507812,202.058349609375,134.6184539794922,140.71493530273438,127.319580078125,54.42641830444336,324.58441162109375,38.82281494140625,30.661733627319336,133.51766967773438,94.3450927734375
2023-05-30,174.69808959960938,77.94304656982422,200.24574279785156,133.77967834472656,140.733154296875,127.80303192138672,53.99287796020508,322.9463195800781,39.984134674072266,30.18060302734375,131.47911071777344,93.50923919677734
2023-05-31,174.64883422851562,77.2574462890625,196.28659057617188,131.595458984375,141.36219787597656,126.17597198486328,53.88450622558594,320.1966552734375,37.71433639526367,31.004236221313477,130.85470581054688,91.83750915527344
2023-06-01,177.4471435546875,78.61061096191406,199.4539031982422,132.94094848632812,140.88815307617188,127.91462707519531,54.19158172607422,324.2822265625,39.64420700073242,31.004236221313477,132.19537353515625,92.89804077148438
2023-06-02,178.29452514648438,80.28855895996094,216.2062225341797,136.5230712890625,143.1034698486328,130.6015625,55.23929214477539,327.0317687988281,39.20261001586914,31.281496047973633,134.5461883544922,95.05513000488281
2023-06-05,176.9446258544922,77.149169921875,212.2375946044922,135.86781311035156,144.334228515625,129.31851196289062,54.86898422241211,327.5583190917969,39.04710006713867,31.51798439025879,134.01358032226562,94.6327133178711
2023-06-06,176.58004760742188,78.84516906738281,216.2539520263672,136.11241149902344,144.20660400390625,129.55096435546875,54.4715690612793,325.3547058105469,38.531742095947266,31.289644241333008,132.68206787109375,95.40567779541016
2023-06-07,175.21047973632812,78.75495910644531,224.7159423828125,139.64218139648438,144.51657104492188,130.80612182617188,54.390289306640625,315.3116455078125,37.360328674316406,31.71369171142578,132.96676635742188,97.54476165771484
2023-06-08,177.9201202392578,79.98184204101562,223.6665496826172,139.126708984375,146.10284423828125,130.8433074951172,54.525760650634766,317.1447448730469,38.39216613769531,31.876789093017578,134.4727020263672,97.23916625976562
2023-06-09,178.30438232421875,79.55783081054688,224.21987915039062,138.79469299316406,145.8749237060547,131.1036376953125,54.616085052490234,318.6365966796875,38.651371002197266,31.778928756713867,134.58291625976562,96.5201416015625
2023-06-12,181.0928497314453,81.09143829345703,226.95787048339844,137.45794677734375,145.77464294433594,131.0943603515625,54.381256103515625,323.57037353515625,39.36119079589844,32.53731918334961,133.5269012451172,95.64833068847656
2023-06-13,180.6199188232422,81.79510498046875,234.15106201171875,138.4888916015625,146.5404510498047,132.04269409179688,54.598018646240234,325.94952392578125,40.8964729309082,32.847190856933594,133.20547485351562,95.66630554199219
2023-06-14,181.25051879882812,81.4522933959961,232.12860107421875,137.2482452392578,147.2880096435547,131.54994201660156,54.96833038330078,328.9233703613281,42.86543655395508,32.096961975097656,134.45433044433594,94.515869140625
2023-06-15,183.28025817871094,83.58129119873047,236.27854919433594,138.28794860839844,149.2663116455078,133.03750610351562,55.723690032958984,339.4149169921875,42.52249526977539,32.41499710083008,136.31845092773438,95.17198944091797
2023-06-16,182.20626831054688,82.21006774902344,233.98890686035156,137.39674377441406,149.72213745117188,133.195556640625,56.124114990234375,333.7888488769531,42.561370849609375,32.66779708862305,137.31936645507812,94.48890686035156
2023-06-20,182.294921875,81.74999237060547,230.0583953857422,134.26895141601562,149.6309814453125,132.51686096191406,55.75099182128906,329.6156005859375,43.673954010009766,32.08065414428711,136.05215454101562,92.32283782958984
2023-06-21,181.26036071777344,80.40583801269531,230.3732452392578,135.31739807128906,149.40304565429688,132.32162475585938,55.905704498291016,325.2376708984375,42.91329574584961,31.721853256225586,137.22755432128906,93.3564453125
2023-06-22,184.2557830810547,80.41485595703125,226.4236297607422,133.36032104492188,150.98934936523438,129.7740936279297,56.287933349609375,331.2342224121094,42.89335250854492,31.583221435546875,137.6958770751953,92.84413146972656
2023-06-23,183.94046020507812,79.24210357666016,223.6570587158203,132.23326110839844,150.86170959472656,129.09536743164062,55.696388244628906,326.6612548828125,42.0798454284668,31.232563018798828,136.32763671875,92.03523254394531
2023-06-26,182.55111694335938,80.090087890625,226.05157470703125,134.55728149414062,149.17514038085938,129.4114990234375,55.71458435058594,320.4014892578125,40.507667541503906,30.08275032043457,136.46536254882812,93.73392486572266
2023-06-27,185.30018615722656,82.39051055908203,229.61956787109375,134.13792419433594,148.86514282226562,129.42079162597656,55.59628677368164,326.2225646972656,41.74787139892578,29.699480056762695,137.7601318359375,93.96761322021484
2023-06-28,186.47274780273438,82.35440826416016,230.7452850341797,135.3523406982422,148.56434631347656,128.85365295410156,55.077537536621094,327.4705505371094,40.99118423461914,29.593463897705078,137.73260498046875,94.73157501220703
2023-06-29,186.8077392578125,83.72562408447266,233.0063018798828,136.50559997558594,149.60365295410156,133.3535919189453,54.622501373291016,326.69049072265625,40.69709777832031,29.454835891723633,137.17245483398438,95.89998626708984
2023-06-30,191.12344360351562,83.86996459960938,234.7330322265625,137.47543334960938,150.89820861816406,135.22242736816406,54.80451583862305,332.0435791015625,42.17256546020508,29.9115047454834,139.33958435058594,96.39431762695312
2023-07-03,189.6356658935547,85.48475646972656,235.9541778564453,137.35308837890625,148.91986083984375,136.31024169921875,55.13214111328125,329.55712890625,42.2832145690918,29.887035369873047,140.0374755859375,96.58306884765625
2023-07-05,188.52218627929688,83.81584167480469,233.56915283203125,136.56678771972656,148.42758178710938,135.4021453857422,55.54167938232422,329.7131042480469,42.187522888183594,29.73209571838379,139.79872131347656,96.0887451171875
2023-07-06,188.99514770507812,83.0129623413086,229.5146026611328,133.57000732421875,147.32447814941406,134.06353759765625,55.11394119262695,332.7552185058594,41.974178314208984,29.05525779724121,139.56915283203125,92.50260162353516
2023-07-07,187.88172912597656,82.91372680664062,233.90306091308594,134.74075317382812,145.18206787109375,135.12135314941406,54.38589096069336,328.8063659667969,42.37294006347656,28.973711013793945,136.63986206054688,92.71830749511719
2023-07-10,185.84213256835938,84.23082733154297,237.36605834960938,135.64064025878906,145.41909790039062,135.8795928955078,53.97636032104492,323.5508117675781,42.050933837890625,29.09602928161621,136.69496154785156,94.09343719482422
2023-07-11,185.31991577148438,88.83161926269531,241.22024536132812,138.1481475830078,144.61685180664062,138.00462341308594,54.1674690246582,324.17486572265625,42.275238037109375,29.37328338623047,135.97865295410156,95.243896484375
2023-07-12,186.985107421875,88.57001495361328,241.93577575683594,139.4761505126953,144.11541748046875,138.68798828125,54.45869445800781,328.7868957519531,43.767662048339844,29.348827362060547,136.6857452392578,95.71124267578125
2023-07-13,187.7438201904297,92.68367767333984,244.09182739257812,137.61520385742188,144.78094482421875,139.36199951171875,54.92281723022461,334.1106262207031,45.83632278442383,29.40590476989746,136.77757263183594,93.9586181640625
2023-07-14,187.8916015625,93.847412109375,243.8628387451172,134.18161010742188,145.74728393554688,140.20452880859375,55.42336654663086,336.62628173828125,45.32986831665039,29.61792755126953,137.7876739501953,90.7230224609375
2023-07-17,191.14315795898438,94.17215728759766,245.61822509765625,134.0592803955078,145.01797485351562,143.58395385742188,55.34146499633789,337.10406494140625,46.3188362121582,29.242813110351562,136.81430053710938,91.11846923828125
2023-07-18,190.88697814941406,96.4184341430664,251.67616271972656,134.3301239013672,145.0088653564453,143.84608459472656,55.123043060302734,350.520751953125,47.34867477416992,29.552696228027344,137.0714569091797,90.70503234863281
2023-07-19,192.23687744140625,97.58216857910156,251.90625,135.15139770507812,144.71714782714844,144.3983917236328,56.09681701660156,346.2207336425781,46.93294906616211,29.71578598022461,138.0081024169922,91.33419036865234
2023-07-20,190.29579162597656,96.9867935180664,250.31478881835938,136.64540100097656,153.50552368164062,146.17703247070312,56.77937698364258,338.21563720703125,45.38071823120117,29.984895706176758,139.12713623046875,92.94300842285156
2023-07-21,189.1232452392578,94.62323760986328,247.01673889160156,138.64614868164062,155.15565490722656,145.05369567871094,56.82487106323242,335.1929626464844,44.17341995239258,30.498640060424805,141.31715393066406,93.3744125366211
2023-07-24,189.92137145996094,94.83973693847656,248.66574096679688,141.3807830810547,155.96701049804688,147.90887451171875,56.843074798583984,336.4995422363281,44.47549819946289,30.588342666625977,141.7699432373047,94.83942413330078
2023-07-25,190.778564453125,94.18119049072266,251.24472045898438,142.02737426757812,157.16131591796875,146.80426025390625,56.651954650878906,342.22308349609375,45.53923416137695,30.22138214111328,142.10260009765625,94.98323822021484
2023-07-26,191.6456756591797,94.46084594726562,247.65908813476562,140.96144104003906,157.46214294433594,147.68421936035156,57.38002014160156,329.3426208496094,45.312923431396484,30.343700408935547,142.25045776367188,94.45294189453125
2023-07-27,190.3844451904297,93.17081451416016,247.639892578125,139.49366760253906,158.34646606445312,146.0553741455078,56.82487106323242,322.46856689453125,45.75955581665039,29.848966598510742,140.55943298339844,94.74954986572266
2023-07-28,192.9561767578125,95.498046875,249.68199157714844,138.80340576171875,159.06666564941406,146.8885040283203,56.86127471923828,329.9276123046875,46.60695266723633,29.74177360534668,144.5329132080078,93.61709594726562
2023-07-31,193.56707763671875,95.2616958618164,254.22634887695312,142.98838806152344,152.73060607910156,147.8714599609375,56.360740661621094,327.53887939453125,46.58600997924805,29.733524322509766,144.43125915527344,96.38533020019531
2023-08-01,192.73939514160156,96.43438720703125,276.7373352050781,141.80020141601562,153.97048950195312,147.14125061035156,56.21512985229492,327.94830322265625,46.36469268798828,29.362476348876953,144.3850555419922,95.82808685302734
2023-08-02,189.75387573242188,93.53443908691406,275.7019348144531,139.55477905273438,154.900390625,145.47496032714844,56.38804244995117,319.3288879394531,44.133541107177734,29.148090362548828,144.6992645263672,94.6327133178711
2023-08-03,188.3645782470703,93.2799072265625,269.8345947265625,139.5023956298828,155.56591796875,146.36428833007812,56.09681701660156,318.5098571777344,44.37879180908203,28.8594913482666,145.07810974121094,96.27749633789062
2023-08-04,179.3192596435547,93.38899993896484,265.03131103515625,139.18785095214844,154.1072540283203,146.0553741455078,55.25045394897461,319.60186767578125,44.54328536987305,28.875988006591797,143.48867797851562,96.54711151123047
2023-08-07,176.22535705566406,94.47987365722656,270.02630615234375,139.69459533691406,157.8085479736328,146.7480926513672,55.687286376953125,321.8737487792969,45.27803039550781,29.420198440551758,145.00416564941406,96.3493881225586
2023-08-08,177.16140747070312,94.33442687988281,271.21514892578125,139.48489379882812,157.88153076171875,145.92428588867188,55.44156265258789,317.9150085449219,44.52733612060547,29.387208938598633,145.16123962402344,96.82573699951172
2023-08-09,175.57505798339844,90.98904418945312,272.7873840332031,139.6683807373047,157.78123474121094,143.96775817871094,55.56898498535156,314.1903381347656,42.423789978027344,29.5521240234375,144.9764404296875,98.47051239013672
2023-08-10,175.3582305908203,91.08904266357422,272.1067199707031,140.51588439941406,156.96075439453125,143.75247192382812,55.44156265258789,314.8728942871094,42.25830841064453,29.45318031311035,144.25567626953125,98.97383117675781
2023-08-11,175.4174346923828,89.42544555664062,273.44891357421875,143.41651916503906,158.49234008789062,144.58563232421875,55.6690788269043,313.0008544921875,40.72998809814453,29.717041015625,145.0966033935547,100.51074981689453
2023-08-14,177.06517028808594,89.12545013427734,272.7969970703125,143.31167602539062,158.11854553222656,144.8852081298828,55.4051628112793,315.9552307128906,43.61911392211914,29.74177360534668,143.9599609375,100.59164428710938
2023-08-15,175.0819854736328,88.60726928710938,265.92291259765625,139.126708984375,157.66270446777344,141.1968536376953,55.03203582763672,313.8295593261719,43.80554962158203,29.181072235107422,143.03590393066406,98.00909423828125
2023-08-16,174.21376037597656,88.089111328125,263.180908203125,138.59375,157.16131591796875,140.59768676757812,55.041141510009766,313.0674743652344,43.352935791015625,29.25528335571289,141.57594299316406,96.35991668701172
2023-08-17,171.67803955078125,87.9981918334961,263.8136901855469,140.91363525390625,158.63818359375,139.13731384277344,55.159446716308594,309.62799072265625,43.21137237548828,30.104581832885742,140.55943298339844,98.2265853881836
2023-08-18,172.16151428222656,89.74361419677734,262.50018310546875,141.9280242919922,157.2524871826172,139.4556427001953,55.468868255615234,309.2371520996094,43.166507720947266,30.228261947631836,140.95677185058594,99.71265411376953
2023-08-21,173.4934844970703,89.80725860595703,261.4936218261719,141.45169067382812,152.56651306152344,139.9330596923828,54.995628356933594,314.5135498046875,46.82328796386719,30.516855239868164,140.24526977539062,98.50749969482422
2023-08-22,174.8649139404297,89.32545471191406,259.0487976074219,140.287353515625,151.35401916503906,137.03103637695312,54.65890884399414,315.0802917480469,45.52825927734375,30.376684188842773,140.30067443847656,97.95471954345703
2023-08-23,178.70301818847656,90.6344985961914,261.7619934082031,140.4726104736328,149.99563598632812,137.95777893066406,54.85002517700195,319.51641845703125,46.971839904785156,30.228261947631836,141.6128387451172,97.09388732910156
2023-08-24,174.02627563476562,90.0163345336914,258.1859130859375,139.3170623779297,150.50621032714844,137.82675170898438,54.70440673828125,312.6473083496094,47.0186882019043,29.815980911254883,140.95677185058594,96.36896514892578
2023-08-25,176.22654724121094,90.59814453125,261.3114318847656,140.35792541503906,152.6641387939453,137.65823364257812,54.959228515625,315.5884094238281,45.877197265625,29.997385025024414,141.88082885742188,98.09064483642578
2023-08-28,177.7854461669922,91.70721435546875,263.44940185546875,141.3194122314453,150.86431884765625,138.1356964111328,55.11394119262695,316.2919616699219,46.69169235229492,29.85721206665039,142.10260009765625,98.9152603149414
2023-08-29,181.66297912597656,94.81624603271484,268.47308349609375,141.09886169433594,150.88267517089844,139.25904846191406,55.0593376159668,320.8940734863281,48.634727478027344,29.8077335357666,142.18577575683594,99.50425720214844
2023-08-30,185.1458740234375,95.35260009765625,270.6781921386719,141.2929229736328,150.35008239746094,138.69737243652344,55.03203582763672,321.26544189453125,49.113258361816406,29.601604461669922,142.34286499023438,100.47383117675781
2023-08-31,185.36294555664062,96.6980209350586,269.5277404785156,142.10447692871094,148.46759033203125,136.9842071533203,54.449588775634766,320.259033203125,49.2039794921875,29.172834396362305,142.62010192871094,100.75474548339844
2023-09-01,186.9317169189453,94.98894500732422,274.4364318847656,144.9271240234375,147.36563110351562,137.4429473876953,53.97636032104492,321.1384582519531,48.36056900024414,29.502649307250977,142.77719116210938,102.86605834960938
2023-09-05,187.16851806640625,98.3979721069336,270.00714111328125,146.8324737548828,147.54930114746094,135.9263916015625,53.530418395996094,325.91650390625,48.39945602416992,29.172834396362305,140.8643798828125,102.87512969970703
2023-09-06,180.46913146972656,98.08888244628906,271.2246398925781,146.982421875,145.0974884033203,135.70175170898438,53.4940185546875,325.2618713378906,46.920860290527344,28.340023040771484,140.58712768554688,103.76314544677734
2023-09-07,175.19053649902344,99.44341278076172,269.8153381347656,146.99122619628906,146.9524383544922,134.54095458984375,53.0844841003418,322.35980224609375,46.10330581665039,28.265817642211914,141.92703247070312,103.25569915771484
2023-09-08,175.80223083496094,102.4251708984375,270.6302795410156,147.4940185546875,147.43910217285156,134.64390563964844,53.0844841003418,326.61993408203125,45.4362907409668,28.241077423095703,141.31715393066406,104.75989532470703
2023-09-11,176.96649169921875,103.17971801757812,270.4096984863281,144.45082092285156,149.3675079345703,135.23367309570312,53.58502197265625,330.2060546875,45.04347610473633,27.985464096069336,142.9989471435547,103.44601440429688
2023-09-12,173.94735717773438,102.3069839477539,270.17962646484375,147.1411895751953,150.21231079101562,136.99359130859375,53.05717849731445,324.17724609375,44.73638916015625,28.15862464904785,140.4854736328125,106.46346282958984
2023-09-13,171.88522338867188,102.49789428710938,264.5327453613281,146.60311889648438,150.58883666992188,137.05911254882812,53.184593200683594,328.36907958984375,45.34955596923828,28.10090446472168,141.46502685546875,105.51202392578125
2023-09-14,173.3948211669922,102.4615478515625,270.8987121582031,147.5116424560547,150.35923767089844,139.71774291992188,53.62489318847656,330.9486389160156,45.44527053833008,28.15862464904785,143.01742553710938,107.39681243896484
2023-09-15,172.67454528808594,103.44334411621094,267.62945556640625,146.8677215576172,148.2563934326172,139.3058624267578,53.14789581298828,322.6626892089844,43.7692756652832,28.09265899658203,141.81614685058594,105.74761199951172
2023-09-18,175.5950469970703,103.97058868408203,269.3455505371094,147.5028076171875,149.1930389404297,139.59603881835938,53.47811508178711,321.529296875,43.835079193115234,27.738101959228516,142.35211181640625,106.59939575195312
2023-09-19,176.68038940429688,104.65239715576172,268.12799072265625,147.48519897460938,148.945068359375,139.4181671142578,53.36804962158203,321.1286926269531,43.39041519165039,28.026697158813477,141.93626403808594,106.3184814453125
2023-09-20,173.1481475830078,103.834228515625,267.1117248535156,147.03533935546875,149.59707641601562,138.82839965820312,53.60654067993164,313.428955078125,42.11322021484375,27.721607208251953,141.81614685058594,105.47577667236328
2023-09-21,171.60894775390625,101.02519989013672,260.8032531738281,145.7122039794922,148.44921875,137.74249267578125,52.780982971191406,312.21734619140625,40.89485549926758,27.086700439453125,140.58712768554688,103.98967742919922
2023-09-22,172.45748901367188,101.0706558227539,261.790771484375,146.6736602783203,147.38401794433594,136.4225311279297,52.83601379394531,309.7550354003906,41.48610305786133,26.95476722717285,140.06968688964844,104.15279388427734
2023-09-25,173.7303009033203,100.27066040039062,262.9508056640625,148.81715393066406,147.1636199951172,137.0965576171875,52.28563690185547,310.2729187011719,42.09627914428711,27.193893432617188,139.21954345703125,105.32173156738281
2023-09-26,169.665283203125,96.30712890625,258.3968811035156,148.0144500732422,146.0249786376953,135.6736297607422,51.85451889038086,304.99652099609375,41.786197662353516,26.715648651123047,137.9812774658203,105.48484802246094
2023-09-27,168.15565490722656,96.86165618896484,261.4552307128906,150.87242126464844,144.2710723876953,136.46934509277344,51.32249069213867,305.6316223144531,42.34153747558594,26.468280792236328,136.15164184570312,108.91913604736328
2023-09-28,168.41221618652344,98.38887786865234,264.8395080566406,150.4754638671875,144.05987548828125,138.16375732421875,51.19406509399414,306.4621887207031,42.960697174072266,26.46003532409668,135.22756958007812,108.25764465332031
2023-09-29,168.92530822753906,97.39801025390625,261.7332458496094,148.73776245117188,143.02218627929688,135.75790405273438,51.350013732910156,308.5238952636719,43.369468688964844,27.350555419921875,134.78404235839844,106.54502868652344
2023-10-02,171.4313507080078,97.41619110107422,260.5060119628906,146.9029998779297,142.47120666503906,134.58775329589844,50.891361236572266,314.4353942871094,44.64865493774414,27.985464096069336,134.16488647460938,104.77803802490234
2023-10-03,170.09939575195312,93.83444213867188,257.8695373535156,147.24700927734375,142.64569091796875,133.59542846679688,50.34098815917969,306.2178955078125,43.387420654296875,27.952484130859375,134.44212341308594,104.95927429199219
2023-10-04,171.3425750732422,94.76168060302734,254.0921630859375,143.815673828125,142.81097412109375,134.19456481933594,50.48775100708008,311.6604309082031,43.90985870361328,27.46599578857422,134.8856658935547,101.03565216064453
2023-10-05,172.57591247558594,94.71625518798828,250.03668212890625,144.5742950439453,144.29859924316406,134.7603759765625,48.04775619506836,312.0512390136719,44.554931640625,27.597929000854492,132.8804473876953,98.76119995117188
2023-10-06,175.1215057373047,95.57077026367188,255.06045532226562,143.1011962890625,144.75772094726562,136.8350830078125,48.74489212036133,319.77056884765625,45.625736236572266,27.31757926940918,133.14840698242188,97.11199951171875
2023-10-09,176.60145568847656,95.27985382080078,260.1034240722656,147.06179809570312,145.5841827392578,136.52386474609375,48.506404876708984,322.2718811035156,45.138187408447266,27.37529754638672,132.47386169433594,100.51007843017578
2023-10-10,176.00942993164062,95.71622467041016,261.9345397949219,146.9029998779297,145.4188995361328,137.353759765625,49.56128692626953,320.8746032714844,45.66162872314453,27.350555419921875,133.78602600097656,100.08418273925781
2023-10-11,177.40066528320312,97.51618957519531,261.57025146484375,142.10447692871094,143.4170379638672,137.82525634765625,49.26775360107422,324.8123474121094,46.6666259765625,27.30108642578125,132.14120483398438,96.49583435058594
2023-10-12,178.2985382080078,95.32530975341797,258.4831237792969,142.2191162109375,143.55479431152344,137.5045928955078,48.44218826293945,323.5812072753906,46.805213928222656,27.1444149017334,132.4368896484375,96.47770690917969
2023-10-13,176.4633331298828,94.36170196533203,256.8820495605469,144.71542358398438,144.0323028564453,139.5698699951172,48.51557159423828,320.2297058105469,45.32563400268555,26.476526260375977,133.702880859375,99.55862426757812
2023-10-16,176.33505249023438,95.03441619873047,259.6144714355469,145.89743041992188,144.65673828125,139.42845153808594,49.01091384887695,325.0273132324219,45.957740783691406,27.433015823364258,134.9781036376953,99.631103515625
2023-10-17,174.7860107421875,95.7525863647461,261.39764404296875,147.82919311523438,143.33441162109375,139.12664794921875,49.59798049926758,324.46063232421875,43.80717086791992,27.004241943359375,135.15365600585938,100.93597412109375
2023-10-18,173.4934844970703,92.99809265136719,248.5220184326172,149.0023651123047,140.2489776611328,137.59893798828125,49.57963562011719,322.5552673339844,42.07034683227539,25.899337768554688,138.63735961914062,102.34956359863281
2023-10-19,173.1185760498047,85.65278625488281,242.4532012939453,149.16119384765625,139.87246704101562,137.01426696777344,49.85481643676758,323.7375793457031,41.97563934326172,25.717933654785156,137.85719299316406,102.4129867553711
2023-10-20,170.572998046875,85.83460998535156,240.15000915527344,147.15884399414062,140.49691772460938,134.8075408935547,50.05663299560547,319.1939697265625,41.26376724243164,25.272674560546875,137.67120361328125,100.65506744384766
2023-10-23,170.69139099121094,84.3073501586914,238.33828735351562,141.73399353027344,139.0184783935547,132.9686279296875,49.60715103149414,321.7832946777344,42.84703063964844,25.429338455200195,137.76419067382812,99.17803192138672
2023-10-24,171.12551879882812,86.51638793945312,240.4872589111328,138.1791534423828,138.87156677246094,133.12893676757812,51.03812026977539,322.9656066894531,43.53297424316406,25.091270446777344,139.39151000976562,98.217529296875
2023-10-25,168.8167724609375,83.55282592773438,236.04470825195312,137.49111938476562,139.18377685546875,132.4027862548828,51.478424072265625,332.8735656738281,41.65459060668945,25.338638305664062,140.0424346923828,98.39874267578125
2023-10-26,164.66290283203125,83.90736389160156,233.6258544921875,136.50318908691406,136.82376098632812,132.74227905273438,51.16654586791992,320.3860778808594,40.2059211730957,25.693199157714844,139.2985382080078,97.50164794921875
2023-10-27,165.9751434326172,82.17420959472656,229.8964080810547,127.32946014404297,133.70162963867188,127.96107482910156,50.67121505737305,322.2621154785156,40.37940216064453,24.82741355895996,136.8435821533203,95.64405059814453
2023-10-30,168.0175323486328,84.71435546875,233.36566162109375,128.8643035888672,135.01475524902344,129.59251403808594,51.505950927734375,329.5904541015625,41.03843688964844,25.190216064453125,138.79637145996094,95.94307708740234
2023-10-31,168.4911346435547,84.68684387207031,217.8406982421875,128.5467529296875,136.21774291992188,131.13909912109375,51.817832946777344,330.3721618652344,40.6585693359375,25.198461532592773,139.5124053955078,95.91588592529297
2023-11-01,171.64842224121094,86.88768768310547,223.41082763671875,127.00310516357422,136.5391387939453,131.02593994140625,51.7719612121582,338.1500244140625,42.1989631652832,25.157236099243164,139.12185668945312,95.72560119628906
2023-11-02,175.20042419433594,90.05139923095703,230.43605041503906,131.21946716308594,137.9624786376953,133.3647003173828,52.368202209472656,340.3485107421875,43.3764533996582,25.148990631103516,140.8235626220703,98.86994934082031
2023-11-03,174.2926788330078,92.52735137939453,232.00685119628906,130.20509338378906,138.97256469726562,134.85472106933594,52.047157287597656,344.7259521484375,44.8709831237793,25.775651931762695,139.54957580566406,97.6647720336914
2023-11-06,176.83822631835938,90.17061614990234,229.62657165527344,129.66700744628906,139.3031463623047,135.87315368652344,52.25813293457031,348.37060546875,45.61476135253906,25.709688186645508,140.3585968017578,95.93401336669922
2023-11-07,179.3936767578125,90.72083282470703,226.3885955810547,127.38239288330078,138.56851196289062,135.80715942382812,52.45075988769531,352.2790832519531,45.81816482543945,25.767406463623047,140.0331268310547,94.42982482910156
2023-11-08,180.44943237304688,90.93174743652344,226.292236328125,125.60941314697266,138.06346130371094,136.47671508789062,52.368202209472656,354.8879699707031,46.43531799316406,25.41284942626953,139.49380493164062,93.26994323730469
2023-11-09,179.975830078125,88.81343078613281,225.6465606689453,125.2036361694336,135.37290954589844,136.0712127685547,51.973758697509766,352.43536376953125,46.81019973754883,24.80280876159668,139.80996704101562,93.297119140625
2023-11-10,184.15484619140625,90.45489501953125,230.97572326660156,126.09452819824219,135.21681213378906,138.08929443359375,52.028804779052734,361.2098693847656,48.19107437133789,24.635669708251953,140.79568481445312,94.01298522949219
2023-11-13,182.5741424560547,89.62042236328125,232.8934326171875,127.0207290649414,135.5657501220703,137.47633361816406,52.221435546875,358.2882995605469,48.4752197265625,24.217836380004883,141.77203369140625,95.00069427490234
2023-11-14,185.18235778808594,94.0771255493164,238.85865783691406,127.94692993164062,135.59329223632812,139.98484802246094,52.37737274169922,361.796142578125,49.50813293457031,24.451824188232422,141.45587158203125,95.36646270751953
2023-11-15,185.74545288085938,95.62689971923828,241.9713592529297,128.39682006835938,136.64013671875,141.2107696533203,52.478271484375,361.9429931640625,48.74242401123047,25.22899627685547,140.80494689941406,94.79037475585938
2023-11-16,187.4249725341797,95.09500885009766,239.19595336914062,126.36456298828125,137.83392333984375,142.8233642578125,52.423240661621094,368.3071594238281,49.33266830444336,24.878015518188477,142.11610412597656,93.69304656982422
2023-11-17,187.4052276611328,96.2504653930664,243.8794708251953,128.76223754882812,137.54922485351562,144.11537170410156,52.52413558959961,362.1192932128906,49.151214599609375,25.003366470336914,140.47952270507812,95.97913360595703
2023-11-20,189.14401245117188,97.61681365966797,241.35459899902344,128.69091796875,138.76182556152344,144.55857849121094,52.652565002441406,369.5506591796875,50.2588996887207,25.053508758544922,139.73558044433594,95.5584945678711
2023-11-21,188.34378051757812,97.0024185180664,240.35235595703125,128.38784790039062,139.8818359375,144.2567901611328,53.23046112060547,365.27197265625,49.79528045654297,25.3209228515625,139.12185668945312,95.52191162109375
2023-11-22,189.00570678710938,97.91942596435547,237.07586669921875,128.6463623046875,139.60415649414062,144.5963134765625,53.58819580078125,369.9520263671875,48.5709342956543,25.337636947631836,140.43299865722656,95.11042022705078
2023-11-24,187.68186950683594,98.12117767333984,238.37681579589844,129.15444946289062,141.15921020507812,144.79432678222656,53.725791931152344,369.540771484375,47.63374328613281,25.488059997558594,140.7677459716797,95.62249755859375
2023-11-27,187.50401306152344,97.89192962646484,238.40573120117188,128.673095703125,140.02992248535156,144.46424865722656,53.62489318847656,370.69610595703125,48.09835433959961,25.18721580505371,140.63760375976562,95.064697265625
2023-11-28,188.10665893554688,98.70809173583984,238.51173400878906,129.69813537597656,140.35391235351562,144.79432678222656,53.73496627807617,374.70068359375,47.67860412597656,24.81116485595703,141.6139373779297,95.00984191894531
2023-11-29,187.0890655517578,102.1285629272461,240.3909149169922,128.2720184326172,140.7982177734375,145.52992248535156,53.413917541503906,370.93115234375,47.99665451049805,25.13707733154297,140.53530883789062,93.58331298828125
2023-11-30,187.66209411621094,103.04559326171875,241.6147918701172,127.9957046508789,143.15855407714844,147.18966674804688,54.03339767456055,370.98992919921875,46.6307258605957,25.46298599243164,142.7577362060547,93.94908905029297
2023-12-01,188.93655395507812,104.79708862304688,247.4354705810547,129.07418823242188,146.6019287109375,147.90634155273438,54.21830368041992,366.6818542480469,46.62574768066406,24.159337997436523,141.95803833007812,94.17768859863281
2023-12-04,187.14834594726562,105.9525375366211,245.49844360351562,129.127685546875,147.0647430419922,148.99085998535156,54.15359115600586,361.424072265625,45.374481201171875,24.468536376953125,141.4001007080078,93.66561889648438
2023-12-05,191.09031677246094,105.714111328125,245.92247009277344,127.33613586425781,146.75930786132812,148.9720001220703,54.2368049621582,364.7333984375,46.43142318725586,24.30975914001465,136.47164916992188,91.84590148925781
2023-12-06,190.00355529785156,102.80714416503906,246.6741485595703,127.0419692993164,144.97280883789062,147.4065399169922,54.18132019042969,361.09112548828125,45.37149429321289,24.05905532836914,136.36935424804688,90.62969207763672
2023-12-07,191.93008422851562,104.41195678710938,248.06185913085938,126.94393157958984,143.8435516357422,147.85919189453125,54.31077194213867,363.19622802734375,46.46133041381836,23.92534637451172,136.22987365722656,89.99873352050781
2023-12-08,193.35272216796875,103.2289810180664,250.07594299316406,128.6285400390625,142.93643188476562,149.49069213867188,54.190574645996094,366.40771484375,47.368709564208984,24.05069923400879,134.9744873046875,91.03203582763672
2023-12-11,190.8531951904297,103.61412811279297,251.4443817138672,128.66419982910156,143.52882385253906,150.03762817382812,54.58815383911133,363.5389709472656,46.492244720458984,23.93370246887207,135.5975341796875,91.09605407714844
2023-12-12,192.36476135253906,103.81588745117188,251.935791015625,127.01522064208984,143.53810119628906,151.37677001953125,54.939491271972656,366.5545959472656,47.51927185058594,23.883563995361328,135.70912170410156,89.66039276123047
2023-12-13,195.5756072998047,109.81319427490234,258.2383117675781,128.8959197998047,144.20452880859375,151.88597106933594,55.411041259765625,366.54473876953125,47.94902420043945,22.279069900512695,138.16407775878906,90.45594787597656
2023-12-14,195.7238311767578,117.80961608886719,274.81365966796875,133.6378173828125,145.20423889160156,154.6490936279297,54.58815383911133,358.2811584472656,48.21025466918945,21.836164474487305,134.5188446044922,92.88835144042969
2023-12-15,195.19032287597656,118.63493347167969,275.36297607421875,133.12086486816406,143.62139892578125,155.81846618652344,54.18132019042969,362.98089599609375,48.74870300292969,22.25400161743164,133.86795043945312,92.26653289794922
2023-12-18,193.53054809570312,115.50788879394531,275.33404541015625,133.4149932861328,143.88058471679688,156.76150512695312,54.56966018676758,364.86065673828125,49.93227767944336,22.613340377807617,135.92298889160156,92.95236206054688
2023-12-19,194.56793212890625,117.6445541381836,282.3207702636719,135.16201782226562,144.82472229003906,158.85504150390625,54.393985748291016,365.4580078125,49.460636138916016,23.532581329345703,135.92298889160156,94.17768859863281
2023-12-20,192.4833221435547,115.63627624511719,279.18878173828125,133.9230499267578,141.87196350097656,157.06329345703125,53.26597595214844,362.8731994628906,47.971946716308594,23.089677810668945,133.8214569091797,92.60487365722656
2023-12-21,192.33511352539062,118.42401885986328,279.5357666015625,134.3330841064453,143.3251953125,157.95916748046875,53.61732864379883,365.7320861816406,48.848419189453125,23.65793228149414,134.1468963623047,93.02552795410156
2023-12-22,191.2681427001953,119.84539031982422,279.815185546875,134.63612365722656,143.89910888671875,157.86488342285156,53.92243957519531,366.7503662109375,48.688873291015625,23.733144760131836,135.0953826904297,93.19011688232422
2023-12-26,190.72476196289062,120.4689712524414,284.89385986328125,135.84835815429688,144.5285186767578,158.7984619140625,54.14434051513672,366.8287353515625,49.13657760620117,23.741498947143555,135.70912170410156,93.40042877197266
2023-12-27,190.8235626220703,121.60608673095703,287.2933654785156,135.40269470214844,144.722900390625,159.7509307861328,54.28303146362305,366.25103759765625,49.2741813659668,23.90863800048828,135.82070922851562,92.96149444580078
2023-12-28,191.24838256835938,122.08293914794922,286.0984191894531,133.49520874023438,144.93580627441406,160.5996856689453,54.32001495361328,367.43572998046875,49.378875732421875,24.05905532836914,135.51382446289062,91.61729431152344
2023-12-29,190.21102905273438,120.05630493164062,284.932373046875,132.95150756835938,145.0839385986328,160.41107177734375,54.486446380615234,368.1799011230469,49.378875732421875,24.05905532836914,136.26705932617188,91.42524719238281
2024-01-02,183.4040069580078,117.62621307373047,282.0798645019531,133.23675537109375,148.07371520996094,162.2782745361328,55.30933380126953,363.1179504394531,48.02879333496094,24.844587326049805,138.31283569335938,93.60160064697266
2024-01-03,182.03074645996094,112.19744873046875,273.9752502441406,135.77703857421875,148.9993438720703,161.57101440429688,55.438777923583984,362.8535461425781,47.4315185546875,24.844587326049805,137.47592163085938,94.38801574707031
2024-01-04,179.7189483642578,112.70181274414062,275.70989990234375,134.2885284423828,148.6846160888672,162.64321899414062,55.25385665893555,360.24920654296875,47.85929489135742,24.30975914001465,138.2291259765625,93.56501770019531
2024-01-05,178.99774169921875,112.06906127929688,278.4371643066406,134.0567626953125,149.14744567871094,163.459228515625,55.1706428527832,360.0631408691406,48.955108642578125,24.627315521240234,137.08535766601562,93.84850311279297
2024-01-08,183.32493591308594,112.18828582763672,281.6365661621094,133.25453186035156,149.51768493652344,163.22201538085938,55.57747268676758,366.85809326171875,52.10197830200195,24.71923828125,138.26634216308594,92.2848129272461
2024-01-09,182.91000366210938,110.95946502685547,281.67510986328125,129.8675079345703,149.61024475097656,161.9315643310547,55.47576141357422,367.9350891113281,52.98642349243164,24.56882095336914,138.83358764648438,91.14176940917969
2024-01-10,183.94737243652344,111.44550323486328,282.6966247558594,128.79788208007812,149.83241271972656,162.27317810058594,55.66068649291992,374.76922607421875,54.19292449951172,24.22618865966797,139.42872619628906,90.24563598632812
2024-01-11,183.35459899902344,109.96908569335938,281.4534606933594,129.49314880371094,149.16595458984375,161.58999633789062,55.30009460449219,376.5903015136719,54.66355895996094,23.733144760131836,139.958740234375,90.22734832763672
2024-01-12,183.68063354492188,109.43721008300781,279.8634338378906,131.26690673828125,150.31375122070312,160.40391540527344,55.83634948730469,380.3500671386719,54.551883697509766,23.98384666442871,140.0424346923828,91.3978042602539
2024-01-16,181.41819763183594,108.43766021728516,276.7989196777344,128.0758819580078,148.5828094482422,159.39813232421875,55.46651840209961,382.1123962402344,56.219058990478516,23.666292190551758,139.28919982910156,89.3311996459961
2024-01-17,180.47964477539062,107.27305603027344,268.5112609863281,127.5678482055664,148.49949645996094,158.54417419433594,55.46651840209961,381.3291320800781,55.89101028442383,23.52422332763672,139.42872619628906,88.68196105957031
2024-01-18,186.35801696777344,107.37390899658203,271.6624450683594,126.40912628173828,149.22152709960938,158.85728454589844,55.62369155883789,385.6371765136719,56.941959381103516,23.474084854125977,138.62489318847656,88.51734924316406
2024-01-19,189.25271606445312,109.19880676269531,276.1933898925781,126.78347778320312,149.65652465820312,161.59947204589844,55.31858825683594,390.3368225097656,59.31907272338867,23.632862091064453,138.0915069580078,88.65450286865234
2024-01-22,191.5546417236328,110.93196868896484,279.47540283203125,127.0063247680664,150.38778686523438,161.40969848632812,55.078189849853516,388.2220153808594,59.481597900390625,23.65793228149414,138.36285400390625,88.53563690185547
2024-01-23,192.8291015625,109.10709381103516,279.6303405761719,126.64976501464844,147.92556762695312,160.3470001220703,55.337066650390625,390.56201171875,59.699974060058594,23.758214950561523,144.0897674560547,89.53236389160156
2024-01-24,192.15728759765625,110.62018585205078,281.4213562011719,129.1722412109375,147.1387939453125,161.77975463867188,54.467952728271484,394.1454772949219,61.18466567993164,23.674646377563477,142.34922790527344,91.0777587890625
2024-01-25,191.8312530517578,113.24285125732422,291.19000244140625,132.42562866210938,147.69419860839844,164.094970703125,54.6991081237793,396.4072570800781,61.43892288208008,23.301416397094727,145.6244354248047,93.39128112792969
2024-01-26,190.10232543945312,114.23323822021484,289.8927001953125,132.93368530273438,147.6386260986328,163.46871948242188,54.89326477050781,395.4869384765625,60.85462188720703,23.301416397094727,146.11102294921875,94.18682861328125
2024-01-29,189.42066955566406,117.22273254394531,293.5909729003906,132.88021850585938,147.50904846191406,163.8957061767578,55.22611999511719,401.1558532714844,62.28447341918945,23.309900283813477,146.12979125976562,94.30570983886719
2024-01-30,185.77511596679688,116.6449966430664,295.05291748046875,133.8072052001953,146.9629669189453,167.25466918945312,55.383304595947266,400.0494689941406,62.59257125854492,22.91970443725586,147.37432861328125,95.87854766845703
2024-01-31,182.17892456054688,114.12317657470703,290.7446594238281,131.4095001220703,147.083251953125,165.44235229492188,55.00422286987305,389.2696228027344,61.34918212890625,22.97060203552246,147.0467987060547,94.01309967041016
2024-02-01,184.60931396484375,113.98563385009766,297.8895568847656,131.81951904296875,146.5834197998047,164.8445587158203,56.381866455078125,395.340087890625,62.844852447509766,23.148731231689453,148.9557647705078,93.62902069091797
2024-02-02,183.61151123046875,114.90965270996094,305.0539245605469,135.69683837890625,144.96356201171875,165.79339599609375,55.97504425048828,402.62451171875,65.96880340576172,22.843360900878906,147.935791015625,93.2449722290039
2024-02-05,185.41944885253906,112.03599548339844,311.1628723144531,135.77703857421875,144.2138214111328,165.5751953125,55.51274490356445,397.1710205078125,69.13163757324219,22.537992477416992,148.04808044433594,92.86090850830078
2024-02-06,187.01992797851562,114.17044830322266,312.44085693359375,135.79486083984375,146.3057098388672,166.14451599121094,55.4202880859375,397.01422119140625,68.02583312988281,23.32686424255371,148.7499237060547,93.50102233886719
2024-02-07,187.12860107421875,116.50817108154297,313.2831115722656,135.59877014160156,146.231689453125,166.45761108398438,55.46651840209961,405.3953857421875,69.89640045166016,23.37775993347168,148.89962768554688,93.47359466552734
2024-02-08,186.05174255371094,118.12519073486328,311.7438049316406,137.31906127929688,144.7691650390625,165.85983276367188,55.31858825683594,405.45416259765625,69.43972778320312,23.386241912841797,148.4504852294922,95.07384490966797
2024-02-09,186.81344604492188,117.97736358642578,307.0579528808594,134.62721252441406,145.10238647460938,166.05909729003906,55.068946838378906,411.7594299316406,71.92453002929688,23.37775993347168,147.30880737304688,93.06209564208984
2024-02-12,185.13174438476562,120.1949691772461,311.38555908203125,135.55419921875,146.111328125,166.7991943359375,55.19838333129883,406.580078125,72.03919219970703,23.46258544921875,147.01873779296875,94.34230041503906
2024-02-13,183.04449462890625,115.45481872558594,302.87554931640625,134.2350311279297,144.83399963378906,165.347412109375,54.87477111816406,397.8269348144531,71.9195327758789,22.877290725708008,146.23268127441406,93.53012084960938
2024-02-14,182.1641082763672,118.22684478759766,306.622314453125,134.60047912597656,144.15826416015625,167.0269317626953,54.819305419921875,401.6720886230469,73.68643188476562,22.996047973632812,145.6337890625,93.06864166259766
2024-02-15,181.8772430419922,120.35205078125,312.77972412109375,139.17787170410156,146.17613220214844,170.67051696777344,54.9210090637207,398.7979736328125,72.4480209350586,23.33534812927246,146.92515563964844,95.73593139648438
2024-02-16,180.34396362304688,118.17139434814453,311.6566467285156,139.33106994628906,146.0082550048828,169.87350463867188,54.9117546081543,396.3457336425781,72.40312957763672,23.42865562438965,147.3930206298828,95.73593139648438
2024-02-20,179.60205078125,116.72994232177734,303.74688720703125,138.76339721679688,147.2300567626953,170.53765869140625,56.12298583984375,395.10003662109375,69.25128173828125,23.403209686279297,148.32879638671875,94.83146667480469
2024-02-21,180.35385131835938,116.6005859375,307.03857421875,140.06094360351562,147.9948272705078,171.64785766601562,56.62226104736328,394.50164794921875,67.27700805664062,23.471067428588867,150.09742736816406,96.76961517333984
2024-02-22,182.38174438476562,117.61699676513672,311.8309326171875,140.05191040039062,149.64564514160156,173.70689392089844,56.53904342651367,403.7909240722656,78.31104278564453,23.369277954101562,150.24713134765625,96.6865463256836
2024-02-23,180.5516815185547,115.60265350341797,313.56390380859375,139.3580780029297,150.94203186035156,174.57981872558594,56.58528137207031,402.5058898925781,78.58921813964844,23.547407150268555,150.68695068359375,95.83744049072266
2024-02-26,179.20635986328125,115.75973510742188,315.01611328125,139.16885375976562,149.96275329589844,173.9820098876953,56.13222122192383,399.7593688964844,78.8634262084961,23.0554256439209,149.92897033691406,96.21585845947266
2024-02-27,180.66050720214844,117.11802673339844,317.19451904296875,137.10543823242188,150.1399688720703,174.0674285888672,55.790122985839844,399.700439453125,78.47355651855469,22.809431076049805,149.06805419921875,96.01280975341797
2024-02-28,179.4635467529297,116.72071075439453,319.0629577636719,137.26760864257812,150.67156982421875,174.9498748779297,55.845603942871094,399.9359130859375,77.43854522705078,22.936670303344727,149.76991271972656,96.28044891357422
2024-02-29,178.80078125,118.10671997070312,323.32281494140625,136.9702606201172,150.51303100585938,176.5439453125,55.49425506591797,405.7428894042969,78.88336181640625,22.52950668334961,148.731201171875,96.46504211425781
2024-03-01,177.72250366210938,118.35619354248047,325.9755554199219,137.6911163330078,151.20318603515625,175.81329345703125,55.041202545166016,407.5673522949219,82.04121398925781,22.554954528808594,148.64694213867188,97.68331146240234
2024-03-04,173.2117156982422,116.97942352294922,327.8634338378906,134.14996337890625,149.07672119140625,177.13221740722656,55.30009460449219,406.9984130859375,84.99065399169922,21.961183547973633,149.3113555908203,96.31737518310547
2024-03-05,168.28538513183594,115.33470153808594,322.9065246582031,134.78968811035156,149.19796752929688,178.90658569335938,55.03195571899414,394.9626770019531,85.7195816040039,22.12234878540039,149.0867919921875,97.49871826171875
2024-03-06,167.2961883544922,113.9301986694336,324.939697265625,133.6543731689453,148.61038208007812,179.8364715576172,55.0596923828125,394.4133605957031,88.44779968261719,23.063907623291016,149.32073974609375,98.5416488647461
2024-03-07,167.17747497558594,115.31622314453125,329.38348388671875,134.59144592285156,148.17205810546875,178.2613525390625,54.9579963684082,401.32879638671875,92.40552520751953,22.724607467651367,150.3032989501953,99.09541320800781
2024-03-08,168.88882446289062,116.41577911376953,328.3862609863281,135.05101013183594,148.7782745361328,178.5934600830078,55.03195571899414,398.4645080566406,87.27913665771484,23.08935546875,150.0506591796875,100.02757263183594
2024-03-11,170.88706970214844,115.10369110107422,324.3006896972656,136.96127319335938,150.3731231689453,178.6598663330078,55.69765853881836,396.7969970703125,85.53011322021484,24.064842224121094,151.17356872558594,100.61823272705078
2024-03-12,171.3618621826172,114.28131866455078,326.4983825683594,136.8621368408203,151.7814483642578,180.13059997558594,55.93805694580078,407.3515930175781,91.65167999267578,23.75947380065918,151.52914428710938,99.97218322753906
2024-03-13,169.2845458984375,116.51741790771484,330.64202880859375,138.6642608642578,150.2518768310547,181.59185791015625,56.51131057739258,407.1750183105469,90.62957763671875,23.937604904174805,151.87538146972656,101.08893585205078
2024-03-14,171.1343536376953,115.31622314453125,331.0293273925781,140.29519653320312,148.48915100097656,178.35623168945312,56.385494232177734,417.101806640625,87.69395446777344,23.861257553100586,151.12677001953125,102.87944030761719
2024-03-15,170.7584228515625,115.47328186035156,335.91845703125,140.16000366210938,147.52847290039062,180.56707763671875,55.80765914916992,408.46978759765625,87.58726501464844,23.700098037719727,151.01446533203125,102.6948471069336
2024-03-18,171.8466033935547,114.05032348632812,340.69140625,140.0338897705078,146.20411682128906,182.80638122558594,56.04065704345703,409.35260009765625,88.2034912109375,23.513479232788086,150.85540771484375,103.64546203613281
2024-03-19,174.18113708496094,114.55852508544922,342.6277160644531,141.1241455078125,145.69114685058594,183.8785858154297,56.13385009765625,413.364501953125,89.1438217163086,23.437135696411133,151.4355926513672,104.37458801269531
2024-03-20,176.7432098388672,118.05126953125,345.09649658203125,139.25897216796875,145.27145385742188,186.2886962890625,56.618492126464844,417.111572265625,90.11505126953125,23.49651527404785,151.58529663085938,104.28229522705078
2024-03-21,169.52194213867188,121.6549072265625,352.9482116699219,139.5382843017578,145.26214599609375,188.8790283203125,56.35752868652344,421.17254638671875,91.1750259399414,23.46258544921875,151.46365356445312,104.74375915527344
2024-03-22,170.42210388183594,118.1436767578125,346.7035827636719,139.3580780029297,144.7771759033203,186.56382751464844,56.37617874145508,420.5545654296875,94.02091217041016,23.208112716674805,151.27647399902344,104.74375915527344
2024-03-25,169.00753784179688,119.0491943359375,344.6124572753906,140.98899841308594,144.76783752441406,184.85592651367188,56.29229736328125,414.7868347167969,94.73188781738281,23.267484664916992,149.9009246826172,105.8143539428711
2024-03-26,167.87982177734375,118.16214752197266,345.03839111328125,139.90773010253906,145.2808074951172,185.71937561035156,56.42277145385742,413.59991455078125,92.29782104492188,23.403209686279297,150.23776245117188,105.02063751220703
2024-03-27,171.44100952148438,120.94342041015625,353.0353088378906,140.88087463378906,147.3233184814453,189.3155517578125,56.879451751708984,413.3841552734375,89.99339294433594,23.564374923706055,152.16546630859375,106.10970306396484
2024-03-28,169.63076782226562,121.3869400024414,354.7586669921875,142.1333770751953,147.53781127929688,190.05564880371094,57.01924514770508,412.68768310546875,90.09910583496094,23.538925170898438,151.82859802246094,107.28182983398438
2024-04-01,168.19638061523438,121.07278442382812,352.1543273925781,143.3407745361328,147.15542602539062,188.76516723632812,56.553245544433594,416.4642028808594,90.10607147216797,23.513479232788086,150.265869140625,107.97403717041016
2024-04-02,167.0192108154297,116.71145629882812,353.20965576171875,143.9715118408203,147.1088104248047,188.6892852783203,56.05929183959961,413.3939514160156,89.1976547241211,23.369277954101562,150.2565155029297,110.08755493164062
2024-04-03,167.8204803466797,116.95171356201172,363.820556640625,144.56622314453125,143.8724822998047,188.15794372558594,55.761051177978516,412.4228515625,88.7110595703125,23.08935546875,146.12039184570312,110.10601043701172
2024-04-04,166.99942016601562,116.43427276611328,358.0116271972656,144.79148864746094,142.2310028076172,186.72634887695312,55.2671012878418,409.9019470214844,85.6607437133789,22.605854034423828,145.46536254882812,110.49363708496094
2024-04-05,167.75123596191406,117.88495635986328,367.2186584472656,145.6114501953125,142.12840270996094,188.44424438476562,55.462825775146484,417.3960266113281,87.75778198242188,22.614336013793945,146.07362365722656,112.0164794921875
2024-04-08,166.6334228515625,119.49274444580078,361.5743713378906,145.3140869140625,141.3822479248047,189.42727661132812,55.23914337158203,416.4838562011719,86.88525390625,22.546476364135742,146.0174560546875,111.25968170166016
2024-04-09,167.8402557373047,121.96907043457031,360.0544128417969,145.97186279296875,142.03512573242188,188.15794372558594,55.658538818359375,418.1415710449219,85.11129760742188,22.716123580932617,146.59765625,111.84112548828125
2024-04-10,165.97064208984375,116.49894714355469,360.2189636230469,146.57557678222656,140.08584594726562,186.55455017089844,54.91294479370117,415.1791687011719,86.79151916503906,22.325927734375,147.140380859375,112.78252410888672
2024-04-11,173.15234375,117.22891235351562,360.1318359375,145.87277221679688,138.7707977294922,186.51637268066406,55.03410720825195,419.76007080078125,90.35835266113281,22.342897415161133,145.83030700683594,112.40412139892578
2024-04-12,174.6460723876953,114.08727264404297,353.984130859375,143.23265075683594,137.58633422851562,174.452880859375,54.31646728515625,413.8451843261719,87.93525695800781,21.93573570251465,145.3531036376953,111.0935287475586
2024-04-15,170.82769775390625,111.9620590209961,352.3188781738281,141.99818420410156,137.65162658691406,174.54830932617188,54.18599319458008,405.7428894042969,85.7564697265625,21.978147506713867,145.46536254882812,110.45672607421875
2024-04-16,167.5533905029297,112.61810302734375,348.4172668457031,140.8177947998047,134.7230682373047,172.5536651611328,54.1114387512207,406.6648864746094,87.16645812988281,21.791532516479492,145.93325805664062,109.54300689697266
2024-04-17,166.1882781982422,113.82854461669922,346.9069519042969,140.92593383789062,135.02149963378906,171.8665008544922,54.53083038330078,403.97723388671875,83.79607391357422,21.562503814697266,146.8783721923828,109.48763275146484
2024-04-18,165.23861694335938,111.17665100097656,346.529296875,141.98019409179688,135.9261932373047,172.9831085205078,54.90362548828125,396.55169677734375,84.43024444580078,21.53705596923828,148.1375732421875,109.38611602783203
2024-04-19,163.2206268310547,109.4025650024414,344.6151428222656,144.1697540283203,137.95004272460938,177.32559204101562,56.07793426513672,391.50006103515625,75.98333740234375,22.054487228393555,148.93814086914062,110.64130401611328
2024-04-22,164.05157470703125,112.81214904785156,347.4815673828125,145.8997802734375,139.0785675048828,180.77098083496094,56.43208694458008,393.3049621582031,79.29190826416016,22.275033950805664,151.19845581054688,111.2688980102539
2024-04-23,165.10011291503906,114.86344146728516,352.9618835449219,146.73776245117188,139.4889678955078,183.37644958496094,56.515968322753906,399.7887878417969,82.18865203857422,22.325927734375,152.10260009765625,111.70269012451172
2024-04-24,167.19728088378906,114.37371826171875,353.2242431640625,147.38656616210938,138.5283203125,184.27359008789062,57.36408233642578,401.2503356933594,79.45045471191406,22.283519744873047,153.13858032226562,111.72114562988281
2024-04-25,168.05787658691406,113.98563385009766,328.427001953125,148.92735290527344,136.9334716796875,184.55032348632812,57.541160583496094,391.4216003417969,82.39706420898438,21.42678451538086,153.0915069580078,111.97956085205078
2024-04-26,167.4742431640625,113.94843292236328,333.6546325683594,149.47698974609375,136.29925537109375,184.6648712158203,57.541160583496094,398.5626220703125,87.48555755615234,21.545541763305664,151.90481567382812,108.86927795410156
2024-04-29,171.62896728515625,112.20882415771484,339.89276123046875,149.8734588623047,136.9334716796875,184.4644317626953,57.82075881958008,394.5703125,87.50748443603516,21.74911880493164,152.25326538085938,110.41979217529297
2024-04-30,168.49314880371094,108.47846984863281,325.0941467285156,145.3140869140625,134.85362243652344,182.9946746826172,57.56911087036133,381.8970031738281,86.15633392333984,21.732154846191406,153.7036895751953,109.15538024902344
2024-05-01,167.4742431640625,109.29710388183594,321.6933288574219,143.83636474609375,140.99984741210938,183.10922241210938,57.71824264526367,387.39990234375,82.80488586425781,23.0554256439209,153.8920440673828,107.08800506591797
2024-05-02,171.16403198242188,110.6925048828125,325.9395446777344,144.8275146484375,139.82470703125,182.9183349609375,57.77416229248047,390.24456787109375,85.572998046875,23.49651527404785,154.3064422607422,107.28182983398438
2024-05-03,181.4024200439453,109.7622299194336,327.21240234375,144.39500427246094,139.21849060058594,181.8207550048828,57.94191360473633,398.8961486816406,88.53654479980469,23.589820861816406,154.89036560058594,107.06031799316406
2024-05-06,179.7504119873047,112.7576904296875,332.410888671875,146.2421875,138.574951171875,183.24282836914062,58.109676361083984,405.644775390625,91.87801361083984,23.886709213256836,154.87152099609375,107.75251770019531
2024-05-07,180.43296813964844,113.02747344970703,335.2287292480469,146.57557678222656,138.7055206298828,183.0042266845703,58.36130905151367,401.52496337890625,90.2965316772461,23.55588722229004,156.11471557617188,107.21722412109375
2024-05-08,180.76931762695312,111.44601440429688,334.7428894042969,146.45843505859375,138.92002868652344,186.72634887695312,58.5756721496582,402.70208740234375,90.15493774414062,23.98001480102539,155.46487426757812,107.19876861572266
2024-05-09,182.57958984375,114.4507827758789,341.8167419433594,149.08053588867188,139.7594451904297,188.491943359375,58.603633880615234,404.4480895996094,88.49465942382812,24.264163970947266,156.37841796875,109.3122787475586
2024-05-10,181.32154846191406,115.39034271240234,344.74151611328125,149.4139404296875,139.81539916992188,189.7040557861328,58.95779037475586,406.8219299316406,89.62244415283203,24.11778450012207,157.14132690429688,108.86927795410156
2024-05-13,184.5211181640625,113.613525390625,346.5780029296875,148.25155639648438,141.0371856689453,189.6658477783203,59.25602340698242,405.8213195800781,90.14197540283203,24.4880313873291,156.21832275390625,108.82313537597656
2024-05-14,185.66018676757812,117.1857681274414,348.03546142578125,147.42257690429688,141.18638610839844,192.3190460205078,58.80867004394531,408.607177734375,91.09625244140625,24.436368942260742,156.11471557617188,109.48372650146484
2024-05-15,187.9285888671875,122.15339660644531,349.8427734375,146.91796875,142.3895263671875,192.89170837402344,58.83662796020508,415.75115966796875,94.36094665527344,24.815227508544922,156.82107543945312,110.33042907714844
2024-05-16,188.04745483398438,118.96256256103516,340.7867126464844,146.61764526367188,143.89109802246094,193.23526000976562,59.013710021972656,413.6974182128906,94.09070587158203,24.901329040527344,158.09251403808594,109.6698226928711
2024-05-17,188.07716369628906,116.90668487548828,346.1795349121094,148.05567932128906,144.22686767578125,195.44944763183594,58.743431091308594,412.9308776855469,92.21605682373047,24.66023826599121,157.8853302001953,111.3166732788086
2024-05-20,189.23614501953125,116.90668487548828,352.4761047363281,146.6631317138672,142.22425842285156,186.65953063964844,58.31471633911133,417.9720458984375,94.51051330566406,24.565526962280273,157.5745391845703,110.41415405273438
2024-05-21,190.53378295898438,118.80442810058594,348.9002685546875,145.59823608398438,142.19606018066406,190.4198455810547,58.631591796875,421.60791015625,95.11479187011719,24.591354370117188,158.5540313720703,109.65121459960938
2024-05-22,189.0974578857422,117.84626007080078,345.85894775390625,143.4138946533203,144.32089233398438,189.2650146484375,58.71547317504883,423.0622863769531,94.68002319335938,25.486839294433594,158.04544067382812,107.44609832763672
2024-05-23,185.11541748046875,114.52519226074219,340.7673645019531,142.84046936035156,140.7481231689453,187.93841552734375,57.86735534667969,419.6033020019531,103.5038833618164,24.70329475402832,155.86045837402344,105.6131591796875
2024-05-24,188.18614196777344,115.01823425292969,339.0182800292969,143.57769775390625,138.18138122558594,191.55557250976562,57.783477783203125,422.7085876464844,106.1662826538086,24.86688995361328,155.70974731445312,105.52940368652344
2024-05-28,188.19607543945312,112.7576904296875,336.6571350097656,144.75181579589844,135.7462921142578,190.4007568359375,57.61572265625,422.8657531738281,113.57714080810547,24.36748695373535,153.61891174316406,106.86921691894531
2024-05-29,188.49319458007812,108.03192901611328,328.5339050292969,142.80406188964844,135.80267333984375,189.0741424560547,57.503883361816406,421.7357177734375,114.49851989746094,23.954185485839844,152.2438507080078,105.72479248046875
2024-05-30,189.48377990722656,111.00878143310547,329.6416320800781,144.0418701171875,136.59243774414062,190.23851013183594,57.755523681640625,407.48687744140625,110.1858139038086,24.281381607055664,153.1197509765625,106.05974578857422
2024-05-31,190.43470764160156,112.09720611572266,328.9322509765625,147.71893310546875,137.89932250976562,193.3879852294922,58.650238037109375,407.9389343261719,109.3212890625,24.677461624145508,154.96571350097656,109.10226440429688
2024-06-03,192.19789123535156,110.89715576171875,321.9750671386719,143.31375122070312,138.9053497314453,192.61489868164062,58.650238037109375,406.3567810058594,114.67301940917969,25.237136840820312,155.06932067871094,106.48773956298828
2024-06-04,192.51486206054688,110.77622985839844,318.29241943359375,142.103271484375,138.96176147460938,190.07623291015625,59.5915412902832,408.8626403808594,116.10594940185547,25.392126083374023,157.29197692871094,104.83157348632812
2024-06-05,194.02052307128906,113.22283172607422,320.11920166015625,141.05654907226562,137.2411651611328,188.26290893554688,59.57290267944336,416.6651306152344,122.09186553955078,25.44378662109375,156.38784790039062,105.25027465820312
2024-06-06,192.64366149902344,110.85994720458984,318.9920654296875,141.9212188720703,137.6642608642578,187.9288787841797,59.787261962890625,417.166259765625,120.65396118164062,24.798006057739258,158.66702270507812,106.04114532470703
2024-06-07,195.03086853027344,109.41802978515625,319.62359619140625,142.05775451660156,138.28480529785156,190.8302001953125,59.5635871887207,416.5078430175781,120.54428100585938,24.608577728271484,157.33909606933594,104.90602111816406
2024-06-10,191.2965087890625,111.35298919677734,320.2746276855469,142.65846252441406,138.3318328857422,190.50572204589844,59.265342712402344,420.4582214355469,121.4437255859375,24.169443130493164,157.61221313476562,105.21306610107422
2024-06-11,205.19403076171875,110.71111297607422,318.0397644042969,142.430908203125,137.9839324951172,185.49517822265625,59.228065490722656,425.18487548828125,120.57612609863281,24.1350040435791,157.73463439941406,104.36637878417969
2024-06-12,211.05813598632812,114.82289123535156,319.4195251464844,140.36483764648438,136.71469116210938,182.79425048828125,58.603633880615234,433.4197998046875,124.8542709350586,23.816417694091797,155.56846618652344,103.21263122558594
2024-06-13,212.2170867919922,113.68795013427734,317.1166687011719,139.10882568359375,136.7522735595703,184.8271026611328,58.70615768432617,433.9306945800781,129.25209045410156,23.807809829711914,156.72691345214844,102.3845443725586
2024-06-14,210.48358154296875,112.79489135742188,312.3651428222656,138.8630828857422,136.83689880371094,184.94163513183594,58.7484130859375,434.903564453125,131.515869140625,23.704483032226562,157.08477783203125,101.5192642211914
2024-06-17,214.62413024902344,113.64144134521484,313.2688293457031,139.42738342285156,137.22238159179688,186.08689880371094,58.81415557861328,440.60308837890625,130.6183319091797,23.230907440185547,157.75347900390625,100.82142639160156
2024-06-18,212.26657104492188,114.32984924316406,315.9312438964844,139.55479431152344,136.9403076171875,188.0147705078125,58.823551177978516,438.6083068847656,135.20562744140625,23.601158142089844,158.75180053710938,101.77046966552734
2024-06-20,207.7001190185547,115.98572540283203,319.8082580566406,142.5674285888672,138.9429473876953,189.6085968017578,58.400901794433594,437.9793701171875,130.4188690185547,23.88530158996582,157.91357421875,103.96629333496094
2024-06-21,205.53082275390625,115.46476745605469,318.55474853515625,141.32958984375,139.85494995117188,187.34669494628906,58.95504379272461,441.9886779785156,126.22049713134766,23.88530158996582,158.46926879882812,103.0544662475586
2024-06-24,206.17466735839844,116.52528381347656,320.653564453125,144.99754333496094,140.20278930664062,189.80899047851562,60.082115173339844,439.9152526855469,117.78384399414062,24.419147491455078,158.64820861816406,106.11558532714844
2024-06-25,207.0959014892578,115.74385070800781,318.12725830078125,144.22393798828125,138.38824462890625,189.03598022460938,59.96001052856445,443.1383972167969,125.74180603027344,24.100563049316406,157.14132690429688,106.41332244873047
2024-06-26,211.23641967773438,115.5019760131836,317.4762268066406,141.93943786621094,138.0403594970703,188.42514038085938,60.15725326538086,444.3274841308594,126.05097198486328,23.60976791381836,157.7063751220703,106.45053100585938
2024-06-27,212.07838439941406,115.46476745605469,318.185546875,142.27621459960938,137.08135986328125,190.08580017089844,60.025760650634766,445.0054931640625,123.64762115478516,23.936965942382812,156.92466735839844,106.90643310546875
2024-06-28,208.63124084472656,115.16708374023438,323.6658020019531,142.36717224121094,137.41981506347656,193.0348663330078,59.78156280517578,439.2077331542969,123.19886016845703,24.09195327758789,155.32359313964844,107.11114501953125
2024-07-01,214.70338439941406,113.70657348632812,319.75970458984375,142.45822143554688,137.68309020996094,196.07936096191406,59.434043884277344,448.81829833984375,123.9567642211914,24.298601150512695,153.25161743164062,106.96227264404297
2024-07-02,218.19015502929688,114.61822509765625,318.4770202636719,142.6675262451172,137.297607421875,199.30519104003906,59.311954498291016,451.3241271972656,122.33126068115234,23.96279525756836,154.36294555664062,106.23652648925781
2024-07-03,219.4580841064453,114.79498291015625,321.24627685546875,142.63113403320312,136.97793579101562,199.1715850830078,59.48100662231445,452.7882995605469,127.92578125,23.85086441040039,154.29701232910156,106.77617645263672
2024-07-05,224.2028350830078,114.16239166259766,319.0503234863281,140.44671630859375,137.720703125,196.53245544433594,59.88487243652344,459.4606628417969,125.48253631591797,24.1522216796875,155.5967559814453,105.4828872680664
2024-07-08,225.66883850097656,112.34837341308594,319.74017333984375,140.46495056152344,136.78048706054688,196.8971405029297,59.13349914550781,458.16351318359375,127.8459701538086,24.048900604248047,156.83050537109375,104.37568664550781
2024-07-09,226.52072143554688,112.82279968261719,316.8251953125,139.23623657226562,138.25662231445312,199.25796508789062,58.879905700683594,451.57965087890625,131.01722717285156,23.868080139160156,156.0205078125,103.22193145751953
2024-07-10,230.78013610839844,115.59500122070312,319.1766662597656,141.1930694580078,140.49427795410156,199.4210968017578,59.01140594482422,458.17340087890625,134.5374755859375,24.41053581237793,157.09422302246094,104.1337661743164
2024-07-11,225.4212188720703,117.78113555908203,321.7515869140625,141.3114013671875,140.7481231689453,199.08518981933594,59.26498794555664,446.823486328125,127.04822540283203,24.677461624145508,155.90750122070312,105.37123107910156
2024-07-12,228.36317443847656,120.30216979980469,326.0852355957031,141.61175537109375,140.91738891601562,196.67640686035156,59.82851791381836,445.6933898925781,128.88311767578125,24.901329040527344,156.91525268554688,105.38983154296875
2024-07-15,232.18670654296875,123.13947296142578,335.9769592285156,143.84165954589844,140.31564331054688,201.58038330078125,59.55614471435547,446.0962829589844,128.0853271484375,25.056320190429688,155.00338745117188,107.19486236572266
2024-07-16,232.60275268554688,127.4559097290039,350.36749267578125,143.59591674804688,141.97979736328125,205.0064239501953,60.3638801574707,441.7331848144531,126.01106262207031,25.400733947753906,157.23545837402344,107.96712493896484
2024-07-17,226.71885681152344,125.44654083251953,347.66619873046875,146.7450408935547,147.2167205810547,208.12535095214844,61.246742248535156,435.8371276855469,117.66417694091797,25.857088088989258,159.58058166503906,109.45582580566406
2024-07-18,222.06320190429688,126.89775085449219,345.9463195800781,147.4185791015625,146.12606811523438,201.51319885253906,61.22796630859375,432.74169921875,120.75560760498047,25.58155059814453,158.63877868652344,110.5351333618164
2024-07-19,222.1919708251953,128.92572021484375,337.7842712402344,144.8519287109375,145.4397430419922,201.32127380371094,61.32188415527344,429.5381774902344,117.60436248779297,25.8054256439209,159.13809204101562,107.99504089355469
2024-07-22,221.84527587890625,131.3351287841797,339.3940734863281,142.88600158691406,145.0166473388672,201.8011016845703,60.83348846435547,435.2671813964844,123.19886016845703,25.486839294433594,159.41285705566406,107.25070190429688
2024-07-23,222.8853759765625,133.60498046875,335.78424072265625,140.2465362548828,143.23965454101562,201.8490753173828,61.01194763183594,437.14410400390625,122.25148010253906,25.400733947753906,157.8684844970703,105.52009582519531
2024-07-24,216.47647094726562,128.03268432617188,327.852294921875,141.13848876953125,146.9346466064453,200.1792449951172,61.81028366088867,421.4703674316406,113.93451690673828,25.814035415649414,159.1759796142578,107.0087890625
2024-07-25,215.4364013671875,130.2560272216797,335.9110412597656,143.38653564453125,150.09373474121094,200.25599670410156,62.054481506347656,411.1522521972656,111.9699478149414,25.986244201660156,158.13377380371094,109.26045227050781
2024-07-26,215.90194702148438,132.09796142578125,341.9404602050781,143.6595916748047,151.033935546875,203.6820831298828,62.97492218017578,417.9032287597656,112.74778747558594,26.8681697845459,160.2277069091797,109.1673812866211
2024-07-29,216.17929077148438,131.91082763671875,336.13543701171875,142.53102111816406,149.07830810546875,202.34811401367188,62.768287658691406,419.3380432128906,111.2818603515625,26.824512481689453,161.00462341308594,108.02296447753906
2024-07-30,216.7340087890625,132.2476348876953,333.3938903808594,145.2342071533203,151.6826934814453,206.51312255859375,63.56663131713867,415.593994140625,103.44355773925781,27.4095516204834,153.20692443847656,109.94894409179688
2024-07-31,219.98304748535156,133.0055389404297,337.7647399902344,146.0533447265625,148.4107666015625,204.21946716308594,62.68375015258789,411.1031799316406,116.69684600830078,26.66733741760254,152.31626892089844,110.3397216796875
2024-08-01,216.29820251464844,128.21493530273438,323.4424133300781,138.9085693359375,151.14675903320312,199.57467651367188,63.829612731933594,409.8846130371094,108.9084243774414,26.76338768005371,156.98733520507812,108.81382751464844
2024-08-02,217.78399658203125,124.49095916748047,313.05194091796875,135.20423889160156,154.3246307373047,191.1102752685547,65.11634826660156,401.4139099121094,106.97377014160156,26.571285247802734,161.14675903320312,108.74869537353516
2024-08-05,207.2939910888672,121.17866516113281,309.08111572265625,131.66372680664062,151.60745239257812,187.04122924804688,63.961097717285156,388.3050231933594,100.17261505126953,25.968780517578125,159.2328338623047,106.78548431396484
2024-08-06,205.27325439453125,121.92720031738281,318.4862365722656,130.36216735839844,149.4637908935547,192.26190185546875,63.914146423339844,392.6877746582031,103.96212768554688,25.602039337158203,159.26126098632812,106.21792602539062
2024-08-07,207.8388214111328,119.38218688964844,317.8618469238281,129.61585998535156,149.39797973632812,192.31948852539062,64.29922485351562,391.5281677246094,98.63687133789062,25.19163703918457,161.08993530273438,107.63217163085938
2024-08-08,211.29583740234375,122.2453384399414,327.9693908691406,131.5089874267578,150.6390380859375,195.8319091796875,64.55282592773438,395.71441650390625,104.68013763427734,25.113052368164062,161.895263671875,109.68842315673828
2024-08-09,214.1981964111328,122.50732421875,330.01824951171875,131.96408081054688,151.01512145996094,197.5017547607422,64.50585174560547,398.9866943359375,104.46074676513672,24.929677963256836,161.5825958251953,110.58164978027344
2024-08-12,215.7254180908203,120.96347045898438,327.84259033203125,131.9913787841797,150.31939697265625,197.87600708007812,64.0268325805664,399.76300048828125,108.71895599365234,24.842363357543945,158.04849243164062,110.72119903564453
2024-08-13,219.4344024658203,124.77166748046875,330.5450439453125,131.19952392578125,148.91847229003906,199.55545043945312,64.29922485351562,406.83831787109375,115.81929016113281,25.19163703918457,158.50328063964844,109.66053009033203
2024-08-14,219.88064575195312,127.4009017944336,329.36456298828125,131.6728057861328,149.0030975341797,201.76272583007812,64.41193389892578,409.6389465332031,117.75394439697266,25.217832565307617,159.9339599609375,110.67466735839844
2024-08-15,222.8557891845703,127.5038070678711,337.21844482421875,133.61146545410156,149.5766143798828,203.01991271972656,64.47767639160156,414.4823913574219,122.52074432373047,25.069387435913086,159.10018920898438,111.359375
2024-08-16,224.1747589111328,125.64181518554688,335.1110534667969,134.0392303466797,149.85867309570312,205.34231567382812,64.97545623779297,411.9622497558594,124.2359848022461,24.711381912231445,159.07177734375,110.83413696289062
2024-08-19,224.01605224609375,125.98800659179688,336.2525329589844,135.1344451904297,150.0843505859375,206.76260375976562,64.78762817382812,414.9746398925781,129.6410369873047,25.147977828979492,159.5739288330078,111.1717758178711
2024-08-20,224.6309051513672,124.42545318603516,334.9354248046875,133.1648712158203,150.5826416015625,205.87014770507812,65.16329956054688,418.19378662109375,126.89861297607422,25.23529815673828,161.45944213867188,107.46699523925781
2024-08-21,224.5218505859375,126.08155822753906,334.6134948730469,133.74472045898438,151.77667236328125,205.94691467285156,65.34175872802734,417.5440673828125,128.14517211914062,25.348812103271484,161.22254943847656,106.78231811523438
2024-08-22,222.66732788085938,126.1189956665039,334.018310546875,134.12203979492188,152.6416778564453,207.89505004882812,65.11634826660156,409.0876159667969,123.39830780029297,25.13051414489746,161.21307373046875,107.6076889038086
2024-08-23,224.95819091796875,130.32017517089844,339.92095947265625,135.8615264892578,154.31521606445312,209.50729370117188,65.54838562011719,410.30841064453125,129.0127716064453,25.23529815673828,160.28456115722656,109.0989761352539
2024-08-26,225.2953643798828,132.82778930664062,342.60394287109375,136.6714324951172,154.76654052734375,210.3326416015625,66.53456115722656,407.0596923828125,126.11080932617188,25.25275993347168,161.40257263183594,111.43439483642578
2024-08-27,226.13832092285156,132.16342163085938,342.56488037109375,135.244873046875,154.36863708496094,211.30189514160156,67.15446472167969,407.40423583984375,127.94574737548828,25.165443420410156,160.3603515625,110.37455749511719
2024-08-28,224.611083984375,131.0687255859375,339.7159729003906,134.3705596923828,155.28756713867188,212.36715698242188,67.3892593383789,404.2146301269531,125.26314544677734,25.104318618774414,160.18032836914062,109.28656005859375
2024-08-29,227.88369750976562,131.5365447998047,343.07220458984375,135.6774444580078,155.5812530517578,213.25006103515625,67.67103576660156,406.6954650878906,117.26528930664062,25.078121185302734,161.099365234375,110.7966079711914
2024-08-30,227.1002655029297,133.2020263671875,347.4235534667969,136.16522216796875,157.1254119873047,215.73562622070312,68.06551361083984,410.6529235839844,119.04037475585938,25.331348419189453,162.53005981445312,110.61841583251953
2024-09-03,220.9219512939453,129.25350952148438,331.949951171875,133.1372833251953,158.35694885253906,211.41705322265625,68.57269287109375,403.0726623535156,107.70176696777344,24.711381912231445,165.35354614257812,108.30174255371094
2024-09-04,219.01788330078125,128.982177734375,328.5450134277344,130.75360107421875,158.54641723632812,210.48617553710938,68.15003204345703,402.541015625,105.9167251586914,24.78997039794922,166.6610565185547,106.9792709350586
2024-09-05,220.5352020263672,129.3751678466797,325.4327392578125,129.7043914794922,156.3012237548828,208.854736328125,66.84452056884766,402.03900146484375,106.9139633178711,24.89475440979004,166.25364685058594,106.14451599121094
2024-09-06,218.98812866210938,128.2991180419922,321.3350830078125,127.52318572998047,155.72337341308594,203.89320373535156,66.81633758544922,395.45306396484375,102.54605102539062,24.93840980529785,166.36732482910156,105.64741516113281
2024-09-09,219.07740783691406,130.77865600585938,325.9010314941406,129.12457275390625,157.8358917236328,208.06777954101562,67.48318481445312,399.4105529785156,106.17598724365234,25.680627822875977,166.81265258789062,107.87030029296875
2024-09-10,218.28399658203125,133.0616912841797,326.0181579589844,127.2194595336914,158.56536865234375,197.2714385986328,67.201416015625,407.7586364746094,107.8014907836914,25.968780517578125,168.4517822265625,103.9404067993164
2024-09-11,220.8128662109375,134.05348205566406,326.8376770019531,126.8973388671875,156.14019775390625,198.8740692138672,66.75999450683594,416.4611511230469,116.58716583251953,25.89892578125,164.7850799560547,102.90870666503906
2024-09-12,220.9219512939453,137.07571411132812,331.3060607910156,128.12139892578125,155.96963500976562,198.26947021484375,66.90087890625,420.3595886230469,118.82117462158203,25.462326049804688,164.35870361328125,104.32495880126953
2024-09-13,220.65419006347656,141.46401977539062,336.8964538574219,129.40989685058594,156.80332946777344,196.0814208984375,67.52973937988281,423.89373779296875,118.7812728881836,25.558382034301758,164.93666076660156,104.24993133544922
2024-09-16,214.52548217773438,144.61721801757812,339.4818420410156,130.77197265625,158.19590759277344,199.47866821289062,68.18224334716797,424.632080078125,116.46748352050781,26.256935119628906,167.93069458007812,105.71308135986328
2024-09-17,214.9915313720703,145.07569885253906,345.0722351074219,131.98684692382812,158.27169799804688,200.8126220703125,67.89855194091797,428.3828125,115.28067016601562,26.047367095947266,166.64208984375,107.0918197631836
2024-09-18,218.85922241210938,144.96339416503906,346.4674072265625,132.49305725097656,157.40011596679688,199.16200256347656,67.85125732421875,424.1103515625,113.06661224365234,25.97751235961914,164.7850799560547,107.46699523925781
2024-09-19,226.97134399414062,149.38912963867188,364.21429443359375,133.44102478027344,156.14019775390625,201.9930419921875,66.78266143798828,431.8677978515625,117.55457305908203,25.89892578125,162.53005981445312,108.79884338378906
2024-09-20,226.306884765625,147.9481964111328,359.8336486816406,134.07601928710938,155.51492309570312,202.5784454345703,67.74724578857422,428.5009460449219,115.68958282470703,25.689353942871094,165.06930541992188,108.1141586303711
2024-09-23,224.59124755859375,147.0967559814453,362.1263427734375,135.78785705566406,154.6244354248047,202.91433715820312,67.83235168457031,426.76837158203125,115.94888305664062,25.593305587768555,164.64292907714844,110.07441711425781
2024-09-24,225.48379516601562,147.41490173339844,376.5267333984375,135.70504760742188,154.20761108398438,203.05824279785156,67.4540786743164,422.495849609375,120.54654693603516,25.759212493896484,164.14077758789062,109.78366088867188
2024-09-25,224.4920654296875,142.94236755371094,369.03387451171875,132.50225830078125,152.14239501953125,201.71473693847656,67.56756591796875,425.3901062011719,123.17948150634766,25.261491775512695,163.2122344970703,107.64518737792969
2024-09-26,225.63255310058594,143.5973358154297,381.4342041015625,130.67994689941406,152.8907928466797,201.32127380371094,67.52027893066406,424.6025695800781,123.70805358886719,25.296419143676758,164.11236572265625,105.79750061035156
2024-09-27,225.90029907226562,144.9727783203125,381.5512390136719,133.90118408203125,152.9002685546875,202.01222229003906,67.88908386230469,421.36370849609375,121.07512664794922,25.401203155517578,164.43447875976562,108.6300048828125
2024-09-30,231.06707763671875,143.2792205810547,381.5903015136719,135.53941345214844,153.52552795410156,202.3577117919922,67.95529174804688,423.6083068847656,121.11502075195312,25.270225524902344,164.10287475585938,109.94312286376953
2024-10-01,224.3334197998047,142.08155822753906,382.8293151855469,137.77581787109375,153.45921325683594,198.69171142578125,67.81344604492188,414.147705078125,116.6868896484375,25.03446388244629,163.95126342773438,112.48487091064453
2024-10-02,224.898681640625,142.41839599609375,384.44891357421875,138.92626953125,152.68238830566406,198.93165588378906,67.1514663696289,410.64312744140625,118.5319595336914,24.982072830200195,162.89007568359375,113.97616577148438
2024-10-03,223.7978973388672,141.47337341308594,381.5609436035156,139.20237731933594,152.0476837158203,196.9547119140625,66.6880874633789,410.0622253417969,122.52124786376953,24.746309280395508,161.18466186523438,114.9703598022461
2024-10-04,224.9185028076172,142.1470489501953,387.4148254394531,138.73301696777344,151.84872436523438,203.94537353515625,66.35710906982422,409.5896911621094,124.58570861816406,24.955875396728516,160.00979614257812,117.08069610595703
2024-10-07,219.85092163085938,139.48040771484375,388.5465087890625,139.08273315429688,151.12875366210938,203.66534423828125,65.2601547241211,403.1711730957031,127.37821197509766,25.497255325317383,158.3422088623047,117.58716583251953
2024-10-08,223.8970489501953,139.8265838623047,378.50726318359375,136.90150451660156,151.2803192138672,203.49156188964844,65.4208984375,408.26068115234375,132.5343780517578,25.47979164123535,159.3275909423828,114.4638900756836
2024-10-09,227.6357879638672,138.87220764160156,386.5367431640625,137.7298126220703,152.1897735595703,206.06959533691406,65.78971099853516,410.96795654296875,132.29502868652344,26.361719131469727,160.37930297851562,114.5107650756836
2024-10-10,227.13990783691406,139.44297790527344,386.97576904296875,138.62254333496094,152.05712890625,205.5095672607422,65.48710632324219,409.3731384277344,134.44923400878906,25.619503021240234,160.07611083984375,115.49559020996094
2024-10-11,225.66229248046875,143.1950225830078,392.22467041015625,139.35882568359375,152.95713806152344,214.6341094970703,65.78971099853516,409.845703125,134.43927001953125,25.462326049804688,162.1036834716797,115.93641662597656
2024-10-14,229.3811798095703,145.48739624023438,384.351318359375,139.69017028808594,153.0897674560547,213.85202026367188,66.51786041259766,412.621826171875,137.70053100585938,25.392473220825195,163.44911193847656,116.37725830078125
2024-10-15,231.9100341796875,146.26400756835938,378.5364990234375,135.96275329589844,155.4580841064453,214.7306671142578,66.51786041259766,412.22802734375,131.2478485107422,25.706823348999023,164.45346069335938,112.87879943847656
2024-10-16,229.85719299316406,149.4359130859375,384.0293884277344,136.88308715820312,155.6286163330078,215.9376220703125,66.73538208007812,409.6488037109375,135.35679626464844,25.907657623291016,163.32594299316406,113.1695556640625
2024-10-17,230.22412109375,158.8113555908203,384.8781433105469,139.15635681152344,155.80862426757812,216.69073486328125,66.10179138183594,410.23944091796875,136.56356811523438,25.558382034301758,163.231201171875,112.87879943847656
2024-10-18,233.05047607421875,161.27212524414062,384.26348876953125,138.74220275878906,156.4243621826172,217.60801696777344,66.61244201660156,411.6570739746094,137.63070678710938,25.51471710205078,163.2378692626953,112.55990600585938
2024-10-21,234.5181884765625,159.7844696044922,382.3346252441406,138.86184692382812,154.25498962402344,215.31964111328125,65.67623901367188,412.2674560546875,143.325439453125,25.261491775512695,161.57955932617188,112.62556457519531
2024-10-22,233.90335083007812,157.66046142578125,380.3567199707031,138.89865112304688,154.84231567382812,216.4010772705078,65.67623901367188,420.8616638183594,143.2057342529297,25.182905197143555,161.7320556640625,113.20706939697266
2024-10-23,228.8456573486328,156.18212890625,377.6837463378906,138.49371337890625,157.1254119873047,215.7155303955078,64.31449127197266,417.9969177246094,139.18653869628906,25.20037078857422,161.61769104003906,112.80376434326172
2024-10-24,228.65724182128906,158.74586486816406,378.9859619140625,138.4661102294922,155.05076599121094,217.2314453125,63.643070220947266,418.1249084472656,140.0342559814453,25.008264541625977,161.6558074951172,112.16597747802734
2024-10-25,229.49029541015625,156.72479248046875,377.9186706542969,138.7974090576172,152.4076690673828,214.65341186523438,63.28371047973633,421.4916687011719,141.16122436523438,24.842363357543945,160.321533203125,112.07217407226562
2024-10-28,231.46377563476562,159.85667419433594,382.4618835449219,138.54891967773438,153.0897674560547,217.73353576660156,63.047298431396484,419.9559631347656,140.14395141601562,25.20037078857422,161.35084533691406,111.51881408691406
2024-10-29,231.73153686523438,159.7061767578125,379.4265441894531,136.68983459472656,151.65928649902344,215.22308349609375,61.997615814208984,425.2326354980469,140.87200927734375,24.851091384887695,159.32083129882812,109.99938201904297
2024-10-30,228.19113159179688,161.33323669433594,371.3290710449219,136.2572784423828,152.15188598632812,216.68109130859375,62.33804702758789,425.8035888671875,138.96710205078125,24.90348243713379,158.3582763671875,109.44601440429688
2024-10-31,224.03590393066406,157.76873779296875,368.3525085449219,136.96592712402344,151.44139099121094,214.27685546875,61.761192321777344,400.0307312011719,132.4047393798828,24.711381912231445,157.4242706298828,109.53041076660156
2024-11-01,221.060791015625,158.13552856445312,371.7109680175781,140.87741088867188,151.69715881347656,215.26171875,61.47750473022461,403.98822021484375,135.0376739501953,24.528011322021484,157.34805297851562,107.81401824951172
2024-11-04,220.1682586669922,157.10098266601562,368.6658020019531,141.70570373535156,149.9066925048828,212.21054077148438,61.57206726074219,402.1078796386719,135.68592834472656,24.23985481262207,157.3289794921875,111.24681091308594
2024-11-05,221.5963134765625,159.5274658203125,375.3728942871094,141.19032287597656,150.0109405517578,213.86167907714844,61.81794738769531,405.0612487792969,139.53558349609375,24.440690994262695,157.97705078125,111.57508087158203
2024-11-06,220.87234497070312,165.88525390625,408.1839599609375,145.15699768066406,149.56565856933594,238.55101013183594,60.23868179321289,413.6456604003906,145.22032165527344,23.890581130981445,153.48818969726562,113.48844909667969
2024-11-07,225.59288024902344,165.81002807617188,399.6947326660156,144.28268432617188,148.47621154785156,228.23883056640625,60.20085906982422,418.8139953613281,148.4816131591797,23.97789764404297,155.73739624023438,113.62914276123047
2024-11-08,225.32481384277344,166.90101623535156,385.1643371582031,144.429931640625,147.28256225585938,228.81817626953125,60.44672775268555,415.9689636230469,147.2349090576172,23.694135665893555,159.83551025390625,113.59162139892578
2024-11-11,222.61448669433594,172.26185607910156,388.2681884765625,144.03419494628906,146.8751983642578,231.04861450195312,59.91716003417969,411.5093994140625,144.8712615966797,23.26849365234375,158.234375,112.99134826660156
2024-11-12,222.61448669433594,169.9105987548828,384.8118591308594,142.9205780029297,144.6016082763672,231.309326171875,59.7658576965332,416.4513244628906,147.89315795898438,23.224157333374023,158.0532989501953,112.87879943847656
2024-11-13,223.49806213378906,170.7570343017578,378.9957580566406,146.0773468017578,145.1699981689453,232.85418701171875,59.57672119140625,418.5876159667969,145.8785858154297,23.694135665893555,158.75852966308594,113.92926788330078
2024-11-14,226.57574462890625,170.42787170410156,379.2796630859375,148.91201782226562,143.8721466064453,233.53976440429688,59.15116882324219,420.25128173828125,146.36724853515625,23.073406219482422,159.2350616455078,114.00492095947266
2024-11-15,223.37893676757812,170.615966796875,376.0583190917969,148.5623016357422,145.88998413085938,236.8612518310547,58.38518524169922,408.54620361328125,141.60003662109375,21.99156379699707,161.57955932617188,112.82289123535156
2024-11-18,226.37716674804688,172.12075805664062,376.440185546875,149.464111328125,146.61944580078125,236.59092712402344,58.49866485595703,409.2944030761719,139.77493286132812,22.044769287109375,162.73275756835938,113.76852416992188
2024-11-19,226.6352996826172,173.90771484375,374.3546142578125,148.38565063476562,144.94264221191406,234.7177276611328,59.188995361328125,411.2928466796875,146.6165771484375,22.25758934020996,162.74227905273438,112.17985534667969
2024-11-20,227.35011291503906,174.02056884765625,373.5419921875,149.99407958984375,145.04685974121094,232.4873046875,59.56726837158203,409.0285949707031,145.49957275390625,22.115707397460938,162.8661651611328,113.7779769897461
2024-11-21,226.87356567382812,182.4662628173828,381.4631652832031,150.2730255126953,147.31100463867188,236.33021545410156,60.2954216003418,407.2629089355469,146.27749633789062,22.28419303894043,164.6388397216797,115.30042266845703
2024-11-22,228.21383666992188,187.2063751220703,389.1983947753906,150.95169067382812,146.9983673095703,239.98968505859375,60.44672775268555,411.3368225097656,141.57012939453125,22.74530601501465,168.00311279296875,115.16803741455078
2024-11-25,231.19224548339844,181.6292266845703,397.18817138671875,149.09222412109375,147.5762481689453,241.66973876953125,60.88173294067383,413.10247802734375,135.65599060058594,23.206417083740234,169.0609893798828,113.44700622558594
2024-11-26,233.366455078125,180.25611877441406,399.3226318359375,151.10975646972656,147.55714416503906,241.36077880859375,61.04249572753906,422.1775207519531,136.55360412597656,22.85171890258789,170.89083862304688,111.55574798583984
2024-11-27,233.23736572265625,177.77320861816406,395.27886962890625,150.71926879882812,148.39747619628906,241.18695068359375,60.92900848388672,417.2454833984375,134.9778289794922,22.904922485351562,170.93849182128906,111.26260375976562
2024-11-29,235.62008666992188,179.72000122070312,397.6385803222656,150.55191040039062,148.02503967285156,241.11940002441406,61.05765151977539,417.7090759277344,137.88002014160156,23.241891860961914,170.84317016601562,111.5462875366211
2024-12-02,237.86380004882812,175.92039489746094,394.1136474609375,150.81224060058594,147.8245086669922,237.76889038085938,60.64793395996094,425.1269226074219,138.25904846191406,22.89605712890625,171.26251220703125,111.4422607421875
2024-12-03,240.90176391601562,175.09274291992188,390.93145751953125,150.54263305664062,145.49449157714844,236.38815307617188,60.52405548095703,425.343994140625,139.88465881347656,22.665498733520508,167.1834716796875,111.27205657958984
2024-12-04,241.25917053222656,174.46261596679688,391.1762390136719,147.1956024169922,143.6896514892578,235.01705932617188,59.27584457397461,431.4794616699219,144.75160217285156,22.372867584228516,166.88803100585938,108.06637573242188
2024-12-05,241.28895568847656,176.06146240234375,386.74078369140625,148.1345977783203,142.782470703125,237.02540588378906,59.952354431152344,436.60882568359375,144.68177795410156,22.789648056030273,167.7648468017578,108.5391845703125
2024-12-06,241.09039306640625,175.8733673095703,386.78973388671875,144.33200073242188,142.58193969726562,238.84066772460938,59.580753326416016,437.5459289550781,142.06863403320312,22.816246032714844,165.6586151123047,107.39498138427734
2024-12-09,244.97222900390625,174.32154846191406,390.93145751953125,146.04270935058594,142.85885620117188,235.41294860839844,59.64744567871094,439.9626770019531,138.44805908203125,23.14434814453125,162.77084350585938,106.76141357421875
2024-12-10,245.98487854003906,178.29043579101562,380.2882385253906,145.96832275390625,142.50550842285156,234.49566650390625,59.94282913208008,437.3092041015625,134.7178497314453,22.67436408996582,164.19093322753906,106.54391479492188
2024-12-11,244.71409606933594,180.9614715576172,380.75823974609375,145.2338409423828,140.0322265625,235.14259338378906,59.68556213378906,442.8923645019531,138.94676208496094,22.372867584228516,162.618408203125,105.83470153808594
2024-12-12,246.17352294921875,178.9770050048828,372.8369445800781,143.83926391601562,139.65025329589844,233.21145629882812,60.82896423339844,443.4546203613281,136.98190307617188,22.49701690673828,162.82803344726562,105.7401351928711
2024-12-13,246.34230041503906,177.2088623046875,372.57257080078125,143.05825805664062,140.01312255859375,231.67620849609375,60.14292907714844,441.1957092285156,133.89996337890625,22.6832332611084,163.0281982421875,104.81340789794922
2024-12-16,249.23130798339844,177.24647521972656,371.0157775878906,138.8651580810547,137.3679656982422,231.32862854003906,59.59980773925781,445.4570007324219,131.65582275390625,22.39060401916504,163.10443115234375,102.57227325439453
2024-12-17,251.65371704101562,172.21482849121094,367.9608154296875,137.70298767089844,139.81260681152344,230.150634765625,60.40972137451172,448.2880859375,130.05001831054688,23.436979293823242,162.3324737548828,102.13729095458984
2024-12-18,246.2628631591797,161.4837188720703,356.29931640625,133.95616149902344,138.22740173339844,222.435791015625,59.88566207885742,431.4499206542969,128.57388305664062,22.958127975463867,161.14117431640625,100.63374328613281
2024-12-19,247.99032592773438,158.85972595214844,352.8526916503906,131.2320098876953,137.11012268066406,224.93661499023438,59.50452423095703,431.0947570800781,130.33924865722656,22.85171890258789,161.24600219726562,99.7732162475586
2024-12-20,252.65647888183594,160.67489624023438,358.4044189453125,132.81259155273438,137.9600372314453,229.41680908203125,59.59980773925781,430.670654296875,134.34878540039062,23.374906539916992,160.16905212402344,100.1136474609375
2024-12-23,253.4308624267578,161.94456481933594,357.7679748535156,132.9241485595703,138.72398376464844,230.1796112060547,59.437828063964844,429.3389587402344,139.3058319091797,23.68526840209961,160.21670532226562,100.52027130126953
2024-12-24,256.3397521972656,165.236328125,359.90252685546875,133.73301696777344,139.27784729003906,233.96461486816406,59.876136779785156,433.3635559082031,139.85440063476562,23.711868286132812,161.0077362060547,100.61483001708984
2024-12-26,257.1538391113281,165.96051025390625,359.4619445800781,133.86318969726562,139.01998901367188,234.76600646972656,59.61886978149414,432.1601257324219,139.56515502929688,23.5522518157959,162.1704559326172,100.6999282836914
2024-12-27,253.74853515625,163.65626525878906,357.2490539550781,133.88177490234375,138.51388549804688,232.86386108398438,59.50452423095703,424.68310546875,136.65277099609375,23.60546112060547,161.57003784179688,100.69047546386719
2024-12-30,250.38294982910156,161.8129119873047,355.4376220703125,133.01715087890625,136.88092041015625,231.0775909423828,59.10434341430664,419.0604248046875,137.1315155029297,23.428110122680664,159.24459838867188,100.00963592529297
2024-12-31,248.6157989501953,162.16090393066406,355.1928405761719,134.66273498535156,138.10324096679688,231.4541473388672,59.323490142822266,415.7757263183594,133.9398651123047,23.525651931762695,159.77828979492188,101.7212142944336
2025-01-02,242.09312438964844,163.41172790527344,352.26519775390625,136.4013671875,137.53030395507812,231.73416137695312,58.923301696777344,412.8953552246094,137.94935607910156,23.59659194946289,158.18670654296875,101.47534942626953
2025-01-03,241.60665893554688,165.44322204589844,356.2013244628906,137.46128845214844,137.69261169433594,234.9011993408203,58.837547302246094,417.6005859375,144.0933074951172,23.578857421875,157.37661743164062,101.99543762207031
2025-01-06,243.23484802246094,164.38983154296875,356.6028137207031,136.91270446777344,137.1865234375,233.75595092773438,57.94187927246094,422.0394592285156,149.04039001464844,23.844881057739258,153.05934143066406,101.88197326660156
2025-01-07,240.4649658203125,161.1451416015625,355.4278564453125,139.0789794921875,139.64068603515625,236.00759887695312,57.970462799072266,416.63385009765625,139.77459716796875,24.05770492553711,153.72645568847656,102.83705139160156
2025-01-08,240.95140075683594,163.61865234375,353.5381164550781,139.73912048339844,135.85916137695312,235.9687957763672,58.7994270324707,418.79412841796875,139.74468994140625,23.818281173706055,154.48890686035156,101.11601257324219
2025-01-10,235.1435546875,155.0413055419922,343.6781921386719,142.37954711914062,135.65863037109375,232.8048095703125,58.189613342285156,413.2603759765625,135.55564880371094,23.694135665893555,151.11509704589844,100.74722290039062
2025-01-13,232.71121215820312,155.9065704345703,354.9382629394531,144.43426513671875,137.9600372314453,237.01698303222656,58.742252349853516,411.5242004394531,132.8826141357422,23.76507568359375,151.3819580078125,103.34769439697266
2025-01-14,231.5992889404297,159.24533081054688,363.8190612792969,145.87535095214844,138.22740173339844,240.1809539794922,59.11386489868164,410.0248718261719,131.41644287109375,23.419239044189453,152.23971557617188,103.75431823730469
2025-01-15,236.15618896484375,164.71905517578125,367.06982421875,147.2048797607422,138.43746948242188,244.91722106933594,58.85659408569336,420.5203552246094,135.88479614257812,23.250755310058594,152.15391540527344,105.44698333740234
2025-01-16,226.61544799804688,166.20501708984375,372.6117858886719,148.1811065673828,141.11129760742188,246.78067016601562,59.313961029052734,418.8138427734375,133.22174072265625,23.490182876586914,152.96400451660156,105.26731872558594
2025-01-17,228.32305908203125,169.2428436279297,377.9676208496094,150.12425231933594,140.4046630859375,251.52664184570312,59.752262115478516,423.2034606933594,137.35093688964844,23.321699142456055,153.56443786621094,106.21293640136719
2025-01-21,221.03591918945312,170.7194366455078,391.48016357421875,147.12123107910156,141.4741668701172,255.28265380859375,59.47593688964844,422.6806335449219,140.4628143310547,23.62319564819336,154.12673950195312,105.40916442871094
2025-01-22,222.21734619140625,171.8950653076172,390.7431335449219,145.41978454589844,138.72398376464844,255.0982666015625,58.866127014160156,440.1402587890625,146.6865692138672,23.064538955688477,157.00494384765625,103.57464599609375
2025-01-23,222.04861450195312,174.48141479492188,399.3813171386719,145.04788208007812,140.0322265625,258.11663818359375,58.62791442871094,440.643310546875,146.83616638183594,23.445844650268555,158.34872436523438,104.16093444824219
2025-01-24,221.17494201660156,175.6288299560547,400.590087890625,144.7132110595703,140.20411682128906,257.039306640625,58.99951934814453,438.029296875,142.24815368652344,23.51795768737793,157.36781311035156,102.751953125
2025-01-27,228.2039337158203,171.65992736816406,388.1585388183594,146.18215942382812,146.0006103515625,258.0196228027344,60.85755157470703,428.65826416015625,118.1112289428711,24.21204948425293,162.67990112304688,104.17984771728516
2025-01-28,236.5433807373047,174.5472412109375,383.5495910644531,145.2338409423828,143.6037139892578,259.2716064453125,59.41876983642578,441.1266784667969,128.6536865234375,24.112892150878906,159.3526611328125,102.16566467285156
2025-01-29,237.63546752929688,174.3497772216797,386.4388122558594,144.75039672851562,144.3390350341797,258.72808837890625,59.86661148071289,436.32281494140625,123.3774642944336,23.995710372924805,159.39102172851562,102.76139831542969
2025-01-30,235.8782196044922,167.20196533203125,368.5039978027344,145.3361358642578,145.98150634765625,260.3294982910156,61.0290641784668,409.3540954589844,124.32500457763672,24.25712013244629,160.5224609375,103.61247253417969
2025-01-31,234.2996826171875,166.57183837890625,365.02508544921875,138.7071075439453,145.2939453125,259.4268798828125,60.4859504699707,409.42315673828125,119.7569351196289,23.90556526184082,159.16087341308594,101.02145385742188
2025-02-03,226.36721801757812,163.2142333984375,355.3058776855469,138.8465576171875,145.02655029296875,258.9512634277344,60.36207580566406,405.3393859863281,116.3558349609375,23.617116928100586,161.81690979003906,101.26729583740234
2025-02-04,231.12274169921875,160.66551208496094,355.6990051269531,142.4539337158203,146.5735626220703,260.04803466796875,59.714149475097656,406.7696838378906,118.34063720703125,23.31964683532715,161.21282958984375,103.98126220703125
2025-02-05,230.79513549804688,164.4462890625,352.6524963378906,142.24009704589844,147.719482421875,262.4646911621094,60.14292907714844,407.67718505859375,124.5045166015625,23.833454132080078,162.056640625,103.9056167602539
2025-02-06,231.53970336914062,164.1641387939453,359.1385498046875,141.2266845703125,146.5926513671875,268.7441101074219,60.37160873413086,410.1728210449219,128.34446716308594,23.283592224121094,161.9320068359375,102.5344467163086
2025-02-07,225.98997497558594,160.13882446289062,357.595703125,141.89608764648438,146.22024536132812,267.676513671875,60.82896423339844,404.18524169921875,129.50144958496094,23.202463150024414,161.0594482421875,102.96943664550781
2025-02-10,226.25831604003906,159.9301300048828,356.94708251953125,144.8247833251953,147.28976440429688,263.05670166015625,61.5054817199707,406.6216735839844,133.22174072265625,23.31964683532715,160.6375274658203,104.93634796142578
2025-02-11,231.19793701171875,156.2972869873047,355.9741516113281,146.37741088867188,149.09457397460938,266.890380859375,64.41162109375,405.852294921875,132.45375061035156,23.013166427612305,162.4593505859375,105.59829711914062
2025-02-12,235.42196655273438,152.6075439453125,345.9601745605469,144.015869140625,148.2637939453125,267.33685302734375,65.46926879882812,403.48492431640625,130.79806518554688,22.959081649780273,162.60317993164062,102.42118072509766
2025-02-13,240.05348205566406,152.21865844726562,347.5914611816406,144.9270477294922,150.16415405273438,268.18121337890625,66.22200775146484,404.96453857421875,134.937255859375,23.112319946289062,163.9839324951172,103.16536712646484
2025-02-14,243.10470581054688,156.3542022705078,347.218017578125,146.02687072753906,149.11367797851562,268.4432373046875,65.62173461914062,402.8832092285156,138.48797607421875,23.013166427612305,156.18841552734375,103.27032470703125
2025-02-18,242.97552490234375,158.15640258789062,347.88629150390625,146.7977294921875,149.19070434570312,271.70428466796875,65.79324340820312,404.0767517089844,139.03652954101562,23.04020881652832,158.62393188476562,105.08308410644531
2025-02-19,243.37306213378906,158.26075744628906,346.9035339355469,147.80357360839844,151.98219299316406,271.0248718261719,66.76512908935547,409.1371154785156,138.8669891357422,23.337677001953125,159.6403045654297,105.23573303222656
2025-02-20,244.3271942138672,155.46258544921875,343.12005615234375,149.2700653076172,153.70523071289062,258.94158935546875,66.7365493774414,411.30169677734375,139.74468994140625,23.346689224243164,160.3306884765625,106.85768127441406
2025-02-21,244.04891967773438,150.22677612304688,334.1673889160156,147.5121612548828,156.2271728515625,256.45703125,67.98474884033203,403.47357177734375,134.07949829101562,23.707256317138672,163.22645568847656,105.60783386230469
2025-02-24,245.5894317626953,148.98419189453125,333.0667419433594,148.42401123046875,157.61328125,253.6424102783203,67.2605972290039,399.3123779296875,129.94033813476562,24.02275276184082,163.52369689941406,106.16120147705078
2025-02-25,245.52980041503906,149.13597106933594,336.44732666015625,147.04212951660156,159.87535095214844,249.81845092773438,68.11814880371094,393.283203125,126.29983520507812,24.103878021240234,165.546875,104.69190979003906
2025-02-26,238.89064025878906,151.25119018554688,336.66351318359375,145.83888244628906,156.97799682617188,251.16757202148438,67.46070098876953,395.09197998046875,130.93771362304688,23.815427780151367,164.25242614746094,104.43429565429688
2025-02-27,235.84934997558594,149.2877197265625,334.1280517578125,147.2771453857422,157.60366821289062,251.41986083984375,67.52740478515625,387.9755554199219,119.83673095703125,23.52696990966797,164.8948516845703,105.09262084960938
2025-02-28,240.361572265625,152.8636474609375,338.0098571777344,149.1102294921875,158.8454132080078,256.85491943359375,67.85136413574219,392.3837585449219,124.59429168701172,23.824440002441406,166.6879119873047,106.21843719482422
2025-03-03,236.5748748779297,150.36903381347656,326.3055419921875,143.91177368164062,161.0208282470703,252.94363403320312,68.90899658203125,383.9823913574219,113.76260375976562,23.66218376159668,168.36590576171875,102.81236267089844
2025-03-04,234.4877166748047,142.9705810546875,321.1069030761719,142.8871307373047,159.23043823242188,242.87905883789062,66.87946319580078,384.1009826660156,115.68757629394531,23.211475372314453,166.05508422851562,102.60246276855469
2025-03-05,234.29888916015625,144.213134765625,332.64410400390625,141.7684783935547,158.941650390625,244.12136840820312,66.774658203125,396.36700439453125,116.99417114257812,23.38274574279785,167.42623901367188,100.598876953125
2025-03-06,233.89138793945312,138.1331329345703,335.1206359863281,143.78018188476562,159.62510681152344,239.27835083007812,67.13673400878906,392.28497314453125,110.28170776367188,23.65317153930664,167.47421264648438,102.67877960205078
2025-03-07,237.6085205078125,137.67784118652344,344.25018310546875,146.96693420410156,160.45294189453125,235.14381408691406,68.06097412109375,388.7464294433594,112.39618682861328,24.094863891601562,168.7111053466797,104.01448822021484
2025-03-10,226.08938598632812,132.1953887939453,339.2480773925781,148.1232147216797,161.42510986328125,225.380126953125,68.08003997802734,375.7490539550781,106.70105743408203,24.013736724853516,169.0083465576172,106.6668701171875
2025-03-11,219.48995971679688,131.02871704101562,333.9020080566406,144.8424072265625,159.6539764404297,222.39085388183594,67.68938446044922,376.03570556640625,108.47642517089844,23.42781639099121,165.99754333496094,104.14807891845703
2025-03-12,215.653564453125,133.3051300048828,332.29034423828125,143.5169677734375,156.75660705566406,221.1873779296875,66.64126586914062,378.8229675292969,115.4488525390625,23.175418853759766,161.44296264648438,104.11946105957031
2025-03-13,208.398193359375,129.5015869140625,327.5536193847656,144.40060424804688,156.89137268066406,218.5572052001953,66.33635711669922,374.3751525878906,115.28924560546875,23.076265335083008,161.65390014648438,103.6805648803711
2025-03-14,212.18490600585938,133.6371307373047,333.7742614746094,147.60617065429688,156.71810913085938,225.59365844726562,66.38434600830078,384.0516052246094,121.36392211914062,23.184432983398438,161.0594482421875,106.76227569580078
2025-03-17,212.69178771972656,140.1724395751953,336.7225341796875,149.20423889160156,156.7469940185547,227.0397491455078,67.30581665039062,384.1899719238281,119.22930908203125,23.481901168823242,162.77577209472656,108.53688049316406
2025-03-18,211.38978576660156,138.66429138183594,330.8948669433594,151.16893005371094,158.10421752929688,228.04913330078125,66.59551239013672,379.0700378417969,115.1396255493164,23.71626853942871,160.81015014648438,108.4223861694336
2025-03-19,213.92422485351562,142.01258850097656,332.77191162109375,154.2147216796875,156.89137268066406,232.0671844482422,66.49952697753906,383.3201599121094,117.22435760498047,23.626127243041992,161.63475036621094,110.11112213134766
2025-03-20,212.79116821289062,141.09251403808594,330.4428405761719,154.8915252685547,156.9202423095703,231.97012329101562,66.91226959228516,382.3515625,118.2318115234375,23.60810089111328,160.65670776367188,110.57862091064453
2025-03-21,216.9356689453125,140.6561737060547,329.9809875488281,154.8727264404297,157.50743103027344,234.51296997070312,65.91400909423828,386.72027587890625,117.4039077758789,23.689228057861328,159.83209228515625,110.19697570800781
2025-03-24,219.38064575195312,144.25108337402344,335.7692565917969,155.1265411376953,157.1801300048828,240.75355529785156,66.18277740478516,388.51910400390625,121.10458374023438,23.56302833557129,158.83486938476562,110.48321533203125
2025-03-25,222.38218688964844,143.42588806152344,336.70281982421875,155.9913787841797,154.9950714111328,243.73316955566406,66.04839324951172,390.5749816894531,120.38639068603516,23.031192779541016,156.15008544921875,111.2369384765625
2025-03-26,220.17575073242188,139.11009216308594,335.2188720703125,157.89968872070312,155.6688690185547,243.63609313964844,67.20983123779297,385.4452209472656,113.47382354736328,22.72471046447754,159.7266082763672,112.83979797363281
2025-03-27,222.4815673828125,137.06129455566406,333.4401550292969,156.65882873535156,157.026123046875,240.81178283691406,67.90093231201172,386.0481262207031,111.1496810913086,22.54442596435547,161.76901245117188,112.47724914550781
2025-03-28,216.5679473876953,131.000244140625,323.99609375,156.1324005126953,157.5844268798828,235.69703674316406,67.54578399658203,374.40478515625,109.39411163330078,22.72471046447754,161.11695861816406,112.32460021972656
2025-03-31,220.7720947265625,132.5843048095703,324.10418701171875,157.26043701171875,159.6347198486328,238.0748748779297,68.74560546875,371.0343933105469,108.10735321044922,22.84189796447754,163.40863037109375,113.46949005126953
2025-04-01,221.8256072998047,135.4488067626953,324.8609313964844,158.4073028564453,147.51580810546875,236.48318481445312,68.985595703125,377.7554626464844,109.87290954589844,22.120765686035156,163.54286193847656,113.57444763183594
2025-04-02,222.52133178710938,140.0586395263672,328.8802795410156,156.48960876464844,149.54685974121094,238.57955932617188,68.46725463867188,377.7060546875,110.14221954345703,22.26498794555664,162.5264892578125,113.221435546875
2025-04-03,201.9478759765625,126.24816131591797,300.4794006347656,146.76010131835938,153.83998107910156,221.95413208007812,70.24301147460938,368.78082275390625,101.5439224243164,21.895408630371094,165.29759216308594,107.2679443359375
2025-04-04,187.22840881347656,118.60308074951172,283.104736328125,134.68991088867188,147.5061798095703,205.3434295654297,67.12344360351562,355.6647644042969,94.07275390625,20.705535888671875,157.0130615234375,99.54937744140625
2025-04-07,180.35072326660156,118.233154296875,275.2232666015625,131.74755859375,144.9842071533203,209.40576171875,65.62604522705078,353.7077941894531,97.39437103271484,20.399057388305664,153.6378631591797,98.21365356445312
2025-04-08,171.36598205566406,113.88893127441406,269.208984375,128.7206268310547,144.38742065429688,211.77871704101562,65.6740493774414,350.4460754394531,96.05775451660156,19.68693733215332,151.87355041503906,96.1432876586914
2025-04-09,197.63438415527344,130.28884887695312,295.8114318847656,137.27503967285156,145.32110595703125,228.83859252929688,67.14263916015625,385.9591369628906,114.04239654541016,20.272857666015625,155.6418914794922,100.94234466552734
2025-04-10,189.2559356689453,120.88899993896484,284.1661071777344,126.88752746582031,143.12643432617188,221.7783203125,67.92013549804688,376.92523193359375,107.29940032958984,19.461584091186523,156.83084106445312,95.34185791015625
2025-04-11,196.9386749267578,120.63290405273438,288.38201904296875,127.49856567382812,146.05267333984375,230.65492248535156,68.56324005126953,383.94287109375,110.65095520019531,19.750038146972656,160.0430450439453,98.40447998046875
2025-04-14,201.281982421875,123.75354766845703,292.9713439941406,127.2071533203125,148.58428955078125,229.2096710205078,69.54229736328125,383.310302734375,110.43150329589844,19.9393367767334,162.1717071533203,98.64300537109375
2025-04-15,200.904296875,126.66549682617188,288.36236572265625,126.47391510009766,147.87196350097656,227.65701293945312,68.97599792480469,381.25439453125,111.9177474975586,20.227787017822266,161.53884887695312,98.3663101196289
2025-04-16,193.0823974609375,122.71965026855469,285.1291809082031,127.2447280883789,148.151123046875,224.21963500976562,68.80321502685547,367.2982177734375,104.22714233398438,19.867223739624023,159.54444885253906,99.40626525878906
2025-04-17,195.77581787109375,123.67767333984375,289.16815185546875,129.60427856445312,151.57791137695312,226.5144805908203,70.07022857666016,363.51263427734375,101.23468780517578,19.95736312866211,163.61001586914062,102.01091766357422
2025-04-21,191.9791717529297,114.03121185302734,281.16973876953125,125.71245574951172,151.04847717285156,223.61419677734375,69.8494644165039,354.9531555175781,96.66621398925781,19.867223739624023,159.92141723632812,100.51300048828125
2025-04-22,198.5189666748047,118.47978210449219,287.5191650390625,129.0684356689453,151.84742736816406,230.0592498779297,70.93411254882812,362.5638427734375,98.64122009277344,20.308914184570312,161.97653198242188,103.32756042480469
2025-04-23,203.34927368164062,120.4621810913086,292.06146240234375,128.48561096191406,149.56610107421875,235.22506713867188,70.35820007324219,370.0459899902344,102.45161437988281,20.18271827697754,159.90213012695312,102.44026184082031
2025-04-24,207.09619140625,127.6235122680664,303.01239013671875,130.73233032226562,149.1329345703125,238.89678955078125,69.6094970703125,382.8061828613281,106.1622543334961,20.534271240234375,153.92015075683594,103.64239501953125
2025-04-25,208.00064086914062,126.02051544189453,302.6075744628906,130.41270446777344,148.79603576660156,237.83238220214844,69.02398681640625,387.30340576171875,110.73075103759766,20.66046714782715,155.35777282714844,103.58516693115234
2025-04-28,208.85537719726562,127.59661102294922,303.2098693847656,131.70057678222656,149.5372314453125,237.51014709472656,68.90879821777344,386.6214599609375,108.45648956298828,20.777650833129883,156.1585693359375,103.64239501953125
2025-04-29,209.91883850097656,127.55838775634766,303.5456237792969,130.94851684570312,150.07627868652344,238.8772430419922,69.4463119506836,389.468017578125,108.74574279785156,21.4447021484375,156.5541534423828,103.38481140136719
2025-04-30,211.2009735107422,125.81037139892578,305.3921813964844,127.90277862548828,150.46128845214844,238.8772430419922,69.63829040527344,390.673828125,108.64599609375,22.003576278686523,156.853271484375,100.7801513671875
2025-05-01,212.0159454345703,127.41510772705078,310.02337646484375,128.09078979492188,148.68055725097656,241.09397888183594,68.42886352539062,420.4641418457031,111.32923126220703,21.570898056030273,154.35433959960938,100.92326354980469
2025-05-02,204.09466552734375,131.2646026611328,319.62152099609375,130.19650268554688,150.27841186523438,246.58204650878906,68.77442169189453,430.2294921875,114.21197509765625,21.814281463623047,154.87533569335938,101.3335189819336
2025-05-05,197.67416381835938,130.0132598876953,319.0586242675781,127.37635040283203,149.20033264160156,246.63084411621094,68.8224105834961,431.1091613769531,113.53367614746094,21.516813278198242,153.24478149414062,98.52850341796875
2025-05-06,197.2964630126953,127.99779510498047,316.8664855957031,127.47038269042969,148.69017028808594,243.3985595703125,68.84160614013672,428.2823486328125,113.25438690185547,20.62441062927246,153.64999389648438,99.90238952636719
2025-05-07,195.05029296875,130.04193115234375,316.2740173339844,127.64895629882812,151.41427612304688,243.53529357910156,69.49431610107422,428.3218688964844,116.7655258178711,20.543283462524414,153.6885986328125,99.8069839477539
2025-05-08,196.28271484375,133.54754638671875,320.1843566894531,128.8240203857422,149.83563232421875,247.51950073242188,68.31366729736328,433.08599853515625,117.07474517822266,20.705535888671875,153.07110595703125,101.199951171875
2025-05-09,197.3163604736328,133.14634704589844,321.5371398925781,130.1870880126953,148.4495086669922,247.13864135742188,67.68975830078125,433.63946533203125,116.3565673828125,20.46670150756836,152.1158905029297,102.38301849365234
2025-05-12,209.776123046875,142.32589721679688,338.2548828125,133.12942504882812,148.37249755859375,253.94500732421875,66.73948669433594,444.0472717285156,122.69058990478516,21.21077537536621,155.24197387695312,104.14807891845703
2025-05-13,211.90582275390625,141.94383239746094,348.1196594238281,133.81568908691406,142.88580322265625,256.8355407714844,66.19236755371094,443.9286804199219,129.6031494140625,21.008684158325195,153.1482696533203,104.43429565429688
2025-05-14,211.30873107910156,141.77188110351562,345.2757568359375,133.1764373779297,140.88360595703125,259.40380859375,66.38434600830078,447.6846008300781,134.99954223632812,20.227859497070312,152.4632568359375,103.49929809570312
2025-05-15,210.43295288085938,140.17669677734375,345.42388916015625,133.73106384277344,144.01202392578125,261.2103576660156,68.73601531982422,448.6946105957031,134.49081420898438,20.76065444946289,156.69888305664062,104.54884338378906
2025-05-16,210.24386596679688,140.12893676757812,349.1466064453125,133.5806884765625,145.6676483154297,261.2787170410156,69.11035919189453,449.8233947753906,135.0594024658203,20.971935272216797,157.53829956054688,104.17332458496094
2025-05-19,207.77581787109375,138.93492126464844,348.1492614746094,131.7728271484375,146.7842559814453,258.66162109375,69.04316711425781,454.37841796875,135.22897338867188,21.128101348876953,158.9758758544922,102.51715850830078
2025-05-20,205.8650360107422,137.74090576171875,345.1078796386719,130.6119842529297,147.9104766845703,259.4428405761719,68.81281280517578,453.6852722167969,134.0419464111328,21.60578155517578,159.81529235839844,101.05359649658203
2025-05-21,201.11798095703125,131.3314666748047,338.2153625488281,128.9849395751953,147.44842529296875,254.9117889404297,68.96639251708984,448.14013671875,131.46844482421875,21.164844512939453,159.61268615722656,99.81149291992188
2025-05-22,200.3914794921875,130.79653930664062,340.8617858886719,128.72801208496094,146.89974975585938,254.55047607421875,68.28487396240234,450.40765380859375,132.495849609375,21.164844512939453,159.22674560546875,99.14710998535156
2025-05-23,194.33078002929688,130.02281188964844,339.0843505859375,129.91737365722656,147.21739196777344,254.58950805664062,68.88959503173828,445.7734680175781,130.95973205566406,21.422054290771484,160.0275421142578,99.20487213134766
2025-05-27,199.2470245361328,133.06039428710938,347.1025695800781,131.1448211669922,148.7804412841797,259.06201171875,68.8991928100586,456.1806335449219,135.15911865234375,21.68845558166504,161.86074829101562,99.67668151855469
2025-05-28,199.45602416992188,132.21026611328125,345.1078796386719,129.42263793945312,147.984375,257.3042297363281,68.29447174072266,452.8831787109375,134.4708709716797,21.2934513092041,161.47482299804688,98.31903839111328
2025-05-29,198.98825073242188,132.65921020507812,347.3790588378906,131.22096252441406,149.100830078125,258.1636047363281,68.6208267211914,454.1902770996094,138.83985900878906,21.541479110717773,162.6326141357422,98.87751007080078
2025-05-30,199.8839569091797,132.54457092285156,343.66619873046875,130.06964111328125,150.68328857421875,257.8022766113281,69.20634460449219,455.85382080078125,134.79006958007812,21.578222274780273,163.9158477783203,98.50199127197266
2025-06-02,200.72987365722656,132.5923309326172,340.34832763671875,131.15432739257812,150.86773681640625,258.4468078613281,69.11035919189453,457.44805908203125,137.03439331054688,21.550661087036133,161.8800506591797,99.22413635253906
2025-06-03,202.29229736328125,132.78335571289062,345.0190124511719,132.7814178466797,149.91632080078125,260.0190124511719,68.3040771484375,458.4382629394531,140.86473083496094,21.449615478515625,160.98275756835938,99.94630432128906
2025-06-04,201.844482421875,132.54457092285156,344.94989013671875,130.70713806152344,148.75132751464844,258.0171203613281,68.50564575195312,459.3294372558594,141.56298828125,21.486358642578125,160.11439514160156,98.50199127197266
2025-06-05,199.6649932861328,131.58935546875,344.5845031738281,130.25994873046875,149.17848205566406,255.80039978027344,68.06411743164062,463.1022033691406,139.63784790039062,21.23833465576172,157.07516479492188,98.0494384765625
2025-06-06,202.93917846679688,134.15887451171875,348.9194641113281,133.40940856933594,150.50852966308594,259.49169921875,68.4864501953125,465.7757568359375,141.36349487304688,21.449615478515625,158.2522735595703,100.39884185791016
2025-06-09,200.48104858398438,133.7099151611328,353.5802917480469,133.93272399902344,150.7026824951172,260.47796630859375,68.88959503173828,468.12255859375,142.27120971679688,22.019153594970703,156.84359741210938,101.07286071777344
2025-06-10,201.69517517089844,136.5564422607422,354.07403564453125,136.39710998535156,151.8871307373047,262.2943115234375,69.4463119506836,466.3104553222656,143.59786987304688,22.322296142578125,157.11376953125,103.23932647705078
2025-06-11,197.8238983154297,135.05674743652344,358.58673095703125,137.7577362060547,150.73182678222656,261.8548583984375,69.17755889892578,467.99383544921875,142.4805908203125,22.487648010253906,156.40943908691406,105.25172424316406
2025-06-12,198.2418670654297,134.483642578125,356.4340515136719,137.9385223388672,152.09100341796875,261.9427490234375,69.3407211303711,474.1826477050781,144.64527893066406,22.818349838256836,157.44180297851562,105.65613555908203
2025-06-13,195.50511169433594,130.29983520507812,352.5730895996094,138.8329315185547,152.51815795898438,258.7300109863281,68.65437316894531,470.3109130859375,141.62269592285156,22.542768478393555,154.64376831054688,107.95741271972656
2025-06-16,197.4656219482422,132.0669708251953,357.8955078125,138.9470977783203,150.6929931640625,264.0129699707031,68.17103576660156,474.4499816894531,144.33602905273438,22.41415786743164,155.22268676757812,108.30404663085938
2025-06-17,194.69898986816406,129.61209106445312,353.1951904296875,141.63034057617188,147.93582153320312,263.19268798828125,67.30101776123047,473.3607482910156,143.76742553710938,22.046714782714844,152.9456787109375,109.76760864257812
2025-06-18,195.6344757080078,131.3314666748047,355.28857421875,141.00233459472656,146.33395385742188,267.5284423828125,66.90467071533203,475.53924560546875,145.1240997314453,21.936481475830078,152.4632568359375,108.98767852783203
2025-06-20,200.03321838378906,131.52249145507812,355.99957275390625,142.29638671875,145.4213409423828,268.5440368652344,66.5469970703125,472.7270202636719,143.4980926513672,22.019153594970703,153.48597717285156,110.44161224365234
2025-06-23,200.53082275390625,132.12429809570312,361.63800048828125,139.7368621826172,146.90672302246094,271.7372741699219,67.41702270507812,481.24285888671875,143.8173065185547,22.07427215576172,155.36740112304688,107.59150695800781
2025-06-24,199.3365936279297,137.59762573242188,368.3428649902344,136.58740234375,147.75135803222656,274.6571350097656,67.87135314941406,485.3125915527344,147.53817749023438,22.331483840942383,154.72097778320312,104.31774139404297
2025-06-25,200.5905303955078,137.13912963867188,366.9208984375,136.28289794921875,147.8387451171875,277.391357421875,67.31068420410156,487.45147705078125,153.9324951171875,22.285551071166992,153.3798370361328,104.34663391113281
2025-06-26,200.03321838378906,141.54263305664062,377.0917663574219,137.43421936035156,147.57659912109375,281.9712829589844,67.15602111816406,492.580810546875,154.64076232910156,22.267181396484375,153.0518035888672,105.90648651123047
2025-06-27,200.1128387451172,144.34140014648438,379.88623046875,136.8157196044922,147.9649658203125,280.3697509765625,67.98736572265625,491.0855407714844,157.36407470703125,22.22125244140625,154.23855590820312,105.31913757324219
2025-06-30,204.1831512451172,142.87991333007812,383.3423767089844,136.244873046875,148.29502868652344,283.10400390625,68.39337158203125,492.5411682128906,157.60350036621094,22.267181396484375,153.717529296875,103.79779815673828
2025-07-01,206.82041931152344,145.9270477294922,386.0184020996094,138.50942993164062,151.37255859375,283.59228515625,69.28273010253906,487.233642578125,152.9249725341797,23.002071380615234,155.55072021484375,105.18431854248047
2025-07-02,211.418212890625,146.68162536621094,393.4342041015625,140.80250549316406,151.02305603027344,285.14495849609375,68.54805755615234,486.2830505371094,156.8653106689453,23.2592830657959,155.53143310546875,106.92713928222656
2025-07-03,212.52285766601562,148.1813201904297,392.87139892578125,141.17359924316406,151.45994567871094,290.443603515625,68.973388671875,493.9571533203125,158.9501953125,23.31439971923828,155.17442321777344,108.034423828125
2025-07-07,208.940185546875,146.13719177246094,386.60101318359375,140.2506561279297,150.7415313720703,286.4892578125,68.64470672607422,492.8481140136719,157.85289001464844,23.185792922973633,154.8560333251953,106.98490142822266
2025-07-08,208.99989318847656,149.34669494628906,389.34619140625,145.80740356445312,151.24635314941406,277.4717712402344,67.9003677368164,491.7589111328125,159.6085968017578,23.534868240356445,152.3378143310547,109.95054626464844
2025-07-09,210.12445068359375,151.57229614257812,397.13720703125,145.59808349609375,151.72207641601562,277.8446350097656,67.16567993164062,498.58148193359375,162.48153686523438,23.479751586914062,151.98085021972656,109.57503509521484
2025-07-10,211.3883514404297,156.71133422851562,403.2101135253906,146.6923065185547,153.09095764160156,282.7801818847656,67.44601440429688,496.5713806152344,163.6985626220703,23.681846618652344,152.91673278808594,110.66307830810547
2025-07-11,210.1443634033203,154.74359130859375,400.830322265625,147.77699279785156,152.32398986816406,281.4751281738281,67.54269409179688,498.39337158203125,164.5165557861328,23.562423706054688,151.52735900878906,111.14451599121094
2025-07-14,207.61656188964844,156.04266357421875,400.68218994140625,144.2945098876953,152.246337890625,283.2806396484375,67.15602111816406,498.09625244140625,163.6686553955078,23.286840438842773,148.35304260253906,109.6905746459961
2025-07-15,208.10421752929688,152.64215087890625,399.5663757324219,143.38108825683594,150.6444549560547,281.17095947265625,67.04967498779297,500.868896484375,170.28240966796875,22.60706901550293,147.31101989746094,108.71807861328125
2025-07-16,209.14915466308594,158.48800659179688,407.70306396484375,142.64842224121094,159.9741668701172,280.4547119140625,66.9626693725586,500.67083740234375,170.95077514648438,22.60706901550293,148.32412719726562,108.06332397460938
2025-07-17,209.0098419189453,164.7637176513672,412.8280029296875,144.03759765625,158.2266845703125,284.4580993652344,68.23870086669922,506.6913146972656,172.5767822265625,22.579509735107422,150.14764404296875,107.51449584960938
2025-07-18,210.1642608642578,161.16259765625,408.52264404296875,142.76260375976562,158.92567443847656,285.8023681640625,67.52335357666016,505.05743408203125,171.9882354736328,22.47846221923828,150.66929626464844,103.76890563964844
2025-07-21,211.45799255371094,159.22352600097656,406.4116516113281,142.42005920410156,159.56642150878906,285.50799560546875,67.73602294921875,505.0673522949219,170.96075439453125,22.285551071166992,150.60130310058594,104.03851318359375
2025-07-22,213.36875915527344,161.79302978515625,413.4681091308594,142.76260375976562,163.0323028564453,285.9593811035156,67.33968353271484,500.3242492675781,166.6213836669922,23.093931198120117,153.79734802246094,104.51031494140625
2025-07-23,213.11997985839844,164.25746154785156,423.77532958984375,145.69320678710938,164.16819763183594,291.1893310546875,66.85633850097656,500.9183654785156,170.36221313476562,23.29602813720703,153.7584686279297,105.84870910644531
2025-07-24,212.73184204101562,170.13197326660156,425.6881408691406,148.2717742919922,164.61476135253906,290.9832763671875,66.79832458496094,505.8793029785156,173.3149871826172,23.286840438842773,154.2733154296875,106.6767807006836
2025-07-25,212.8512725830078,170.1224365234375,429.8804016113281,147.3297882080078,163.3915252685547,293.014404296875,66.86600494384766,508.681640625,173.0755615234375,23.165363311767578,153.77789306640625,106.30126190185547
2025-07-28,213.0204620361328,169.014404296875,429.0776062011719,148.699951171875,161.3721923828125,292.6807861328125,65.82197570800781,507.48345947265625,176.317626953125,22.71681785583496,152.62188720703125,107.30265808105469
2025-07-29,210.25384521484375,169.10989379882812,426.21337890625,149.41358947753906,163.20704650878906,291.4640808105469,67.06900787353516,507.55279541015625,175.08062744140625,22.707473754882812,152.13616943359375,108.6891860961914
2025-07-30,208.0445098876953,167.48605346679688,430.2470703125,146.1118621826172,162.3818359375,294.0054931640625,66.45999145507812,508.21624755859375,178.8314666748047,22.249588012695312,148.51272583007812,107.7455825805664
2025-07-31,206.57162475585938,165.21270751953125,434.1122741699219,144.2849884033203,159.9353485107422,290.6791076660156,65.6286392211914,528.2778930664062,177.43487548828125,21.7636661529541,146.1715850830078,107.49522399902344
2025-08-01,201.40660095214844,162.76731872558594,424.86553955078125,144.056640625,162.44981384277344,283.93804931640625,66.56633758544922,518.9797973632812,173.29502868652344,21.950557708740234,146.34642028808594,105.56948852539062
2025-08-04,202.37191772460938,163.85330200195312,429.830810546875,143.71409606933594,166.0515899658203,288.7362976074219,66.66299438476562,530.3969116210938,179.55966186523438,21.987937927246094,146.4532928466797,103.38375854492188
2025-08-05,201.9439697265625,161.1432342529297,430.35614013671875,145.61708068847656,165.76036071777344,285.9005126953125,66.75000762939453,522.584228515625,177.8238983154297,23.12798309326172,146.21041870117188,103.25857543945312
2025-08-06,212.2243194580078,162.74813842773438,423.9042053222656,145.3697052001953,165.61471557617188,285.8808898925781,67.1946792602539,519.8016967773438,178.98106384277344,22.361722946166992,148.49330139160156,102.5556869506836
2025-08-07,218.97169494628906,161.10479736328125,413.39874267578125,145.7312774658203,166.52731323242188,281.5536804199219,68.08403778076172,515.7418212890625,180.32777404785156,22.642061233520508,149.1053009033203,102.01647186279297
2025-08-08,228.24688720703125,162.3252716064453,412.8041076660156,147.49154663085938,168.2748260498047,283.3394775390625,67.99703216552734,516.9299926757812,182.2530517578125,22.96912384033203,149.1247100830078,102.83493041992188
2025-08-11,226.34388732910156,163.4400634765625,404.89532470703125,146.0072021484375,168.7505340576172,284.1244812011719,68.39337158203125,516.6627807617188,181.6146240234375,22.96912384033203,150.55271911621094,101.90093231201172
2025-08-12,228.80479431152344,166.9669952392578,409.028076171875,146.94918823242188,167.7408447265625,287.3527526855469,68.35470581054688,524.0595092773438,182.71192932128906,23.034536361694336,150.6595916748047,102.18978881835938
2025-08-13,232.47125244140625,169.7346954345703,410.00927734375,148.309814453125,169.33302307128906,285.0762939453125,68.113037109375,515.4844360351562,181.14576721191406,23.511112213134766,150.970458984375,103.60521697998047
2025-08-14,231.92327880859375,167.87034606933594,413.7753601074219,147.63427734375,169.624267578125,288.6381530761719,67.23334503173828,517.36572265625,181.57472229003906,23.464391708374023,149.34817504882812,103.39338684082031
2025-08-15,230.73765563964844,164.9296417236328,404.1520080566406,148.95684814453125,171.48828125,285.0370178222656,67.59101867675781,515.0783081054688,180.00856018066406,23.49242401123047,149.95045471191406,103.49056243896484
2025-08-18,230.0402374267578,162.62318420410156,408.9587097167969,147.78651428222656,171.10964965820312,286.0574951171875,66.82733154296875,512.0384521484375,181.5647430419922,23.427011489868164,151.27159118652344,103.71409606933594
2025-08-19,229.71145629882812,160.76840209960938,412.3779602050781,146.237548828125,172.6144561767578,285.203857421875,67.79402923583984,504.7801818847656,175.2103271484375,23.660625457763672,153.87503051757812,104.39436340332031
2025-08-20,225.1781768798828,158.05836486816406,416.8377685546875,147.41127014160156,173.6240997314453,286.754150390625,68.34504699707031,500.7698669433594,174.97091674804688,23.716693878173828,154.9533233642578,105.47311401367188
2025-08-21,224.072265625,157.06851196289062,414.16192626953125,149.65296936035156,173.7114715576172,285.9986572265625,68.30638122558594,500.1251220703125,174.55191040039062,24.053102493286133,154.1956024169922,106.15339660644531
2025-08-22,226.9217529296875,163.85330200195312,431.78326416015625,152.18324279785156,174.06097412109375,290.6791076660156,67.79402923583984,503.09075927734375,177.5545654296875,24.18392562866211,154.1373291015625,108.14564514160156
2025-08-25,226.32395935058594,162.89227294921875,428.4433288574219,152.20249938964844,173.20664978027344,289.3642578125,66.63400268554688,500.14495849609375,179.37013244628906,23.49242401123047,151.68931579589844,108.59268951416016
2025-08-26,228.46604919433594,164.74703979492188,427.41259765625,151.39434814453125,172.60032653808594,292.96533203125,66.44066619873047,497.94305419921875,181.32533264160156,23.286840438842773,151.5144500732422,108.3497314453125
2025-08-27,229.6417236328125,164.94886779785156,428.81005859375,153.2030792236328,172.89370727539062,293.6620178222656,66.53733825683594,502.604736328125,181.15576171875,23.427011489868164,152.47618103027344,109.57424926757812
2025-08-28,231.70408630371094,165.3140411376953,431.0300598144531,153.28005981445312,171.58323669433594,295.4184265136719,66.08297729492188,505.4810485839844,179.72923278808594,22.987812042236328,151.20359802246094,110.1573486328125
2025-08-29,231.28564453125,164.71820068359375,415.3016357421875,154.51150512695312,173.26531982421875,295.7618408203125,66.69200134277344,502.5551452636719,173.75387573242188,23.137327194213867,152.5538787841797,111.07087707519531
2025-09-02,228.87454223632812,162.9403076171875,412.3382873535156,155.6948699951172,174.13571166992188,294.0741882324219,66.75967407226562,500.9979248046875,170.36221313476562,23.342910766601562,153.4767608642578,111.45960235595703
2025-09-03,237.5923309326172,160.81646728515625,411.4165954589844,152.0677947998047,174.07704162597656,293.8877258300781,66.69200134277344,501.22607421875,170.20262145996094,23.165363311767578,153.65159606933594,108.75790405273438
2025-09-04,238.8975067138672,163.2766876220703,416.47113037109375,151.7118377685547,174.82029724121094,298.1168212890625,65.97664642333984,503.82470703125,171.2400665283203,22.931747436523438,154.64248657226562,109.2341079711914
2025-09-05,238.807861328125,163.36318969726562,419.3055725097656,147.83462524414062,174.49755859375,288.8540344238281,65.69630432128906,490.9605407714844,166.6114044189453,23.249460220336914,155.44876098632812,106.15339660644531
2025-09-08,237.0045166015625,166.54412841796875,419.00830078125,148.16172790527344,174.2041778564453,287.41162109375,65.1839599609375,494.1344299316406,167.8982696533203,22.941089630126953,154.4676055908203,106.75592041015625
2025-09-09,233.48751831054688,166.419189453125,414.360107421875,148.97950744628906,173.0599822998047,292.2589111328125,65.59964752197266,494.3426818847656,170.34226989746094,23.090604782104492,154.90476989746094,107.53339385986328
2025-09-10,225.955322265625,171.28195190429688,419.1370849609375,151.8080291748047,171.91575622558594,294.89837646484375,65.56097412109375,496.2867431640625,176.8961944580078,22.959779739379883,152.85504150390625,109.33129119873047
2025-09-11,229.18341064453125,176.7501220703125,427.53155517578125,152.2506103515625,174.5660400390625,299.8241271972656,65.36763000488281,496.9214782714844,176.7465362548828,23.230775833129883,154.09848022460938,108.98143005371094
2025-09-12,233.2085418701172,174.2803192138672,427.6702575683594,151.15382385253906,174.13571166992188,301.1488037109375,64.77796173095703,505.7389221191406,177.39500427246094,22.305654525756836,153.3893280029297,109.00086212158203
2025-09-15,235.82884216308594,176.6348114013672,432.0508728027344,151.3462371826172,173.49026489257812,303.1014404296875,64.49546813964844,511.1543884277344,177.32516479492188,22.399099349975586,152.34988403320312,109.18550872802734
2025-09-16,237.2735137939453,176.5579376220703,436.7386779785156,153.49171447753906,172.5709991455078,303.3860168457031,64.52468872070312,504.885986328125,174.46202087402344,22.33368682861328,153.53504943847656,111.44988250732422
2025-09-17,238.1104278564453,176.46182250976562,446.6395263671875,154.02084350585938,173.294677734375,305.8979187011719,65.30396270751953,505.8579406738281,169.8829803466797,22.47385597229004,155.74990844726562,112.04270935058594
2025-09-18,237.0045166015625,181.32455444335938,462.7940979003906,152.81822204589844,170.32167053222656,307.3501892089844,64.73898315429688,504.30078125,175.81878662109375,22.567302703857422,152.82589721679688,110.72100830078125
2025-09-19,244.59646606445312,180.30589294433594,462.37786865234375,150.28794860839844,172.30694580078125,308.8710632324219,64.70976257324219,513.7034301757812,176.24774169921875,22.455169677734375,151.5824737548828,109.64227294921875
2025-09-22,255.13751220703125,178.40306091308594,467.8882751464844,150.13401794433594,170.37059020996094,306.5749816894531,64.49546813964844,510.2518615722656,183.17117309570312,22.46451187133789,148.6973114013672,108.86479949951172
2025-09-23,253.49359130859375,177.7015380859375,467.0557556152344,151.45205688476562,172.68833923339844,306.8693542480469,64.98251342773438,505.0744323730469,178.0035400390625,22.548614501953125,148.1436004638672,110.74044799804688
2025-09-24,251.38140869140625,171.13780212402344,465.598876953125,153.1453399658203,172.79591369628906,307.53662109375,64.729248046875,505.98687744140625,176.54702758789062,22.51123809814453,148.0658721923828,111.33325958251953
2025-09-25,255.92462158203125,168.7544708251953,459.5830078125,154.62696838378906,173.81298828125,307.5660400390625,64.27142333984375,502.8923645019531,177.26528930664062,22.053348541259766,147.8035888671875,112.3342514038086
2025-09-26,254.5198211669922,168.4853973388672,461.6048583984375,154.0882110595703,175.74935913085938,310.12701416015625,63.96943664550781,507.28619384765625,177.76412963867188,22.202861785888672,148.1436004638672,113.9183349609375
2025-09-29,253.49359130859375,169.27342224121094,467.4026184082031,150.18211364746094,177.61727905273438,309.7640075683594,64.32986450195312,510.4004821777344,181.4153594970703,22.286964416503906,149.14414978027344,111.00284576416016
2025-09-30,253.69288635253906,164.1896514892578,472.8932189941406,149.40281677246094,181.33352661132812,309.50885009765625,64.60260772705078,513.7233276367188,186.13406372070312,23.81014060974121,149.26071166992188,109.57424926757812
2025-10-01,254.5098419189453,161.54684448242188,476.53045654296875,148.71974182128906,181.94961547851562,304.8774719238281,65.05069732666016,515.4688720703125,186.79249572753906,25.4267635345459,148.80413818359375,108.83563995361328
2025-10-02,256.18365478515625,160.08612060546875,486.1935119628906,147.55560302734375,181.8811798095703,301.77679443359375,64.3883056640625,511.53125,188.4385528564453,25.30528450012207,147.70643615722656,108.1553726196289
2025-10-03,257.07037353515625,161.88320922851562,493.4085388183594,147.72879028320312,184.48255920410156,304.210205078125,64.92406463623047,513.1281127929688,187.1715545654297,25.576278686523438,147.920166015625,110.06988525390625
2025-10-06,255.74530029296875,160.38401794433594,490.9606018066406,148.1809539794922,184.01312255859375,304.8511047363281,64.3883056640625,524.256591796875,185.09654235839844,24.69788360595703,146.11329650878906,110.98340606689453
2025-10-07,255.5360870361328,158.48121643066406,482.367919921875,149.03721618652344,184.72705078125,303.38201904296875,65.0604476928711,519.7039794921875,184.5977325439453,24.548368453979492,148.18243408203125,111.04171752929688
2025-10-08,257.1102294921875,156.12673950195312,497.64044189453125,147.91159057617188,185.50941467285156,299.773193359375,64.40779113769531,520.56689453125,188.65802001953125,23.997034072875977,146.3852996826172,110.8084716796875
2025-10-09,253.1050262451172,154.38726806640625,495.8961486816406,145.8911895751953,186.86875915527344,301.2522277832031,64.65132904052734,518.1369018554688,192.1097412109375,23.58586883544922,146.2784423828125,109.72974395751953
2025-10-10,244.36732482910156,147.77549743652344,486.91693115234375,143.25506591796875,186.51669311523438,296.67718505859375,65.30396270751953,506.7903137207031,182.72222900390625,23.156017303466797,145.41384887695312,107.61114501953125
2025-10-13,246.74851989746094,151.99435424804688,500.2569274902344,146.17982482910156,186.69273376464844,303.6580810546875,65.07018280029297,509.8550720214844,187.8699188232422,23.10929298400879,143.27671813964844,109.07860565185547
2025-10-14,246.8581085205078,157.58746337890625,522.7642822265625,146.61276245117188,186.6438446044922,297.85052490234375,65.76180267333984,509.3790283203125,179.59971618652344,22.913057327270508,144.89898681640625,109.127197265625
2025-10-15,248.42233276367188,157.52020263671875,529.2855224609375,146.34336853027344,186.956787109375,301.4100036621094,65.34293365478516,509.2401428222656,179.4001922607422,22.791574478149414,143.2086944580078,108.46635437011719
2025-10-16,246.53929138183594,151.81175231933594,536.1339721679688,145.95852661132812,187.88584899902344,294.3600769042969,65.8397216796875,507.43499755859375,181.3754425048828,22.642061233520508,145.32643127441406,107.523681640625
2025-10-17,251.36148071289062,150.2164764404297,522.3777465820312,147.276611328125,188.96160888671875,293.3938293457031,66.66771697998047,509.3889465332031,182.78208923339844,22.90371322631836,147.07501220703125,109.07860565185547
2025-10-20,261.27484130859375,154.1854705810547,527.9536743164062,148.62351989746094,189.45057678222656,298.1265869140625,66.66771697998047,512.5726928710938,182.20347595214844,23.071916580200195,147.6190185546875,109.52565002441406
2025-10-21,261.8028869628906,155.13687133789062,521.4633178710938,147.95968627929688,187.65115356445312,292.93035888671875,69.37572479248047,513.4356079101562,180.72702026367188,23.2214298248291,147.28871154785156,109.53536987304688
2025-10-22,257.49884033203125,155.4155731201172,510.78857421875,149.67221069335938,188.6877899169922,289.99212646484375,68.97633361816406,516.2920532226562,179.84910583496094,23.09994888305664,147.85214233398438,111.47904205322266
2025-10-23,258.6246337890625,148.9383087158203,517.3385620117188,150.6246795654297,188.2281494140625,290.4161376953125,68.12887573242188,516.3119506835938,181.72463989257812,23.053226470947266,147.8618927001953,112.7132797241211
2025-10-24,261.85272216796875,148.5731201171875,519.5549926757812,149.66258239746094,186.20375061035156,296.2334899902344,67.90482330322266,519.3370361328125,185.81480407714844,23.137327194213867,149.16976928710938,112.13988494873047
2025-10-27,267.8206787109375,147.8523712158203,523.86865234375,149.3931884765625,186.10597229003906,299.89154052734375,68.24575805664062,527.1825561523438,191.03233337402344,23.146671295166016,148.43609619140625,112.67440032958984
2025-10-28,268.00994873046875,145.77658081054688,521.284423828125,148.28680419921875,182.8102264404297,301.0846252441406,68.34317779541016,537.6464233398438,200.54953002929688,22.894367218017578,148.07412719726562,111.79002380371094
2025-10-29,268.7073974609375,143.1145477294922,581.9337768554688,149.22003173828125,182.48751831054688,301.2325439453125,66.58003997802734,537.130615234375,206.54515075683594,22.698129653930664,145.53074645996094,113.17002868652344
2025-10-30,270.4011535644531,142.605224609375,579.6080322265625,147.69992065429688,184.88351440429688,305.10748291015625,67.19373321533203,521.469482421875,202.4050750732422,22.698129653930664,146.3231201171875,111.45960235595703
2025-10-31,269.37493896484375,140.92343139648438,573.7537841796875,151.74069213867188,184.7074737548828,306.7639465332031,67.11580657958984,513.5844116210938,202.00604248046875,23.034536361694336,147.0959014892578,111.13890075683594
2025-11-03,268.0597839355469,140.02175903320312,567.1243896484375,148.20021057128906,182.15499877929688,305.0187683105469,66.20988464355469,512.810791015625,206.3855438232422,23.043882369995117,144.79708862304688,110.5558090209961
2025-11-04,269.0461730957031,138.4995880126953,544.254150390625,147.57484436035156,182.7417755126953,304.920166015625,66.88201904296875,510.1328430175781,198.21511840820312,22.707473754882812,143.96559143066406,110.92509460449219
2025-11-05,269.14581298828125,139.92481994628906,565.693115234375,146.87252807617188,181.90072631835938,307.3161315917969,66.73590087890625,503.02130126953125,194.74343872070312,22.99715805053711,142.61563110351562,110.47806549072266
2025-11-06,268.7771301269531,139.06192016601562,566.3192749023438,147.14190673828125,182.849365234375,309.03179931640625,67.27165222167969,493.04339599609375,187.63047790527344,23.2214298248291,142.9482421875,111.27495574951172
2025-11-07,267.4819030761719,141.49546813964844,559.6798095703125,149.14306640625,182.45816040039062,309.8106994628906,68.72307586669922,492.76568603515625,187.70028686523438,23.230937957763672,143.77972412109375,113.9183349609375
2025-11-10,268.6985778808594,139.90542602539062,567.3827514648438,149.74917602539062,184.2576141357422,312.4532165527344,68.69385528564453,501.87078857421875,198.57427978515625,23.192901611328125,142.3319549560547,114.89017486572266
2025-11-11,274.5028076171875,140.564697265625,564.48046875,150.31680297851562,189.5581512451172,311.2009582519531,69.75562286376953,504.5289001464844,192.69833374023438,24.257930755615234,145.30575561523438,116.4062271118164
2025-11-12,272.7276611328125,139.96359252929688,569.5396118164062,147.50750732421875,190.10580444335938,315.92388916015625,69.6582260131836,506.9688415527344,193.33680725097656,24.600261688232422,144.78729248046875,114.79299926757812
2025-11-13,272.2090759277344,135.2806854248047,550.187744140625,149.68182373046875,190.94686889648438,305.1469421386719,69.22960662841797,499.1828918457031,186.41339111328125,24.524187088012695,144.73838806152344,115.44412231445312
2025-11-14,271.6705322265625,137.1325225830078,550.6649780273438,151.6444854736328,191.61187744140625,299.3591003417969,69.3172836303711,506.0166320800781,189.71546936035156,23.830015182495117,144.45469665527344,116.94403839111328
2025-11-17,266.7339782714844,134.20448303222656,548.6968994140625,148.9506378173828,195.18145751953125,296.1644592285156,68.8497085571289,503.34857177734375,186.15402221679688,23.849035263061523,142.64498901367188,115.36568450927734
2025-11-18,266.7139892578125,132.37203979492188,543.558349609375,149.44679260253906,195.59217834472656,295.2179260253906,69.37572479248047,489.7604064941406,180.926513671875,24.200876235961914,143.78952026367188,116.68914031982422
2025-11-19,267.83099365234375,134.427490234375,549.75048828125,147.57894897460938,198.04684448242188,299.02386474609375,69.26856994628906,483.14483642578125,186.07418823242188,23.658851623535156,143.78952026367188,115.04218292236328
2025-11-20,265.5272521972656,134.20448303222656,542.8129272460938,146.22669982910156,198.5945281982422,294.2023620605469,69.36597442626953,475.41387939453125,180.208251953125,23.202411651611328,144.96337890625,114.71867370605469
2025-11-21,270.75299072265625,138.32505798339844,547.0867309570312,145.90567016601562,199.40621948242188,293.84735107421875,71.06092834472656,469.1436462402344,178.45245361328125,23.81100082397461,147.63394165039062,114.7774887084961
2025-11-24,275.1710205078125,137.11312866210938,556.2010498046875,145.68190002441406,201.5088348388672,293.8276672363281,70.71024322509766,471.0118103027344,182.1136932373047,23.98216438293457,143.77972412109375,113.68932342529297
2025-11-25,276.2181701660156,139.06192016601562,563.1685180664062,144.49505615234375,203.39846801757812,298.75762939453125,70.72972869873047,473.9829406738281,177.39500427246094,24.457622528076172,145.25685119628906,112.25802612304688
2025-11-26,276.79656982421875,140.50653076171875,570.2452392578125,145.44842529296875,204.2743682861328,303.33270263671875,70.99274444580078,482.4393310546875,179.8291473388672,24.448110580444336,145.02207946777344,112.5129165649414
2025-11-28,278.0930480957031,141.9608612060547,572.262939453125,147.02444458007812,203.64450073242188,308.696533203125,71.22653198242188,488.9082946777344,176.57696533203125,24.476640701293945,144.9340362548828,113.64029693603516
2025-12-01,282.3315124511719,141.8929901123047,564.6096801757812,148.39610290527344,202.08950805664062,304.5948181152344,70.57909393310547,483.6714782714844,179.48997497558594,24.02971076965332,144.22972106933594,114.33634185791016
2025-12-02,285.4131164550781,142.27110290527344,578.93212890625,146.1683349609375,202.16824340820312,303.5693359375,69.323486328125,486.91094970703125,181.02630615234375,23.915597915649414,142.68411254882812,113.11092376708984
2025-12-03,283.3786315917969,146.90553283691406,587.8973388671875,147.471923828125,202.0796661376953,307.75982666015625,69.4608154296875,474.7182922363281,179.1607666015625,24.314985275268555,143.51560974121094,115.48333740234375
2025-12-04,279.9380187988281,146.77947998046875,595.5108642578125,148.12371826171875,199.27479553222656,311.67425537109375,69.10767364501953,477.8087158203125,182.95188903808594,24.43860626220703,142.19500732421875,114.83631134033203
2025-12-05,278.0232238769531,147.51634216308594,599.5064086914062,145.9251251220703,198.73348999023438,310.6291198730469,68.66624450683594,480.11407470703125,181.98416137695312,24.752408981323242,140.3265838623047,114.24811553955078
2025-12-08,277.13568115234375,146.7600860595703,592.876953125,144.67018127441406,198.4283905029297,310.79669189453125,68.91149139404297,487.9245300292969,185.1168212890625,24.505168914794922,135.32785034179688,113.69912719726562
2025-12-09,276.4275817871094,151.26849365234375,590.7498779296875,144.45614624023438,196.794677734375,296.30255126953125,68.75453186035156,488.9181823730469,184.53819274902344,24.08676528930664,136.5897674560547,115.92448425292969
2025-12-10,278.0232238769531,151.83082580566406,611.6124877929688,147.29681396484375,203.2705078125,305.76806640625,68.87224578857422,475.5430908203125,183.3509521484375,24.514680862426758,136.77561950683594,117.1891098022461
2025-12-11,277.2752685546875,149.41665649414062,621.81005859375,146.6255645751953,206.68557739257812,312.9363098144531,67.79320526123047,480.422119140625,180.50759887695312,24.533695220947266,137.6951446533203,117.1891098022461
2025-12-12,277.52459716796875,146.5758819580078,594.258544921875,145.91539001464844,208.23074340820312,314.0603332519531,69.17634582519531,475.51324462890625,174.61141967773438,24.58124351501465,139.72987365722656,116.48326873779297
2025-12-15,273.3658752441406,145.761474609375,586.1779174804688,145.73056030273438,210.77972412109375,315.53936767578125,69.61776733398438,471.82666015625,175.87843322753906,25.132776260375977,141.9700164794922,115.44412231445312
2025-12-16,273.8645324707031,147.4581756591797,585.3529663085938,142.76339721679688,205.98681640625,311.1319274902344,69.02920532226562,473.38677978515625,177.3050994873047,24.27695083618164,142.04827880859375,112.42469024658203
2025-12-17,271.1020812988281,148.52467346191406,558.4771728515625,145.4581756591797,207.00050354003906,310.5699462890625,69.323486328125,473.1184387207031,170.5409393310547,23.81100082397461,144.59164428710938,115.10100555419922
2025-12-18,271.45111083984375,149.04823303222656,562.3932495117188,143.67787170410156,205.01248168945312,308.6176452636719,69.0193862915039,480.92889404296875,173.73345947265625,23.81100082397461,142.3515167236328,114.24811553955078
2025-12-19,272.9271545410156,146.97340393066406,572.7201538085938,143.73623657226562,203.10321044921875,312.7686767578125,68.72510528564453,482.8566589355469,180.56747436523438,23.953638076782227,141.31460571289062,114.39515686035156
2025-12-22,270.23443603515625,151.08428955078125,578.8724975585938,145.73056030273438,204.0381622314453,318.56634521484375,68.87224578857422,481.8630065917969,183.26116943359375,23.972652435302734,139.58314514160156,115.82645416259766
2025-12-23,271.62066650390625,150.4346923828125,578.8824462890625,146.4212646484375,202.52255249023438,321.3666076660156,68.53873443603516,483.7807922363281,188.76829528808594,23.658851623535156,140.06246948242188,117.07147216796875
2025-12-24,273.06671142578125,150.8321990966797,580.21435546875,146.4115447998047,204.4908905029297,324.5612487792969,68.77415466308594,484.94342041015625,188.169677734375,23.801490783691406,141.3439483642578,116.87541198730469
2025-12-26,272.6578369140625,150.6770782470703,579.4589233398438,145.944580078125,204.34326171875,323.31890869140625,68.53873443603516,484.6353759765625,190.085205078125,23.858543395996094,141.58851623535156,116.76757049560547
2025-12-29,273.0168762207031,150.4055938720703,575.0956420898438,146.8882293701172,204.2743682861328,319.2171325683594,68.82320404052734,484.02923583984375,187.7805938720703,23.77296257019043,141.42221069335938,118.1596450805664
2025-12-30,272.33868408203125,150.06625366210938,573.8829956054688,148.17237854003906,203.6346435546875,318.8917541503906,68.73492431640625,484.4068298339844,187.10218811035156,23.763450622558594,140.9135284423828,118.610595703125
2025-12-31,271.12200927734375,149.4457550048828,569.3905029296875,148.2696533203125,203.6740264892578,317.70855712890625,68.57797241210938,480.5711669921875,186.06460571289062,23.67786979675293,140.18963623046875,117.97337341308594
